START TIME: Wed Apr  8 21:33:15 CEST 2026
TRAIN NODE: gpu06
VLLM NODE: gpu12
VLLM HOST: gpu12
MAIN IP: 192.168.131.143
Waiting for vLLM...
Starting GPU monitor (vLLM node)...
Starting vLLM server...
Still waiting...
Still waiting...
Still waiting...
Still waiting...
Still waiting...
Still waiting...
Still waiting...
Still waiting...
Still waiting...
Still waiting...
Still waiting...
Still waiting...
Still waiting...
Still waiting...
Still waiting...
Still waiting...
Still waiting...
Still waiting...
vLLM READY
Starting GPU monitor (TRAIN node)...
Starting GRPO training...
Loading EN dataset
Loading EN dataset
Loading tokenizer from /data/upftfg34/aayguade/models/IberianLLM-7B-Instruct
Loading tokenizer from /data/upftfg34/aayguade/models/IberianLLM-7B-Instruct
Building datasets...
Building datasets...
Loading model...
Loading model...
Train size: 14006
Eval size: 1557
Steps/epoch: 1750
Total steps: 5250
Train size: 14006
Eval size: 1557
Steps/epoch: 1750
Total steps: 5250
Starting training...
Starting training...
[REWARD] sari=0.474 | final=0.474
------------
Original : Armageddon (2008) was a professional wrestling pay-per-view (PPV) event produced by the World Wrestling Entertainment (WWE) promotion, which took place on December 14, 2008 at the HSBC Arena in Buffalo, New York.
Reference: Armageddon (2008) was a professional event that was seen on television (Pay-Per-View) and it was created by the WWE. The event happened at the HSBC Arena in Buffalo, New York on December 14, 2008.
Output   : The Armageddon (2008) professional wrestling event took place on December 14, 2008 at the HSBC Arena in Buffalo, NY, produced by the World Wrestling Entertainment (WWE) promotion. 
 

------------
[STEP     0] step=19.18s | avg=19.18s | 0.05 step/s | elapsed=0.3m | ETA=6717.0m
[STEP     0] step=19.20s | avg=19.20s | 0.05 step/s | elapsed=0.3m | ETA=6721.4m
[STEP     0] step=0.26s | avg=9.73s | 0.10 step/s | elapsed=0.3m | ETA=3406.2m
[STEP     0] step=0.29s | avg=9.74s | 0.10 step/s | elapsed=0.3m | ETA=3410.0m
[STEP     0] step=0.25s | avg=6.57s | 0.15 step/s | elapsed=0.3m | ETA=2299.7m
[STEP     0] step=0.27s | avg=6.58s | 0.15 step/s | elapsed=0.3m | ETA=2304.6m
[STEP     0] step=0.25s | avg=4.99s | 0.20 step/s | elapsed=0.4m | ETA=1746.3m
[STEP     0] step=0.27s | avg=5.00s | 0.20 step/s | elapsed=0.4m | ETA=1752.2m
[STEP     0] step=0.25s | avg=4.05s | 0.25 step/s | elapsed=0.4m | ETA=1418.9m
[STEP     0] step=0.33s | avg=4.05s | 0.25 step/s | elapsed=0.4m | ETA=1419.9m
[STEP     0] step=0.26s | avg=3.42s | 0.29 step/s | elapsed=0.4m | ETA=1197.5m
[STEP     0] step=0.28s | avg=3.43s | 0.29 step/s | elapsed=0.4m | ETA=1199.4m
[STEP     0] step=0.28s | avg=2.97s | 0.34 step/s | elapsed=0.4m | ETA=1040.4m
[STEP     0] step=0.26s | avg=2.97s | 0.34 step/s | elapsed=0.4m | ETA=1041.2m
[STEP     0] step=0.25s | avg=2.63s | 0.38 step/s | elapsed=0.4m | ETA=921.2m
[STEP     0] step=0.29s | avg=2.64s | 0.38 step/s | elapsed=0.4m | ETA=923.9m
[LOG 1] loss=-0.0689 lr=5.00e-06 
{'loss': -0.0689, 'grad_norm': 4.46875, 'learning_rate': 5e-06, 'num_tokens': 5939.0, 'completions/mean_length': 45.1875, 'completions/min_length': 32.0, 'completions/max_length': 60.0, 'completions/clipped_ratio': 1.0, 'completions/mean_terminated_length': 0.0, 'completions/min_terminated_length': 0.0, 'completions/max_terminated_length': 0.0, 'rewards/compute_reward/mean': 0.47492486238479614, 'rewards/compute_reward/std': 0.20931510627269745, 'reward': 0.47492486238479614, 'reward_std': 0.20931509137153625, 'frac_reward_zero_std': 0.0, 'sampling/sampling_logp_difference/mean': 0.027570005506277084, 'sampling/sampling_logp_difference/max': 1.1161537170410156, 'sampling/importance_sampling_ratio/min': 0.0, 'sampling/importance_sampling_ratio/mean': 0.9386286735534668, 'sampling/importance_sampling_ratio/max': 2.178222179412842, 'entropy': 0.3088285643607378, 'clip_ratio/low_mean': 0.0, 'clip_ratio/low_min': 0.0, 'clip_ratio/high_mean': 0.0, 'clip_ratio/high_max': 0.0, 'clip_ratio/region_mean': 0.0, 'step_time': 21.04770309702144, 'epoch': 0.0}
[LOG 1] loss=-0.0689 lr=5.00e-06 
[REWARD] sari=0.255 | final=0.255
------------
Original : The exact nature of the transforming principle (DNA) was verified in the experiments done by Avery, McLeod and McCarty and by Hershey and Chase.
Reference: Experiments were done by Avery, McLeod and McCarty and by Hershey and Chase. They verified the exact nature of the transforming principle (DNA).
Output   : The transforming principle (DNA) was verified in the experiments done by Avery, McLeod and McCarty, by Hershey and Chase. 
 

------------
[STEP     1] step=4.57s | avg=2.85s | 0.35 step/s | elapsed=0.5m | ETA=998.9m
[STEP     1] step=4.61s | avg=2.85s | 0.35 step/s | elapsed=0.5m | ETA=998.1m
[STEP     1] step=0.22s | avg=2.59s | 0.39 step/s | elapsed=0.5m | ETA=906.0m
[STEP     1] step=0.27s | avg=2.59s | 0.39 step/s | elapsed=0.5m | ETA=908.4m
[STEP     1] step=0.25s | avg=2.37s | 0.42 step/s | elapsed=0.5m | ETA=831.5m
[STEP     1] step=0.25s | avg=2.38s | 0.42 step/s | elapsed=0.5m | ETA=833.7m
[STEP     1] step=0.25s | avg=2.20s | 0.45 step/s | elapsed=0.5m | ETA=769.6m
[STEP     1] step=0.25s | avg=2.20s | 0.45 step/s | elapsed=0.5m | ETA=771.5m
[STEP     1] step=0.20s | avg=2.05s | 0.49 step/s | elapsed=0.5m | ETA=717.6m
[STEP     1] step=0.26s | avg=2.05s | 0.49 step/s | elapsed=0.5m | ETA=717.4m
[STEP     1] step=0.24s | avg=1.92s | 0.52 step/s | elapsed=0.5m | ETA=672.2m
[STEP     1] step=0.30s | avg=1.92s | 0.52 step/s | elapsed=0.5m | ETA=673.8m
[STEP     1] step=0.25s | avg=1.81s | 0.55 step/s | elapsed=0.5m | ETA=633.2m
[STEP     1] step=0.26s | avg=1.81s | 0.55 step/s | elapsed=0.5m | ETA=635.0m
[STEP     1] step=0.26s | avg=1.72s | 0.58 step/s | elapsed=0.5m | ETA=600.9m
[STEP     1] step=0.32s | avg=1.72s | 0.58 step/s | elapsed=0.5m | ETA=600.6m
[LOG 2] loss=-0.1483 lr=5.00e-06 
[LOG 2] loss=-0.1483 lr=5.00e-06 
{'loss': -0.1483, 'grad_norm': 8.875, 'learning_rate': 4.999762006759009e-06, 'num_tokens': 11190.0, 'completions/mean_length': 27.1875, 'completions/min_length': 16.0, 'completions/max_length': 38.0, 'completions/clipped_ratio': 1.0, 'completions/mean_terminated_length': 0.0, 'completions/min_terminated_length': 0.0, 'completions/max_terminated_length': 0.0, 'rewards/compute_reward/mean': 0.305229514837265, 'rewards/compute_reward/std': 0.1066625714302063, 'reward': 0.305229514837265, 'reward_std': 0.1066625714302063, 'frac_reward_zero_std': 0.0, 'sampling/sampling_logp_difference/mean': 0.034683696925640106, 'sampling/sampling_logp_difference/max': 0.6816883087158203, 'sampling/importance_sampling_ratio/min': 0.483853816986084, 'sampling/importance_sampling_ratio/mean': 0.9067050218582153, 'sampling/importance_sampling_ratio/max': 2.027599334716797, 'entropy': 0.4589039385318756, 'clip_ratio/low_mean': 0.0, 'clip_ratio/low_min': 0.0, 'clip_ratio/high_mean': 0.0, 'clip_ratio/high_max': 0.0, 'clip_ratio/region_mean': 0.0, 'step_time': 6.3963364209921565, 'epoch': 0.0}
[STEP     2] step=4.70s | avg=1.89s | 0.53 step/s | elapsed=0.6m | ETA=661.9m
[STEP     2] step=4.72s | avg=1.89s | 0.53 step/s | elapsed=0.6m | ETA=662.6m
[STEP     2] step=0.26s | avg=1.80s | 0.56 step/s | elapsed=0.6m | ETA=630.1m
[STEP     2] step=0.27s | avg=1.80s | 0.55 step/s | elapsed=0.6m | ETA=631.2m
[STEP     2] step=0.26s | avg=1.72s | 0.58 step/s | elapsed=0.6m | ETA=601.8m
[STEP     2] step=0.25s | avg=1.72s | 0.58 step/s | elapsed=0.6m | ETA=602.5m
[STEP     2] step=0.26s | avg=1.65s | 0.61 step/s | elapsed=0.6m | ETA=576.3m
[STEP     2] step=0.27s | avg=1.65s | 0.61 step/s | elapsed=0.6m | ETA=577.2m
[STEP     2] step=0.26s | avg=0.70s | 1.43 step/s | elapsed=0.6m | ETA=244.9m
[STEP     2] step=0.27s | avg=0.70s | 1.42 step/s | elapsed=0.6m | ETA=245.8m
[STEP     2] step=0.28s | avg=0.70s | 1.43 step/s | elapsed=0.6m | ETA=244.6m
[STEP     2] step=0.26s | avg=0.70s | 1.42 step/s | elapsed=0.6m | ETA=245.9m
[STEP     2] step=0.26s | avg=0.70s | 1.43 step/s | elapsed=0.6m | ETA=244.5m
[STEP     2] step=0.25s | avg=0.70s | 1.42 step/s | elapsed=0.6m | ETA=246.0m
[STEP     2] step=0.30s | avg=0.70s | 1.43 step/s | elapsed=0.6m | ETA=245.0m
[STEP     2] step=0.32s | avg=0.71s | 1.42 step/s | elapsed=0.6m | ETA=247.2m
[LOG 3] loss=0.1939 lr=5.00e-06 
[LOG 3] loss=0.1939 lr=5.00e-06 
{'loss': 0.1939, 'grad_norm': 9.3125, 'learning_rate': 4.9995240135180165e-06, 'num_tokens': 16799.0, 'completions/mean_length': 32.5625, 'completions/min_length': 16.0, 'completions/max_length': 52.0, 'completions/clipped_ratio': 1.0, 'completions/mean_terminated_length': 0.0, 'completions/min_terminated_length': 0.0, 'completions/max_terminated_length': 0.0, 'rewards/compute_reward/mean': 0.39447736740112305, 'rewards/compute_reward/std': 0.13349425792694092, 'reward': 0.39447736740112305, 'reward_std': 0.13349425792694092, 'frac_reward_zero_std': 0.0, 'sampling/sampling_logp_difference/mean': 0.03170289471745491, 'sampling/sampling_logp_difference/max': 0.7614574432373047, 'sampling/importance_sampling_ratio/min': 0.5549904704093933, 'sampling/importance_sampling_ratio/mean': 0.9503009915351868, 'sampling/importance_sampling_ratio/max': 2.249709367752075, 'entropy': 0.4089597873389721, 'clip_ratio/low_mean': 0.0, 'clip_ratio/low_min': 0.0, 'clip_ratio/high_mean': 0.0, 'clip_ratio/high_max': 0.0, 'clip_ratio/region_mean': 0.0, 'step_time': 6.569516155010206, 'epoch': 0.0}
[STEP     3] step=4.40s | avg=0.91s | 1.10 step/s | elapsed=0.7m | ETA=317.7m
[STEP     3] step=4.43s | avg=0.91s | 1.10 step/s | elapsed=0.7m | ETA=319.1m
[STEP     3] step=0.23s | avg=0.91s | 1.10 step/s | elapsed=0.7m | ETA=318.3m
[STEP     3] step=0.29s | avg=0.91s | 1.10 step/s | elapsed=0.7m | ETA=318.2m
[STEP     3] step=0.22s | avg=0.91s | 1.10 step/s | elapsed=0.7m | ETA=317.2m
[STEP     3] step=0.28s | avg=0.91s | 1.10 step/s | elapsed=0.7m | ETA=318.7m
[STEP     3] step=0.28s | avg=0.91s | 1.10 step/s | elapsed=0.7m | ETA=317.7m
[STEP     3] step=0.27s | avg=0.91s | 1.10 step/s | elapsed=0.7m | ETA=318.3m
[STEP     3] step=0.25s | avg=0.69s | 1.45 step/s | elapsed=0.7m | ETA=241.5m
[STEP     3] step=0.24s | avg=0.69s | 1.44 step/s | elapsed=0.7m | ETA=242.6m
[STEP     3] step=0.25s | avg=0.69s | 1.45 step/s | elapsed=0.7m | ETA=242.0m
[STEP     3] step=0.26s | avg=0.69s | 1.44 step/s | elapsed=0.7m | ETA=242.4m
[STEP     3] step=0.26s | avg=0.69s | 1.45 step/s | elapsed=0.7m | ETA=242.1m
[STEP     3] step=0.25s | avg=0.69s | 1.44 step/s | elapsed=0.7m | ETA=242.4m
[STEP     3] step=0.30s | avg=0.69s | 1.44 step/s | elapsed=0.7m | ETA=243.0m
[STEP     3] step=0.31s | avg=0.70s | 1.44 step/s | elapsed=0.7m | ETA=243.3m
[LOG 4] loss=-0.0005 lr=5.00e-06 
[LOG 4] loss=-0.0005 lr=5.00e-06 
{'loss': -0.0005, 'grad_norm': 7.78125, 'learning_rate': 4.999286020277024e-06, 'num_tokens': 21691.0, 'completions/mean_length': 17.25, 'completions/min_length': 15.0, 'completions/max_length': 20.0, 'completions/clipped_ratio': 1.0, 'completions/mean_terminated_length': 0.0, 'completions/min_terminated_length': 0.0, 'completions/max_terminated_length': 0.0, 'rewards/compute_reward/mean': 0.575082540512085, 'rewards/compute_reward/std': 0.29264095425605774, 'reward': 0.575082540512085, 'reward_std': 0.29264095425605774, 'frac_reward_zero_std': 0.0, 'sampling/sampling_logp_difference/mean': 0.017035366967320442, 'sampling/sampling_logp_difference/max': 0.46883392333984375, 'sampling/importance_sampling_ratio/min': 0.7137184143066406, 'sampling/importance_sampling_ratio/mean': 0.9250725507736206, 'sampling/importance_sampling_ratio/max': 1.240293264389038, 'entropy': 0.2864938583225012, 'clip_ratio/low_mean': 0.0, 'clip_ratio/low_min': 0.0, 'clip_ratio/high_mean': 0.0, 'clip_ratio/high_max': 0.0, 'clip_ratio/region_mean': 0.0, 'step_time': 6.243095808007638, 'epoch': 0.0}
[STEP     4] step=4.54s | avg=0.91s | 1.10 step/s | elapsed=0.8m | ETA=317.8m
[STEP     4] step=4.57s | avg=0.91s | 1.09 step/s | elapsed=0.8m | ETA=319.9m
[STEP     4] step=0.25s | avg=0.91s | 1.10 step/s | elapsed=0.8m | ETA=318.0m
[STEP     4] step=0.25s | avg=0.91s | 1.10 step/s | elapsed=0.8m | ETA=319.0m
[STEP     4] step=0.26s | avg=0.91s | 1.10 step/s | elapsed=0.8m | ETA=318.0m
[STEP     4] step=0.26s | avg=0.91s | 1.10 step/s | elapsed=0.8m | ETA=319.0m
[STEP     4] step=0.79s | avg=0.93s | 1.07 step/s | elapsed=0.8m | ETA=326.4m
[STEP     4] step=0.81s | avg=0.94s | 1.07 step/s | elapsed=0.8m | ETA=328.6m
[STEP     4] step=0.26s | avg=0.72s | 1.40 step/s | elapsed=0.8m | ETA=250.5m
[STEP     4] step=0.32s | avg=0.71s | 1.40 step/s | elapsed=0.8m | ETA=249.7m
[STEP     4] step=0.24s | avg=0.71s | 1.40 step/s | elapsed=0.8m | ETA=249.5m
[STEP     4] step=0.28s | avg=0.72s | 1.40 step/s | elapsed=0.8m | ETA=250.7m
[STEP     4] step=0.24s | avg=0.72s | 1.40 step/s | elapsed=0.8m | ETA=250.6m
[STEP     4] step=0.28s | avg=0.71s | 1.40 step/s | elapsed=0.9m | ETA=249.9m
[STEP     4] step=0.28s | avg=0.72s | 1.40 step/s | elapsed=0.9m | ETA=250.7m
[STEP     4] step=0.28s | avg=0.71s | 1.40 step/s | elapsed=0.9m | ETA=250.2m
[LOG 5] loss=-0.0509 lr=5.00e-06 
{'loss': -0.0509, 'grad_norm': 4.28125, 'learning_rate': 4.9990480270360325e-06, 'num_tokens': 27033.0, 'completions/mean_length': 29.875, 'completions/min_length': 25.0, 'completions/max_length': 34.0, 'completions/clipped_ratio': 1.0, 'completions/mean_terminated_length': 0.0, 'completions/min_terminated_length': 0.0, 'completions/max_terminated_length': 0.0, 'rewards/compute_reward/mean': 0.41047197580337524, 'rewards/compute_reward/std': 0.10754472017288208, 'reward': 0.41047197580337524, 'reward_std': 0.10754472762346268, 'frac_reward_zero_std': 0.0, 'sampling/sampling_logp_difference/mean': 0.020303213968873024, 'sampling/sampling_logp_difference/max': 0.5664272308349609, 'sampling/importance_sampling_ratio/min': 0.6999590396881104, 'sampling/importance_sampling_ratio/mean': 0.9499384760856628, 'sampling/importance_sampling_ratio/max': 1.4734371900558472, 'entropy': 0.2222537361085415, 'clip_ratio/low_mean': 0.0, 'clip_ratio/low_min': 0.0, 'clip_ratio/high_mean': 0.0, 'clip_ratio/high_max': 0.0, 'clip_ratio/region_mean': 0.0, 'step_time': 6.953491532010958, 'epoch': 0.0}
[LOG 5] loss=-0.0509 lr=5.00e-06 
[STEP     5] step=4.92s | avg=0.95s | 1.06 step/s | elapsed=0.9m | ETA=331.7m
[STEP     5] step=4.92s | avg=0.95s | 1.05 step/s | elapsed=0.9m | ETA=332.2m
[STEP     5] step=0.29s | avg=0.95s | 1.05 step/s | elapsed=1.0m | ETA=331.9m
[STEP     5] step=0.29s | avg=0.95s | 1.05 step/s | elapsed=1.0m | ETA=332.7m
[STEP     5] step=0.27s | avg=0.95s | 1.05 step/s | elapsed=1.0m | ETA=332.1m
[STEP     5] step=0.27s | avg=0.95s | 1.05 step/s | elapsed=1.0m | ETA=333.0m
[STEP     5] step=0.24s | avg=0.95s | 1.06 step/s | elapsed=1.0m | ETA=331.0m
[STEP     5] step=0.26s | avg=0.95s | 1.05 step/s | elapsed=1.0m | ETA=331.9m
[STEP     5] step=0.26s | avg=0.74s | 1.35 step/s | elapsed=1.0m | ETA=258.6m
[STEP     5] step=0.25s | avg=0.74s | 1.35 step/s | elapsed=1.0m | ETA=258.7m
[STEP     5] step=0.24s | avg=0.74s | 1.35 step/s | elapsed=1.0m | ETA=258.7m
[STEP     5] step=0.29s | avg=0.74s | 1.35 step/s | elapsed=1.0m | ETA=258.6m
[STEP     5] step=0.26s | avg=0.74s | 1.36 step/s | elapsed=1.0m | ETA=258.3m
[STEP     5] step=0.27s | avg=0.74s | 1.35 step/s | elapsed=1.0m | ETA=259.5m
[STEP     5] step=0.30s | avg=0.74s | 1.35 step/s | elapsed=1.0m | ETA=258.7m
[STEP     5] step=0.27s | avg=0.74s | 1.35 step/s | elapsed=1.0m | ETA=259.3m
[LOG 6] loss=0.1726 lr=5.00e-06 
[LOG 6] loss=0.1726 lr=5.00e-06 
{'loss': 0.1726, 'grad_norm': 12.0, 'learning_rate': 4.998810033795041e-06, 'num_tokens': 32118.0, 'completions/mean_length': 21.3125, 'completions/min_length': 15.0, 'completions/max_length': 26.0, 'completions/clipped_ratio': 1.0, 'completions/mean_terminated_length': 0.0, 'completions/min_terminated_length': 0.0, 'completions/max_terminated_length': 0.0, 'rewards/compute_reward/mean': 0.4483500123023987, 'rewards/compute_reward/std': 0.1505480855703354, 'reward': 0.4483500123023987, 'reward_std': 0.1505480855703354, 'frac_reward_zero_std': 0.0, 'sampling/sampling_logp_difference/mean': 0.03747904300689697, 'sampling/sampling_logp_difference/max': 0.7436447143554688, 'sampling/importance_sampling_ratio/min': 0.6151154041290283, 'sampling/importance_sampling_ratio/mean': 0.9154670834541321, 'sampling/importance_sampling_ratio/max': 1.3665276765823364, 'entropy': 0.4604266993701458, 'clip_ratio/low_mean': 0.0, 'clip_ratio/low_min': 0.0, 'clip_ratio/high_mean': 0.0, 'clip_ratio/high_max': 0.0, 'clip_ratio/region_mean': 0.0, 'step_time': 6.801292809992447, 'epoch': 0.0}
[STEP     6] step=4.42s | avg=0.95s | 1.05 step/s | elapsed=1.1m | ETA=332.1m
[STEP     6] step=4.49s | avg=0.95s | 1.05 step/s | elapsed=1.1m | ETA=333.0m
[STEP     6] step=0.29s | avg=0.95s | 1.05 step/s | elapsed=1.1m | ETA=332.8m
[STEP     6] step=0.27s | avg=0.95s | 1.05 step/s | elapsed=1.1m | ETA=333.1m
[STEP     6] step=0.20s | avg=0.95s | 1.05 step/s | elapsed=1.1m | ETA=332.3m
[STEP     6] step=0.29s | avg=0.95s | 1.05 step/s | elapsed=1.1m | ETA=333.4m
[STEP     6] step=0.24s | avg=0.95s | 1.05 step/s | elapsed=1.1m | ETA=332.2m
[STEP     6] step=0.33s | avg=0.95s | 1.05 step/s | elapsed=1.1m | ETA=332.7m
[STEP     6] step=0.26s | avg=0.74s | 1.36 step/s | elapsed=1.1m | ETA=257.4m
[STEP     6] step=0.25s | avg=0.73s | 1.36 step/s | elapsed=1.1m | ETA=257.0m
[STEP     6] step=0.21s | avg=0.73s | 1.37 step/s | elapsed=1.1m | ETA=256.4m
[STEP     6] step=0.27s | avg=0.74s | 1.36 step/s | elapsed=1.1m | ETA=257.8m
[STEP     6] step=0.26s | avg=0.73s | 1.37 step/s | elapsed=1.1m | ETA=256.4m
[STEP     6] step=0.28s | avg=0.74s | 1.36 step/s | elapsed=1.1m | ETA=258.3m
[STEP     6] step=0.29s | avg=0.71s | 1.41 step/s | elapsed=1.1m | ETA=247.5m
[STEP     6] step=0.30s | avg=0.71s | 1.40 step/s | elapsed=1.1m | ETA=249.6m
[LOG 7] loss=0.2294 lr=5.00e-06 
{'loss': 0.2294, 'grad_norm': 10.3125, 'learning_rate': 4.998572040554049e-06, 'num_tokens': 37331.0, 'completions/mean_length': 27.3125, 'completions/min_length': 18.0, 'completions/max_length': 33.0, 'completions/clipped_ratio': 1.0, 'completions/mean_terminated_length': 0.0, 'completions/min_terminated_length': 0.0, 'completions/max_terminated_length': 0.0, 'rewards/compute_reward/mean': 0.4600030183792114, 'rewards/compute_reward/std': 0.1224178895354271, 'reward': 0.4600030183792114, 'reward_std': 0.1224178746342659, 'frac_reward_zero_std': 0.0, 'sampling/sampling_logp_difference/mean': 0.023415952920913696, 'sampling/sampling_logp_difference/max': 0.8549327850341797, 'sampling/importance_sampling_ratio/min': 0.7043377757072449, 'sampling/importance_sampling_ratio/mean': 1.0512433052062988, 'sampling/importance_sampling_ratio/max': 2.3932437896728516, 'entropy': 0.27780767902731895, 'clip_ratio/low_mean': 0.0, 'clip_ratio/low_min': 0.0, 'clip_ratio/high_mean': 0.0, 'clip_ratio/high_max': 0.0, 'clip_ratio/region_mean': 0.0, 'step_time': 6.337333569012117, 'epoch': 0.0}
[LOG 7] loss=0.2294 lr=5.00e-06 
[STEP     7] step=4.42s | avg=0.92s | 1.09 step/s | elapsed=1.2m | ETA=320.4m
[STEP     7] step=4.47s | avg=0.92s | 1.09 step/s | elapsed=1.2m | ETA=322.3m
[STEP     7] step=0.23s | avg=0.92s | 1.09 step/s | elapsed=1.2m | ETA=322.2m
[STEP     7] step=0.30s | avg=0.92s | 1.09 step/s | elapsed=1.2m | ETA=320.7m
[STEP     7] step=0.26s | avg=0.92s | 1.09 step/s | elapsed=1.2m | ETA=321.7m
[STEP     7] step=0.25s | avg=0.92s | 1.09 step/s | elapsed=1.2m | ETA=320.8m
[STEP     7] step=0.26s | avg=0.92s | 1.09 step/s | elapsed=1.2m | ETA=321.4m
[STEP     7] step=0.26s | avg=0.92s | 1.09 step/s | elapsed=1.2m | ETA=320.4m
[STEP     7] step=0.27s | avg=0.69s | 1.46 step/s | elapsed=1.2m | ETA=240.0m
[STEP     7] step=0.28s | avg=0.68s | 1.46 step/s | elapsed=1.2m | ETA=239.1m
[STEP     7] step=0.28s | avg=0.69s | 1.46 step/s | elapsed=1.2m | ETA=239.9m
[STEP     7] step=0.28s | avg=0.68s | 1.46 step/s | elapsed=1.2m | ETA=239.0m
[STEP     7] step=0.26s | avg=0.68s | 1.47 step/s | elapsed=1.2m | ETA=238.9m
[STEP     7] step=0.31s | avg=0.69s | 1.45 step/s | elapsed=1.2m | ETA=240.6m
[STEP     7] step=0.27s | avg=0.69s | 1.45 step/s | elapsed=1.2m | ETA=241.2m
[STEP     7] step=0.31s | avg=0.69s | 1.46 step/s | elapsed=1.2m | ETA=239.9m
[LOG 8] loss=0.0327 lr=5.00e-06 
{'loss': 0.0327, 'grad_norm': 6.875, 'learning_rate': 4.998334047313056e-06, 'num_tokens': 42509.0, 'completions/mean_length': 25.625, 'completions/min_length': 18.0, 'completions/max_length': 30.0, 'completions/clipped_ratio': 1.0, 'completions/mean_terminated_length': 0.0, 'completions/min_terminated_length': 0.0, 'completions/max_terminated_length': 0.0, 'rewards/compute_reward/mean': 0.4125402569770813, 'rewards/compute_reward/std': 0.1881990134716034, 'reward': 0.4125402569770813, 'reward_std': 0.1881990134716034, 'frac_reward_zero_std': 0.0, 'sampling/sampling_logp_difference/mean': 0.017661474645137787, 'sampling/sampling_logp_difference/max': 0.4955310821533203, 'sampling/importance_sampling_ratio/min': 0.5785180926322937, 'sampling/importance_sampling_ratio/mean': 0.8234743475914001, 'sampling/importance_sampling_ratio/max': 1.3528703451156616, 'entropy': 0.2567348834127188, 'clip_ratio/low_mean': 0.0, 'clip_ratio/low_min': 0.0, 'clip_ratio/high_mean': 0.0, 'clip_ratio/high_max': 0.0, 'clip_ratio/region_mean': 0.0, 'step_time': 6.353791079003713, 'epoch': 0.0}
[LOG 8] loss=0.0327 lr=5.00e-06 
[REWARD] sari=0.419 | final=0.419
------------
Original : Like most brooms, it has apparently leafless stems that in spring and summer are covered in profuse golden-yellow flowers.
Reference: Like most brooms, it has stems that look leafless. However, in spring and summer, these stems are covered in golden-yellow flowers.
Output   : Like most brooms, it has apparently leafless stems that in spring and summer are covered in profuse golden-yellow flowers. 
 

------------
[STEP     8] step=4.49s | avg=0.90s | 1.11 step/s | elapsed=1.3m | ETA=314.1m
[STEP     8] step=4.52s | avg=0.90s | 1.11 step/s | elapsed=1.3m | ETA=315.6m
[STEP     8] step=0.22s | avg=0.90s | 1.11 step/s | elapsed=1.3m | ETA=314.4m
[STEP     8] step=0.27s | avg=0.90s | 1.11 step/s | elapsed=1.3m | ETA=314.7m
[STEP     8] step=0.22s | avg=0.90s | 1.11 step/s | elapsed=1.3m | ETA=314.1m
[STEP     8] step=0.28s | avg=0.90s | 1.11 step/s | elapsed=1.3m | ETA=314.7m
[STEP     8] step=0.29s | avg=0.90s | 1.12 step/s | elapsed=1.3m | ETA=313.9m
[STEP     8] step=0.28s | avg=0.90s | 1.11 step/s | elapsed=1.3m | ETA=314.8m
[STEP     8] step=0.26s | avg=0.69s | 1.46 step/s | elapsed=1.3m | ETA=239.8m
[STEP     8] step=0.28s | avg=0.69s | 1.44 step/s | elapsed=1.3m | ETA=242.3m
[STEP     8] step=0.22s | avg=0.69s | 1.45 step/s | elapsed=1.3m | ETA=241.1m
[STEP     8] step=0.28s | avg=0.69s | 1.46 step/s | elapsed=1.3m | ETA=240.1m
[STEP     8] step=0.24s | avg=0.69s | 1.45 step/s | elapsed=1.3m | ETA=240.8m
[STEP     8] step=0.31s | avg=0.69s | 1.45 step/s | elapsed=1.3m | ETA=241.4m
[STEP     8] step=0.26s | avg=0.69s | 1.45 step/s | elapsed=1.3m | ETA=241.8m
[STEP     8] step=0.32s | avg=0.69s | 1.45 step/s | elapsed=1.3m | ETA=240.8m
[LOG 9] loss=-0.0610 lr=5.00e-06 
{'loss': -0.061, 'grad_norm': 4.4375, 'learning_rate': 4.998096054072065e-06, 'num_tokens': 47886.0, 'completions/mean_length': 32.0625, 'completions/min_length': 27.0, 'completions/max_length': 34.0, 'completions/clipped_ratio': 1.0, 'completions/mean_terminated_length': 0.0, 'completions/min_terminated_length': 0.0, 'completions/max_terminated_length': 0.0, 'rewards/compute_reward/mean': 0.47602784633636475, 'rewards/compute_reward/std': 0.15343356132507324, 'reward': 0.47602784633636475, 'reward_std': 0.15343357622623444, 'frac_reward_zero_std': 0.0, 'sampling/sampling_logp_difference/mean': 0.015384577214717865, 'sampling/sampling_logp_difference/max': 0.3166999816894531, 'sampling/importance_sampling_ratio/min': 0.6763103604316711, 'sampling/importance_sampling_ratio/mean': 0.8156442642211914, 'sampling/importance_sampling_ratio/max': 1.4635339975357056, 'entropy': 0.19836146384477615, 'clip_ratio/low_mean': 0.0, 'clip_ratio/low_min': 0.0, 'clip_ratio/high_mean': 0.0, 'clip_ratio/high_max': 0.0, 'clip_ratio/region_mean': 0.0, 'step_time': 6.354479535992141, 'epoch': 0.0}
[LOG 9] loss=-0.0610 lr=5.00e-06 
[STEP     9] step=4.66s | avg=0.91s | 1.10 step/s | elapsed=1.4m | ETA=318.9m
[STEP     9] step=4.67s | avg=0.91s | 1.10 step/s | elapsed=1.4m | ETA=318.1m
[STEP     9] step=0.22s | avg=0.91s | 1.10 step/s | elapsed=1.4m | ETA=318.3m
[STEP     9] step=0.28s | avg=0.91s | 1.10 step/s | elapsed=1.4m | ETA=319.0m
[STEP     9] step=0.27s | avg=0.91s | 1.10 step/s | elapsed=1.4m | ETA=318.3m
[STEP     9] step=0.27s | avg=0.91s | 1.10 step/s | elapsed=1.4m | ETA=318.7m
[STEP     9] step=0.82s | avg=0.94s | 1.07 step/s | elapsed=1.4m | ETA=327.5m
[STEP     9] step=0.81s | avg=0.94s | 1.07 step/s | elapsed=1.4m | ETA=327.8m
[STEP     9] step=0.27s | avg=0.73s | 1.37 step/s | elapsed=1.4m | ETA=254.8m
[STEP     9] step=0.27s | avg=0.73s | 1.38 step/s | elapsed=1.4m | ETA=254.3m
[STEP     9] step=0.23s | avg=0.73s | 1.38 step/s | elapsed=1.5m | ETA=254.1m
[STEP     9] step=0.31s | avg=0.73s | 1.37 step/s | elapsed=1.5m | ETA=255.0m
[STEP     9] step=0.28s | avg=0.73s | 1.38 step/s | elapsed=1.5m | ETA=254.5m
[STEP     9] step=0.25s | avg=0.73s | 1.37 step/s | elapsed=1.5m | ETA=255.0m
[STEP     9] step=0.27s | avg=0.73s | 1.37 step/s | elapsed=1.5m | ETA=255.2m
[STEP     9] step=0.31s | avg=0.73s | 1.37 step/s | elapsed=1.5m | ETA=255.3m
[LOG 10] loss=-0.0048 lr=5.00e-06 
{'loss': -0.0048, 'grad_norm': 6.625, 'learning_rate': 4.997858060831073e-06, 'num_tokens': 53214.0, 'completions/mean_length': 29.0, 'completions/min_length': 19.0, 'completions/max_length': 43.0, 'completions/clipped_ratio': 1.0, 'completions/mean_terminated_length': 0.0, 'completions/min_terminated_length': 0.0, 'completions/max_terminated_length': 0.0, 'rewards/compute_reward/mean': 0.4992403984069824, 'rewards/compute_reward/std': 0.136480912566185, 'reward': 0.4992403984069824, 'reward_std': 0.1364809274673462, 'frac_reward_zero_std': 0.0, 'sampling/sampling_logp_difference/mean': 0.021184518933296204, 'sampling/sampling_logp_difference/max': 0.5743274688720703, 'sampling/importance_sampling_ratio/min': 0.6712191104888916, 'sampling/importance_sampling_ratio/mean': 1.027948021888733, 'sampling/importance_sampling_ratio/max': 1.5756324529647827, 'entropy': 0.2704654671251774, 'clip_ratio/low_mean': 0.0, 'clip_ratio/low_min': 0.0, 'clip_ratio/high_mean': 0.0, 'clip_ratio/high_max': 0.0, 'clip_ratio/region_mean': 0.0, 'step_time': 7.105950167984702, 'epoch': 0.0}
[LOG 10] loss=-0.0048 lr=5.00e-06 
[STEP    10] step=4.23s | avg=0.93s | 1.08 step/s | elapsed=1.5m | ETA=324.3m
[STEP    10] step=4.26s | avg=0.93s | 1.08 step/s | elapsed=1.5m | ETA=325.2m
[STEP    10] step=0.25s | avg=0.93s | 1.08 step/s | elapsed=1.5m | ETA=324.7m
[STEP    10] step=0.30s | avg=0.93s | 1.08 step/s | elapsed=1.5m | ETA=324.7m
[STEP    10] step=0.78s | avg=0.95s | 1.05 step/s | elapsed=1.6m | ETA=332.9m
[STEP    10] step=0.77s | avg=0.95s | 1.05 step/s | elapsed=1.6m | ETA=333.6m
[STEP    10] step=0.26s | avg=0.95s | 1.05 step/s | elapsed=1.6m | ETA=332.8m
[STEP    10] step=0.25s | avg=0.95s | 1.05 step/s | elapsed=1.6m | ETA=332.6m
[STEP    10] step=0.24s | avg=0.74s | 1.36 step/s | elapsed=1.6m | ETA=257.9m
[STEP    10] step=0.25s | avg=0.74s | 1.35 step/s | elapsed=1.6m | ETA=258.3m
[STEP    10] step=0.24s | avg=0.74s | 1.36 step/s | elapsed=1.6m | ETA=257.7m
[STEP    10] step=0.28s | avg=0.74s | 1.35 step/s | elapsed=1.6m | ETA=258.9m
[STEP    10] step=0.27s | avg=0.74s | 1.35 step/s | elapsed=1.6m | ETA=258.6m
[STEP    10] step=0.27s | avg=0.74s | 1.35 step/s | elapsed=1.6m | ETA=258.8m
[STEP    10] step=0.29s | avg=0.74s | 1.35 step/s | elapsed=1.6m | ETA=258.6m
[STEP    10] step=0.29s | avg=0.74s | 1.35 step/s | elapsed=1.6m | ETA=258.9m
[LOG 11] loss=0.0365 lr=5.00e-06 
[LOG 11] loss=0.0365 lr=5.00e-06 
{'loss': 0.0365, 'grad_norm': 8.875, 'learning_rate': 4.997620067590081e-06, 'num_tokens': 58143.0, 'completions/mean_length': 18.0625, 'completions/min_length': 14.0, 'completions/max_length': 20.0, 'completions/clipped_ratio': 1.0, 'completions/mean_terminated_length': 0.0, 'completions/min_terminated_length': 0.0, 'completions/max_terminated_length': 0.0, 'rewards/compute_reward/mean': 0.5191982388496399, 'rewards/compute_reward/std': 0.17934668064117432, 'reward': 0.5191982388496399, 'reward_std': 0.17934666574001312, 'frac_reward_zero_std': 0.5, 'sampling/sampling_logp_difference/mean': 0.008825842291116714, 'sampling/sampling_logp_difference/max': 0.3407166004180908, 'sampling/importance_sampling_ratio/min': 0.854090690612793, 'sampling/importance_sampling_ratio/mean': 0.9297400712966919, 'sampling/importance_sampling_ratio/max': 1.3383049964904785, 'entropy': 0.1421750783920288, 'clip_ratio/low_mean': 0.0, 'clip_ratio/low_min': 0.0, 'clip_ratio/high_mean': 0.0, 'clip_ratio/high_max': 0.0, 'clip_ratio/region_mean': 0.0, 'step_time': 6.63105847100087, 'epoch': 0.0}
[REWARD] sari=0.381 | final=0.381
------------
Original : In 326 BCE, most of the dozen-odd political units of the former Gandhara / Kamboja Mahajanapadas were conquered by the Macedonian conqueror.
Reference: In 326 BCE, most of about a dozen political units of the former Gandhara / Kamboja Mahajanapadas were conquered by the Macedonian.
Output   : Explanation: The sentence provided is long and complex. To simplify, we can remove unnecessary words and rephrase the sentence for easier understanding.


------------
[STEP    11] step=4.76s | avg=0.96s | 1.04 step/s | elapsed=1.7m | ETA=337.3m
[STEP    11] step=4.82s | avg=0.97s | 1.03 step/s | elapsed=1.7m | ETA=338.5m
[STEP    11] step=0.28s | avg=0.97s | 1.03 step/s | elapsed=1.7m | ETA=338.5m
[STEP    11] step=0.25s | avg=0.97s | 1.04 step/s | elapsed=1.7m | ETA=337.9m
[STEP    11] step=0.28s | avg=0.97s | 1.04 step/s | elapsed=1.7m | ETA=337.9m
[STEP    11] step=0.29s | avg=0.97s | 1.03 step/s | elapsed=1.7m | ETA=338.7m
[STEP    11] step=0.28s | avg=0.97s | 1.03 step/s | elapsed=1.7m | ETA=338.3m
[STEP    11] step=0.28s | avg=0.97s | 1.04 step/s | elapsed=1.7m | ETA=337.8m
[STEP    11] step=0.23s | avg=0.74s | 1.35 step/s | elapsed=1.7m | ETA=260.0m
[STEP    11] step=0.27s | avg=0.75s | 1.34 step/s | elapsed=1.7m | ETA=261.3m
[STEP    11] step=0.23s | avg=0.74s | 1.34 step/s | elapsed=1.7m | ETA=260.4m
[STEP    11] step=0.27s | avg=0.75s | 1.34 step/s | elapsed=1.7m | ETA=260.9m
[STEP    11] step=0.24s | avg=0.74s | 1.35 step/s | elapsed=1.7m | ETA=260.0m
[STEP    11] step=0.24s | avg=0.74s | 1.34 step/s | elapsed=1.7m | ETA=260.4m
[STEP    11] step=0.25s | avg=0.72s | 1.40 step/s | elapsed=1.7m | ETA=250.5m
[STEP    11] step=0.29s | avg=0.72s | 1.40 step/s | elapsed=1.7m | ETA=250.8m
[LOG 12] loss=0.0113 lr=5.00e-06 
[LOG 12] loss=0.0113 lr=5.00e-06 
{'loss': 0.0113, 'grad_norm': 4.96875, 'learning_rate': 4.997382074349088e-06, 'num_tokens': 63910.0, 'completions/mean_length': 43.9375, 'completions/min_length': 31.0, 'completions/max_length': 49.0, 'completions/clipped_ratio': 1.0, 'completions/mean_terminated_length': 0.0, 'completions/min_terminated_length': 0.0, 'completions/max_terminated_length': 0.0, 'rewards/compute_reward/mean': 0.45351269841194153, 'rewards/compute_reward/std': 0.17211943864822388, 'reward': 0.45351269841194153, 'reward_std': 0.17211943864822388, 'frac_reward_zero_std': 0.0, 'sampling/sampling_logp_difference/mean': 0.017281275242567062, 'sampling/sampling_logp_difference/max': 0.8045587539672852, 'sampling/importance_sampling_ratio/min': 0.40349507331848145, 'sampling/importance_sampling_ratio/mean': 0.9346503615379333, 'sampling/importance_sampling_ratio/max': 2.347291946411133, 'entropy': 0.23313931748270988, 'clip_ratio/low_mean': 0.0, 'clip_ratio/low_min': 0.0, 'clip_ratio/high_mean': 0.0, 'clip_ratio/high_max': 0.0, 'clip_ratio/region_mean': 0.0, 'step_time': 6.620639547996689, 'epoch': 0.0}
[STEP    12] step=5.34s | avg=0.97s | 1.03 step/s | elapsed=1.8m | ETA=339.5m
[STEP    12] step=5.41s | avg=0.97s | 1.03 step/s | elapsed=1.8m | ETA=340.4m
[STEP    12] step=0.30s | avg=0.97s | 1.03 step/s | elapsed=1.8m | ETA=340.9m
[STEP    12] step=0.27s | avg=0.97s | 1.03 step/s | elapsed=1.8m | ETA=339.7m
[STEP    12] step=0.27s | avg=0.97s | 1.03 step/s | elapsed=1.8m | ETA=340.6m
[STEP    12] step=0.25s | avg=0.97s | 1.03 step/s | elapsed=1.8m | ETA=339.7m
[STEP    12] step=0.25s | avg=0.97s | 1.03 step/s | elapsed=1.8m | ETA=339.4m
[STEP    12] step=0.29s | avg=0.97s | 1.03 step/s | elapsed=1.8m | ETA=340.3m
[STEP    12] step=0.28s | avg=0.77s | 1.29 step/s | elapsed=1.8m | ETA=270.3m
[STEP    12] step=0.28s | avg=0.77s | 1.29 step/s | elapsed=1.8m | ETA=270.7m
[STEP    12] step=0.24s | avg=0.77s | 1.29 step/s | elapsed=1.8m | ETA=270.4m
[STEP    12] step=0.29s | avg=0.77s | 1.30 step/s | elapsed=1.8m | ETA=270.1m
[STEP    12] step=0.25s | avg=0.75s | 1.34 step/s | elapsed=1.8m | ETA=261.0m
[STEP    12] step=0.29s | avg=0.75s | 1.34 step/s | elapsed=1.8m | ETA=261.8m
[STEP    12] step=0.26s | avg=0.75s | 1.34 step/s | elapsed=1.8m | ETA=261.8m
[STEP    12] step=0.31s | avg=0.75s | 1.34 step/s | elapsed=1.8m | ETA=262.0m
[LOG 13] loss=0.1726 lr=5.00e-06 
{'loss': 0.1726, 'grad_norm': 6.1875, 'learning_rate': 4.997144081108097e-06, 'num_tokens': 69763.0, 'completions/mean_length': 41.8125, 'completions/min_length': 23.0, 'completions/max_length': 64.0, 'completions/clipped_ratio': 1.0, 'completions/mean_terminated_length': 0.0, 'completions/min_terminated_length': 0.0, 'completions/max_terminated_length': 0.0, 'rewards/compute_reward/mean': 0.3453759551048279, 'rewards/compute_reward/std': 0.1629674881696701, 'reward': 0.3453759551048279, 'reward_std': 0.1629674732685089, 'frac_reward_zero_std': 0.0, 'sampling/sampling_logp_difference/mean': 0.0302292313426733, 'sampling/sampling_logp_difference/max': 0.9703607559204102, 'sampling/importance_sampling_ratio/min': 0.0, 'sampling/importance_sampling_ratio/mean': 0.8311614990234375, 'sampling/importance_sampling_ratio/max': 1.4959796667099, 'entropy': 0.34504582174122334, 'clip_ratio/low_mean': 0.0, 'clip_ratio/low_min': 0.0, 'clip_ratio/high_mean': 0.0, 'clip_ratio/high_max': 0.0, 'clip_ratio/region_mean': 0.0, 'step_time': 7.265703853001469, 'epoch': 0.0}
[LOG 13] loss=0.1726 lr=5.00e-06 
[STEP    13] step=4.59s | avg=0.97s | 1.04 step/s | elapsed=1.9m | ETA=338.0m
[STEP    13] step=4.66s | avg=0.97s | 1.03 step/s | elapsed=1.9m | ETA=339.1m
[STEP    13] step=0.30s | avg=0.97s | 1.03 step/s | elapsed=1.9m | ETA=339.1m
[STEP    13] step=0.28s | avg=0.97s | 1.03 step/s | elapsed=1.9m | ETA=339.0m
[STEP    13] step=0.24s | avg=0.97s | 1.03 step/s | elapsed=1.9m | ETA=338.5m
[STEP    13] step=0.30s | avg=0.97s | 1.03 step/s | elapsed=1.9m | ETA=339.7m
[STEP    13] step=0.25s | avg=0.97s | 1.03 step/s | elapsed=1.9m | ETA=339.0m
[STEP    13] step=0.29s | avg=0.97s | 1.03 step/s | elapsed=1.9m | ETA=338.6m
[STEP    13] step=0.26s | avg=0.74s | 1.35 step/s | elapsed=1.9m | ETA=259.3m
[STEP    13] step=0.27s | avg=0.74s | 1.35 step/s | elapsed=1.9m | ETA=260.1m
[STEP    13] step=0.27s | avg=0.74s | 1.35 step/s | elapsed=1.9m | ETA=259.7m
[STEP    13] step=0.27s | avg=0.74s | 1.35 step/s | elapsed=1.9m | ETA=259.9m
[STEP    13] step=0.27s | avg=0.74s | 1.35 step/s | elapsed=2.0m | ETA=259.4m
[STEP    13] step=0.28s | avg=0.74s | 1.35 step/s | elapsed=2.0m | ETA=259.9m
[STEP    13] step=0.28s | avg=0.74s | 1.35 step/s | elapsed=2.0m | ETA=259.4m
[STEP    13] step=0.29s | avg=0.74s | 1.35 step/s | elapsed=2.0m | ETA=260.1m
[LOG 14] loss=0.0744 lr=5.00e-06 
[LOG 14] loss=0.0744 lr=5.00e-06 
{'loss': 0.0744, 'grad_norm': 5.1875, 'learning_rate': 4.996906087867105e-06, 'num_tokens': 75029.0, 'completions/mean_length': 28.625, 'completions/min_length': 14.0, 'completions/max_length': 44.0, 'completions/clipped_ratio': 1.0, 'completions/mean_terminated_length': 0.0, 'completions/min_terminated_length': 0.0, 'completions/max_terminated_length': 0.0, 'rewards/compute_reward/mean': 0.4736931324005127, 'rewards/compute_reward/std': 0.06050614267587662, 'reward': 0.4736931324005127, 'reward_std': 0.06050614267587662, 'frac_reward_zero_std': 0.0, 'sampling/sampling_logp_difference/mean': 0.01760074868798256, 'sampling/sampling_logp_difference/max': 0.4001293182373047, 'sampling/importance_sampling_ratio/min': 0.7565877437591553, 'sampling/importance_sampling_ratio/mean': 0.9689502716064453, 'sampling/importance_sampling_ratio/max': 1.3377667665481567, 'entropy': 0.16592984274029732, 'clip_ratio/low_mean': 0.0, 'clip_ratio/low_min': 0.0, 'clip_ratio/high_mean': 0.0, 'clip_ratio/high_max': 0.0, 'clip_ratio/region_mean': 0.0, 'step_time': 6.5717137579777045, 'epoch': 0.0}
[STEP    14] step=4.51s | avg=0.96s | 1.05 step/s | elapsed=2.0m | ETA=334.3m
[STEP    14] step=4.54s | avg=0.96s | 1.04 step/s | elapsed=2.0m | ETA=334.9m
[STEP    14] step=0.26s | avg=0.96s | 1.04 step/s | elapsed=2.0m | ETA=334.9m
[STEP    14] step=0.27s | avg=0.96s | 1.04 step/s | elapsed=2.0m | ETA=335.0m
[STEP    14] step=0.27s | avg=0.96s | 1.04 step/s | elapsed=2.1m | ETA=335.5m
[STEP    14] step=0.27s | avg=0.96s | 1.04 step/s | elapsed=2.1m | ETA=335.6m
[STEP    14] step=0.25s | avg=0.96s | 1.05 step/s | elapsed=2.1m | ETA=334.8m
[STEP    14] step=0.28s | avg=0.96s | 1.04 step/s | elapsed=2.1m | ETA=336.0m
[STEP    14] step=0.28s | avg=0.70s | 1.42 step/s | elapsed=2.1m | ETA=246.3m
[STEP    14] step=0.26s | avg=0.70s | 1.42 step/s | elapsed=2.1m | ETA=245.9m
[STEP    14] step=0.80s | avg=0.73s | 1.37 step/s | elapsed=2.1m | ETA=255.1m
[STEP    14] step=0.84s | avg=0.73s | 1.37 step/s | elapsed=2.1m | ETA=255.7m
[STEP    14] step=0.22s | avg=0.73s | 1.37 step/s | elapsed=2.1m | ETA=254.9m
[STEP    14] step=0.29s | avg=0.73s | 1.37 step/s | elapsed=2.1m | ETA=255.8m
[STEP    14] step=0.30s | avg=0.73s | 1.37 step/s | elapsed=2.1m | ETA=255.1m
[STEP    14] step=0.29s | avg=0.73s | 1.36 step/s | elapsed=2.1m | ETA=256.5m
[LOG 15] loss=0.0057 lr=5.00e-06 
[LOG 15] loss=0.0057 lr=5.00e-06 
{'loss': 0.0057, 'grad_norm': 6.53125, 'learning_rate': 4.996668094626113e-06, 'num_tokens': 80115.0, 'completions/mean_length': 22.875, 'completions/min_length': 19.0, 'completions/max_length': 31.0, 'completions/clipped_ratio': 1.0, 'completions/mean_terminated_length': 0.0, 'completions/min_terminated_length': 0.0, 'completions/max_terminated_length': 0.0, 'rewards/compute_reward/mean': 0.486123651266098, 'rewards/compute_reward/std': 0.1742636114358902, 'reward': 0.486123651266098, 'reward_std': 0.1742636114358902, 'frac_reward_zero_std': 0.0, 'sampling/sampling_logp_difference/mean': 0.021221045404672623, 'sampling/sampling_logp_difference/max': 0.40646791458129883, 'sampling/importance_sampling_ratio/min': 0.5802209973335266, 'sampling/importance_sampling_ratio/mean': 0.8147933483123779, 'sampling/importance_sampling_ratio/max': 1.0569278001785278, 'entropy': 0.329427745193243, 'clip_ratio/low_mean': 0.0, 'clip_ratio/low_min': 0.0, 'clip_ratio/high_mean': 0.0, 'clip_ratio/high_max': 0.0, 'clip_ratio/region_mean': 0.0, 'step_time': 6.9403028579981765, 'epoch': 0.0}
[STEP    15] step=4.61s | avg=0.95s | 1.05 step/s | elapsed=2.2m | ETA=332.3m
[STEP    15] step=4.63s | avg=0.95s | 1.06 step/s | elapsed=2.2m | ETA=331.1m
[STEP    15] step=0.25s | avg=0.95s | 1.06 step/s | elapsed=2.2m | ETA=331.6m
[STEP    15] step=0.26s | avg=0.95s | 1.06 step/s | elapsed=2.2m | ETA=331.5m
[STEP    15] step=0.25s | avg=0.95s | 1.06 step/s | elapsed=2.2m | ETA=330.8m
[STEP    15] step=0.32s | avg=0.95s | 1.05 step/s | elapsed=2.2m | ETA=332.8m
[STEP    15] step=0.25s | avg=0.95s | 1.06 step/s | elapsed=2.2m | ETA=330.7m
[STEP    15] step=0.26s | avg=0.95s | 1.05 step/s | elapsed=2.2m | ETA=332.0m
[STEP    15] step=0.73s | avg=0.76s | 1.32 step/s | elapsed=2.2m | ETA=264.3m
[STEP    15] step=0.80s | avg=0.75s | 1.33 step/s | elapsed=2.2m | ETA=263.1m
[STEP    15] step=0.23s | avg=0.75s | 1.33 step/s | elapsed=2.2m | ETA=262.4m
[STEP    15] step=0.29s | avg=0.75s | 1.32 step/s | elapsed=2.2m | ETA=264.1m
[STEP    15] step=0.24s | avg=0.75s | 1.33 step/s | elapsed=2.2m | ETA=263.0m
[STEP    15] step=0.28s | avg=0.75s | 1.33 step/s | elapsed=2.2m | ETA=263.1m
[STEP    15] step=0.28s | avg=0.75s | 1.33 step/s | elapsed=2.2m | ETA=263.6m
[STEP    15] step=0.28s | avg=0.75s | 1.33 step/s | elapsed=2.2m | ETA=262.9m
[LOG 16] loss=0.0298 lr=5.00e-06 
[LOG 16] loss=0.0298 lr=5.00e-06 
{'loss': 0.0298, 'grad_norm': 6.1875, 'learning_rate': 4.996430101385121e-06, 'num_tokens': 85439.0, 'completions/mean_length': 30.75, 'completions/min_length': 18.0, 'completions/max_length': 45.0, 'completions/clipped_ratio': 1.0, 'completions/mean_terminated_length': 0.0, 'completions/min_terminated_length': 0.0, 'completions/max_terminated_length': 0.0, 'rewards/compute_reward/mean': 0.47852832078933716, 'rewards/compute_reward/std': 0.09101800620555878, 'reward': 0.47852832078933716, 'reward_std': 0.09101801365613937, 'frac_reward_zero_std': 0.0, 'sampling/sampling_logp_difference/mean': 0.017186010256409645, 'sampling/sampling_logp_difference/max': 0.8454093933105469, 'sampling/importance_sampling_ratio/min': 0.5038478970527649, 'sampling/importance_sampling_ratio/mean': 0.9021075367927551, 'sampling/importance_sampling_ratio/max': 2.175205707550049, 'entropy': 0.18768038973212242, 'clip_ratio/low_mean': 0.0, 'clip_ratio/low_min': 0.0, 'clip_ratio/high_mean': 0.0, 'clip_ratio/high_max': 0.0, 'clip_ratio/region_mean': 0.0, 'step_time': 6.983913632997428, 'epoch': 0.0}
[STEP    16] step=4.54s | avg=0.96s | 1.04 step/s | elapsed=2.3m | ETA=337.6m
[STEP    16] step=4.59s | avg=0.97s | 1.03 step/s | elapsed=2.3m | ETA=339.3m
[STEP    16] step=0.25s | avg=0.96s | 1.04 step/s | elapsed=2.3m | ETA=337.2m
[STEP    16] step=0.24s | avg=0.97s | 1.03 step/s | elapsed=2.3m | ETA=338.7m
[STEP    16] step=0.25s | avg=0.96s | 1.04 step/s | elapsed=2.3m | ETA=336.7m
[STEP    16] step=0.24s | avg=0.97s | 1.03 step/s | elapsed=2.3m | ETA=338.2m
[STEP    16] step=0.25s | avg=0.96s | 1.04 step/s | elapsed=2.3m | ETA=336.0m
[STEP    16] step=0.25s | avg=0.96s | 1.04 step/s | elapsed=2.3m | ETA=337.6m
[STEP    16] step=0.22s | avg=0.75s | 1.34 step/s | elapsed=2.3m | ETA=262.1m
[STEP    16] step=0.28s | avg=0.75s | 1.33 step/s | elapsed=2.3m | ETA=262.1m
[STEP    16] step=0.31s | avg=0.75s | 1.33 step/s | elapsed=2.3m | ETA=262.6m
[STEP    16] step=0.30s | avg=0.75s | 1.33 step/s | elapsed=2.3m | ETA=262.8m
[STEP    16] step=0.26s | avg=0.75s | 1.33 step/s | elapsed=2.3m | ETA=262.5m
[STEP    16] step=0.26s | avg=0.75s | 1.33 step/s | elapsed=2.3m | ETA=262.5m
[STEP    16] step=0.30s | avg=0.75s | 1.33 step/s | elapsed=2.3m | ETA=262.9m
[STEP    16] step=0.30s | avg=0.75s | 1.33 step/s | elapsed=2.3m | ETA=263.2m
[LOG 17] loss=0.1088 lr=5.00e-06 
{'loss': 0.1088, 'grad_norm': 4.625, 'learning_rate': 4.996192108144129e-06, 'num_tokens': 90717.0, 'completions/mean_length': 29.375, 'completions/min_length': 23.0, 'completions/max_length': 37.0, 'completions/clipped_ratio': 1.0, 'completions/mean_terminated_length': 0.0, 'completions/min_terminated_length': 0.0, 'completions/max_terminated_length': 0.0, 'rewards/compute_reward/mean': 0.5840989947319031, 'rewards/compute_reward/std': 0.2600776255130768, 'reward': 0.5840989947319031, 'reward_std': 0.2600775957107544, 'frac_reward_zero_std': 0.0, 'sampling/sampling_logp_difference/mean': 0.013153313659131527, 'sampling/sampling_logp_difference/max': 0.6537132263183594, 'sampling/importance_sampling_ratio/min': 0.7683531641960144, 'sampling/importance_sampling_ratio/mean': 0.9263485670089722, 'sampling/importance_sampling_ratio/max': 1.4443496465682983, 'entropy': 0.15794141218066216, 'clip_ratio/low_mean': 0.0, 'clip_ratio/low_min': 0.0, 'clip_ratio/high_mean': 0.0, 'clip_ratio/high_max': 0.0, 'clip_ratio/region_mean': 0.0, 'step_time': 6.42205955699319, 'epoch': 0.0}
[LOG 17] loss=0.1088 lr=5.00e-06 
[STEP    17] step=4.87s | avg=0.98s | 1.02 step/s | elapsed=2.4m | ETA=343.5m
[STEP    17] step=4.92s | avg=0.98s | 1.02 step/s | elapsed=2.4m | ETA=344.4m
[STEP    17] step=0.27s | avg=0.96s | 1.05 step/s | elapsed=2.4m | ETA=334.3m
[STEP    17] step=0.25s | avg=0.95s | 1.05 step/s | elapsed=2.4m | ETA=334.0m
[STEP    17] step=0.24s | avg=0.96s | 1.05 step/s | elapsed=2.4m | ETA=334.3m
[STEP    17] step=0.28s | avg=0.96s | 1.05 step/s | elapsed=2.4m | ETA=334.1m
[STEP    17] step=0.25s | avg=0.95s | 1.05 step/s | elapsed=2.4m | ETA=333.5m
[STEP    17] step=0.27s | avg=0.95s | 1.05 step/s | elapsed=2.4m | ETA=333.8m
[STEP    17] step=0.27s | avg=0.74s | 1.36 step/s | elapsed=2.4m | ETA=257.3m
[STEP    17] step=0.27s | avg=0.74s | 1.36 step/s | elapsed=2.4m | ETA=257.7m
[STEP    17] step=0.28s | avg=0.74s | 1.36 step/s | elapsed=2.4m | ETA=257.7m
[STEP    17] step=0.28s | avg=0.74s | 1.35 step/s | elapsed=2.4m | ETA=258.3m
[STEP    17] step=0.28s | avg=0.74s | 1.35 step/s | elapsed=2.5m | ETA=258.2m
[STEP    17] step=0.29s | avg=0.74s | 1.36 step/s | elapsed=2.5m | ETA=257.8m
[STEP    17] step=0.24s | avg=0.74s | 1.36 step/s | elapsed=2.5m | ETA=257.3m
[STEP    17] step=0.32s | avg=0.74s | 1.35 step/s | elapsed=2.5m | ETA=259.5m
[LOG 18] loss=-0.1698 lr=5.00e-06 
[LOG 18] loss=-0.1698 lr=5.00e-06 
{'loss': -0.1698, 'grad_norm': 6.25, 'learning_rate': 4.995954114903137e-06, 'num_tokens': 96452.0, 'completions/mean_length': 41.4375, 'completions/min_length': 18.0, 'completions/max_length': 51.0, 'completions/clipped_ratio': 1.0, 'completions/mean_terminated_length': 0.0, 'completions/min_terminated_length': 0.0, 'completions/max_terminated_length': 0.0, 'rewards/compute_reward/mean': 0.43287211656570435, 'rewards/compute_reward/std': 0.19716817140579224, 'reward': 0.43287211656570435, 'reward_std': 0.19716815650463104, 'frac_reward_zero_std': 0.0, 'sampling/sampling_logp_difference/mean': 0.017975475639104843, 'sampling/sampling_logp_difference/max': 0.8595294952392578, 'sampling/importance_sampling_ratio/min': 0.649691641330719, 'sampling/importance_sampling_ratio/mean': 1.0961918830871582, 'sampling/importance_sampling_ratio/max': 1.8071374893188477, 'entropy': 0.17001362331211567, 'clip_ratio/low_mean': 0.0, 'clip_ratio/low_min': 0.0, 'clip_ratio/high_mean': 0.0, 'clip_ratio/high_max': 0.0, 'clip_ratio/region_mean': 0.0, 'step_time': 6.814459702975, 'epoch': 0.0}
[STEP    18] step=4.43s | avg=0.92s | 1.08 step/s | elapsed=2.5m | ETA=323.1m
[STEP    18] step=4.52s | avg=0.93s | 1.08 step/s | elapsed=2.5m | ETA=323.7m
[STEP    18] step=0.29s | avg=0.93s | 1.08 step/s | elapsed=2.5m | ETA=324.0m
[STEP    18] step=0.25s | avg=0.92s | 1.08 step/s | elapsed=2.5m | ETA=323.0m
[STEP    18] step=0.20s | avg=0.92s | 1.09 step/s | elapsed=2.5m | ETA=322.3m
[STEP    18] step=0.25s | avg=0.92s | 1.08 step/s | elapsed=2.5m | ETA=323.5m
[STEP    18] step=0.26s | avg=0.92s | 1.08 step/s | elapsed=2.6m | ETA=323.1m
[STEP    18] step=0.31s | avg=0.92s | 1.08 step/s | elapsed=2.6m | ETA=322.9m
[STEP    18] step=0.28s | avg=0.71s | 1.41 step/s | elapsed=2.6m | ETA=248.6m
[STEP    18] step=0.27s | avg=0.71s | 1.41 step/s | elapsed=2.6m | ETA=247.3m
[STEP    18] step=0.25s | avg=0.71s | 1.41 step/s | elapsed=2.6m | ETA=248.6m
[STEP    18] step=0.28s | avg=0.71s | 1.41 step/s | elapsed=2.6m | ETA=248.0m
[STEP    18] step=0.22s | avg=0.71s | 1.41 step/s | elapsed=2.6m | ETA=247.7m
[STEP    18] step=0.31s | avg=0.71s | 1.40 step/s | elapsed=2.6m | ETA=249.7m
[STEP    18] step=0.28s | avg=0.71s | 1.41 step/s | elapsed=2.6m | ETA=248.3m
[STEP    18] step=0.28s | avg=0.72s | 1.40 step/s | elapsed=2.6m | ETA=250.2m
[LOG 19] loss=0.0793 lr=5.00e-06 
[LOG 19] loss=0.0793 lr=5.00e-06 
{'loss': 0.0793, 'grad_norm': 4.15625, 'learning_rate': 4.995716121662145e-06, 'num_tokens': 101742.0, 'completions/mean_length': 29.625, 'completions/min_length': 26.0, 'completions/max_length': 33.0, 'completions/clipped_ratio': 1.0, 'completions/mean_terminated_length': 0.0, 'completions/min_terminated_length': 0.0, 'completions/max_terminated_length': 0.0, 'rewards/compute_reward/mean': 0.527758002281189, 'rewards/compute_reward/std': 0.18273648619651794, 'reward': 0.527758002281189, 'reward_std': 0.18273648619651794, 'frac_reward_zero_std': 0.0, 'sampling/sampling_logp_difference/mean': 0.011815831065177917, 'sampling/sampling_logp_difference/max': 0.7846174240112305, 'sampling/importance_sampling_ratio/min': 0.8485654592514038, 'sampling/importance_sampling_ratio/mean': 0.9985523819923401, 'sampling/importance_sampling_ratio/max': 1.5998923778533936, 'entropy': 0.11095517501235008, 'clip_ratio/low_mean': 0.0, 'clip_ratio/low_min': 0.0, 'clip_ratio/high_mean': 0.0, 'clip_ratio/high_max': 0.0, 'clip_ratio/region_mean': 0.0, 'step_time': 6.349640572036151, 'epoch': 0.0}
[STEP    19] step=4.32s | avg=0.91s | 1.09 step/s | elapsed=2.7m | ETA=320.1m
[STEP    19] step=4.34s | avg=0.92s | 1.09 step/s | elapsed=2.7m | ETA=321.1m
[STEP    19] step=0.26s | avg=0.91s | 1.10 step/s | elapsed=2.7m | ETA=319.3m
[STEP    19] step=0.26s | avg=0.92s | 1.09 step/s | elapsed=2.7m | ETA=320.4m
[STEP    19] step=0.28s | avg=0.91s | 1.09 step/s | elapsed=2.7m | ETA=319.6m
[STEP    19] step=0.30s | avg=0.92s | 1.09 step/s | elapsed=2.7m | ETA=321.1m
[STEP    19] step=0.29s | avg=0.91s | 1.10 step/s | elapsed=2.7m | ETA=319.4m
[STEP    19] step=0.27s | avg=0.92s | 1.09 step/s | elapsed=2.7m | ETA=320.6m
[STEP    19] step=0.20s | avg=0.68s | 1.47 step/s | elapsed=2.7m | ETA=238.1m
[STEP    19] step=0.27s | avg=0.68s | 1.46 step/s | elapsed=2.7m | ETA=239.0m
[STEP    19] step=0.30s | avg=0.68s | 1.46 step/s | elapsed=2.7m | ETA=238.9m
[STEP    19] step=0.27s | avg=0.68s | 1.46 step/s | elapsed=2.7m | ETA=238.9m
[STEP    19] step=0.27s | avg=0.68s | 1.46 step/s | elapsed=2.7m | ETA=239.5m
[STEP    19] step=0.27s | avg=0.68s | 1.46 step/s | elapsed=2.7m | ETA=238.8m
[STEP    19] step=0.75s | avg=0.71s | 1.41 step/s | elapsed=2.7m | ETA=248.2m
[STEP    19] step=0.75s | avg=0.71s | 1.42 step/s | elapsed=2.7m | ETA=247.2m
[LOG 20] loss=-0.0731 lr=5.00e-06 

Saving checkpoint at step 20
Path: /home/aayguade/simplification/training/trainer_output/checkpoint-20

[LOG 20] loss=-0.0731 lr=5.00e-06 
{'loss': -0.0731, 'grad_norm': 9.625, 'learning_rate': 4.995478128421153e-06, 'num_tokens': 106710.0, 'completions/mean_length': 20.0, 'completions/min_length': 15.0, 'completions/max_length': 23.0, 'completions/clipped_ratio': 1.0, 'completions/mean_terminated_length': 0.0, 'completions/min_terminated_length': 0.0, 'completions/max_terminated_length': 0.0, 'rewards/compute_reward/mean': 0.5460331439971924, 'rewards/compute_reward/std': 0.10519036650657654, 'reward': 0.5460331439971924, 'reward_std': 0.10519034415483475, 'frac_reward_zero_std': 0.0, 'sampling/sampling_logp_difference/mean': 0.010839653201401234, 'sampling/sampling_logp_difference/max': 0.38410496711730957, 'sampling/importance_sampling_ratio/min': 0.8216109871864319, 'sampling/importance_sampling_ratio/mean': 0.887820303440094, 'sampling/importance_sampling_ratio/max': 1.2458621263504028, 'entropy': 0.12836821377277374, 'clip_ratio/low_mean': 0.0, 'clip_ratio/low_min': 0.0, 'clip_ratio/high_mean': 0.0, 'clip_ratio/high_max': 0.0, 'clip_ratio/region_mean': 0.0, 'step_time': 6.683130778037594, 'epoch': 0.0}

Saving checkpoint at step 20
Path: /home/aayguade/simplification/training/trainer_output/checkpoint-20

[STEP    20] step=4.50s | avg=0.92s | 1.09 step/s | elapsed=5.6m | ETA=322.2m
[STEP    20] step=172.90s | avg=9.34s | 0.11 step/s | elapsed=5.6m | ETA=3266.7m
[STEP    20] step=0.24s | avg=0.92s | 1.09 step/s | elapsed=5.6m | ETA=321.5m
[STEP    20] step=0.24s | avg=9.34s | 0.11 step/s | elapsed=5.6m | ETA=3266.0m
[STEP    20] step=0.24s | avg=0.92s | 1.09 step/s | elapsed=5.6m | ETA=320.9m
[STEP    20] step=0.26s | avg=9.33s | 0.11 step/s | elapsed=5.6m | ETA=3265.5m
[STEP    20] step=0.28s | avg=0.92s | 1.09 step/s | elapsed=5.6m | ETA=320.1m
[STEP    20] step=0.24s | avg=9.33s | 0.11 step/s | elapsed=5.6m | ETA=3265.5m
[STEP    20] step=0.24s | avg=9.12s | 0.11 step/s | elapsed=5.6m | ETA=3190.6m
[STEP    20] step=0.28s | avg=0.71s | 1.41 step/s | elapsed=5.6m | ETA=247.5m
[STEP    20] step=0.27s | avg=9.12s | 0.11 step/s | elapsed=5.6m | ETA=3191.0m
[STEP    20] step=0.27s | avg=0.71s | 1.42 step/s | elapsed=5.6m | ETA=247.2m
[STEP    20] step=0.82s | avg=0.74s | 1.36 step/s | elapsed=5.6m | ETA=257.1m
[STEP    20] step=0.87s | avg=9.16s | 0.11 step/s | elapsed=5.6m | ETA=3202.7m
[STEP    20] step=0.28s | avg=0.74s | 1.36 step/s | elapsed=5.6m | ETA=257.5m
[STEP    20] step=0.28s | avg=9.15s | 0.11 step/s | elapsed=5.6m | ETA=3202.2m
[LOG 21] loss=-0.1752 lr=5.00e-06 
{'loss': -0.1752, 'grad_norm': 7.46875, 'learning_rate': 4.995240135180161e-06, 'num_tokens': 112025.0, 'completions/mean_length': 30.1875, 'completions/min_length': 26.0, 'completions/max_length': 33.0, 'completions/clipped_ratio': 1.0, 'completions/mean_terminated_length': 0.0, 'completions/min_terminated_length': 0.0, 'completions/max_terminated_length': 0.0, 'rewards/compute_reward/mean': 0.40887585282325745, 'rewards/compute_reward/std': 0.10395228117704391, 'reward': 0.40887585282325745, 'reward_std': 0.10395227372646332, 'frac_reward_zero_std': 0.0, 'sampling/sampling_logp_difference/mean': 0.014003967866301537, 'sampling/sampling_logp_difference/max': 0.8231310844421387, 'sampling/importance_sampling_ratio/min': 0.0, 'sampling/importance_sampling_ratio/mean': 0.937471866607666, 'sampling/importance_sampling_ratio/max': 2.616720676422119, 'entropy': 0.13437524996697903, 'clip_ratio/low_mean': 0.0, 'clip_ratio/low_min': 0.0, 'clip_ratio/high_mean': 0.0, 'clip_ratio/high_max': 0.0, 'clip_ratio/region_mean': 0.0, 'step_time': 6.9235876059683505, 'epoch': 0.0}
[LOG 21] loss=-0.1752 lr=5.00e-06 
[STEP    21] step=4.66s | avg=9.37s | 0.11 step/s | elapsed=5.7m | ETA=3278.9m
[STEP    21] step=4.68s | avg=0.96s | 1.05 step/s | elapsed=5.7m | ETA=334.5m
[STEP    21] step=0.25s | avg=9.37s | 0.11 step/s | elapsed=5.7m | ETA=3278.2m
[STEP    21] step=0.28s | avg=0.96s | 1.04 step/s | elapsed=5.7m | ETA=335.0m
[STEP    21] step=0.25s | avg=0.95s | 1.05 step/s | elapsed=5.7m | ETA=334.1m
[STEP    21] step=0.31s | avg=9.38s | 0.11 step/s | elapsed=5.7m | ETA=3279.8m
[STEP    21] step=0.25s | avg=0.95s | 1.05 step/s | elapsed=5.7m | ETA=333.5m
[STEP    21] step=0.26s | avg=9.37s | 0.11 step/s | elapsed=5.7m | ETA=3279.4m
[STEP    21] step=0.25s | avg=9.17s | 0.11 step/s | elapsed=5.7m | ETA=3208.0m
[STEP    21] step=0.30s | avg=0.75s | 1.33 step/s | elapsed=5.7m | ETA=262.9m
[STEP    21] step=0.27s | avg=9.17s | 0.11 step/s | elapsed=5.7m | ETA=3208.3m
[STEP    21] step=0.26s | avg=0.75s | 1.33 step/s | elapsed=5.7m | ETA=262.9m
[STEP    21] step=0.24s | avg=9.17s | 0.11 step/s | elapsed=5.7m | ETA=3207.5m
[STEP    21] step=0.26s | avg=0.75s | 1.33 step/s | elapsed=5.7m | ETA=262.1m
[STEP    21] step=0.28s | avg=9.17s | 0.11 step/s | elapsed=5.7m | ETA=3207.5m
[STEP    21] step=0.27s | avg=0.75s | 1.33 step/s | elapsed=5.8m | ETA=262.2m
[LOG 22] loss=0.0467 lr=5.00e-06 
{'loss': 0.0467, 'grad_norm': 5.28125, 'learning_rate': 4.9950021419391695e-06, 'num_tokens': 117290.0, 'completions/mean_length': 28.5625, 'completions/min_length': 15.0, 'completions/max_length': 42.0, 'completions/clipped_ratio': 1.0, 'completions/mean_terminated_length': 0.0, 'completions/min_terminated_length': 0.0, 'completions/max_terminated_length': 0.0, 'rewards/compute_reward/mean': 0.4764041304588318, 'rewards/compute_reward/std': 0.15481653809547424, 'reward': 0.4764041304588318, 'reward_std': 0.15481650829315186, 'frac_reward_zero_std': 0.0, 'sampling/sampling_logp_difference/mean': 0.008190049789845943, 'sampling/sampling_logp_difference/max': 0.5274810791015625, 'sampling/importance_sampling_ratio/min': 0.7275207042694092, 'sampling/importance_sampling_ratio/mean': 0.9212327003479004, 'sampling/importance_sampling_ratio/max': 1.2077668905258179, 'entropy': 0.10126100666821003, 'clip_ratio/low_mean': 0.0, 'clip_ratio/low_min': 0.0, 'clip_ratio/high_mean': 0.0, 'clip_ratio/high_max': 0.0, 'clip_ratio/region_mean': 0.0, 'step_time': 6.5507149399927584, 'epoch': 0.0}
[LOG 22] loss=0.0467 lr=5.00e-06 
[STEP    22] step=4.49s | avg=9.38s | 0.11 step/s | elapsed=5.8m | ETA=3281.2m
[STEP    22] step=4.52s | avg=0.97s | 1.04 step/s | elapsed=5.8m | ETA=337.8m
[STEP    22] step=0.23s | avg=0.96s | 1.04 step/s | elapsed=5.8m | ETA=336.6m
[STEP    22] step=0.28s | avg=9.38s | 0.11 step/s | elapsed=5.8m | ETA=3281.5m
[STEP    22] step=0.27s | avg=0.96s | 1.04 step/s | elapsed=5.8m | ETA=336.5m
[STEP    22] step=0.27s | avg=9.38s | 0.11 step/s | elapsed=5.8m | ETA=3281.4m
[STEP    22] step=0.29s | avg=0.94s | 1.06 step/s | elapsed=5.8m | ETA=328.5m
[STEP    22] step=0.26s | avg=9.36s | 0.11 step/s | elapsed=5.8m | ETA=3272.8m
[STEP    22] step=0.25s | avg=0.73s | 1.38 step/s | elapsed=5.9m | ETA=254.1m
[STEP    22] step=0.26s | avg=0.72s | 1.38 step/s | elapsed=5.9m | ETA=253.5m
[STEP    22] step=0.25s | avg=0.73s | 1.38 step/s | elapsed=5.9m | ETA=254.2m
[STEP    22] step=0.25s | avg=0.73s | 1.38 step/s | elapsed=5.9m | ETA=253.7m
[STEP    22] step=0.26s | avg=0.73s | 1.37 step/s | elapsed=5.9m | ETA=254.6m
[STEP    22] step=0.27s | avg=0.73s | 1.38 step/s | elapsed=5.9m | ETA=253.7m
[STEP    22] step=0.28s | avg=0.73s | 1.37 step/s | elapsed=5.9m | ETA=254.6m
[STEP    22] step=0.28s | avg=0.73s | 1.37 step/s | elapsed=5.9m | ETA=254.4m
[LOG 23] loss=0.1230 lr=4.99e-06 
{'loss': 0.123, 'grad_norm': 5.5625, 'learning_rate': 4.994764148698177e-06, 'num_tokens': 122618.0, 'completions/mean_length': 30.0, 'completions/min_length': 21.0, 'completions/max_length': 40.0, 'completions/clipped_ratio': 1.0, 'completions/mean_terminated_length': 0.0, 'completions/min_terminated_length': 0.0, 'completions/max_terminated_length': 0.0, 'rewards/compute_reward/mean': 0.47451257705688477, 'rewards/compute_reward/std': 0.12709872424602509, 'reward': 0.47451257705688477, 'reward_std': 0.12709872424602509, 'frac_reward_zero_std': 0.0, 'sampling/sampling_logp_difference/mean': 0.01523725874722004, 'sampling/sampling_logp_difference/max': 0.6366620063781738, 'sampling/importance_sampling_ratio/min': 0.726984977722168, 'sampling/importance_sampling_ratio/mean': 1.0125764608383179, 'sampling/importance_sampling_ratio/max': 1.5007739067077637, 'entropy': 0.1337743103504181, 'clip_ratio/low_mean': 0.0, 'clip_ratio/low_min': 0.0, 'clip_ratio/high_mean': 0.0, 'clip_ratio/high_max': 0.0, 'clip_ratio/region_mean': 0.0, 'step_time': 6.351690827999846, 'epoch': 0.0}
[LOG 23] loss=0.1230 lr=4.99e-06 
[STEP    23] step=4.50s | avg=0.94s | 1.07 step/s | elapsed=6.0m | ETA=328.4m
[STEP    23] step=4.50s | avg=0.94s | 1.06 step/s | elapsed=6.0m | ETA=329.0m
[STEP    23] step=0.29s | avg=0.94s | 1.06 step/s | elapsed=6.0m | ETA=328.8m
[STEP    23] step=0.29s | avg=0.94s | 1.06 step/s | elapsed=6.0m | ETA=329.3m
[STEP    23] step=0.27s | avg=0.91s | 1.10 step/s | elapsed=6.0m | ETA=319.1m
[STEP    23] step=0.27s | avg=0.91s | 1.10 step/s | elapsed=6.0m | ETA=318.8m
[STEP    23] step=0.26s | avg=0.91s | 1.10 step/s | elapsed=6.0m | ETA=318.7m
[STEP    23] step=0.26s | avg=0.91s | 1.10 step/s | elapsed=6.0m | ETA=318.4m
[STEP    23] step=0.26s | avg=0.69s | 1.45 step/s | elapsed=6.0m | ETA=241.3m
[STEP    23] step=0.26s | avg=0.69s | 1.45 step/s | elapsed=6.0m | ETA=241.3m
[STEP    23] step=0.22s | avg=0.69s | 1.45 step/s | elapsed=6.0m | ETA=240.8m
[STEP    23] step=0.25s | avg=0.69s | 1.45 step/s | elapsed=6.0m | ETA=240.8m
[STEP    23] step=0.26s | avg=0.69s | 1.46 step/s | elapsed=6.0m | ETA=239.9m
[STEP    23] step=0.27s | avg=0.69s | 1.45 step/s | elapsed=6.0m | ETA=241.1m
[STEP    23] step=0.27s | avg=0.69s | 1.45 step/s | elapsed=6.0m | ETA=241.4m
[STEP    23] step=0.31s | avg=0.69s | 1.45 step/s | elapsed=6.0m | ETA=241.0m
[LOG 24] loss=-0.0433 lr=4.99e-06 
{'loss': -0.0433, 'grad_norm': 4.9375, 'learning_rate': 4.9945261554571855e-06, 'num_tokens': 128018.0, 'completions/mean_length': 33.0, 'completions/min_length': 28.0, 'completions/max_length': 35.0, 'completions/clipped_ratio': 1.0, 'completions/mean_terminated_length': 0.0, 'completions/min_terminated_length': 0.0, 'completions/max_terminated_length': 0.0, 'rewards/compute_reward/mean': 0.47503742575645447, 'rewards/compute_reward/std': 0.08376675099134445, 'reward': 0.47503742575645447, 'reward_std': 0.08376674354076385, 'frac_reward_zero_std': 0.0, 'sampling/sampling_logp_difference/mean': 0.014163678511977196, 'sampling/sampling_logp_difference/max': 0.7330951690673828, 'sampling/importance_sampling_ratio/min': 0.7405979633331299, 'sampling/importance_sampling_ratio/mean': 0.9812170267105103, 'sampling/importance_sampling_ratio/max': 1.477965235710144, 'entropy': 0.161515511572361, 'clip_ratio/low_mean': 0.0, 'clip_ratio/low_min': 0.0, 'clip_ratio/high_mean': 0.0, 'clip_ratio/high_max': 0.0, 'clip_ratio/region_mean': 0.0, 'step_time': 6.362658713042038, 'epoch': 0.0}
[LOG 24] loss=-0.0433 lr=4.99e-06 
[STEP    24] step=4.40s | avg=0.90s | 1.12 step/s | elapsed=6.1m | ETA=313.6m
[STEP    24] step=4.44s | avg=0.90s | 1.11 step/s | elapsed=6.1m | ETA=313.8m
[STEP    24] step=0.26s | avg=0.90s | 1.12 step/s | elapsed=6.1m | ETA=313.3m
[STEP    24] step=0.26s | avg=0.90s | 1.11 step/s | elapsed=6.1m | ETA=313.8m
[STEP    24] step=0.24s | avg=0.90s | 1.12 step/s | elapsed=6.1m | ETA=313.4m
[STEP    24] step=0.29s | avg=0.90s | 1.11 step/s | elapsed=6.1m | ETA=314.2m
[STEP    24] step=0.23s | avg=0.90s | 1.12 step/s | elapsed=6.1m | ETA=313.2m
[STEP    24] step=0.28s | avg=0.90s | 1.12 step/s | elapsed=6.1m | ETA=313.5m
[STEP    24] step=0.26s | avg=0.68s | 1.46 step/s | elapsed=6.1m | ETA=239.2m
[STEP    24] step=0.26s | avg=0.68s | 1.46 step/s | elapsed=6.1m | ETA=238.9m
[STEP    24] step=0.26s | avg=0.68s | 1.46 step/s | elapsed=6.1m | ETA=238.8m
[STEP    24] step=0.26s | avg=0.68s | 1.46 step/s | elapsed=6.1m | ETA=239.5m
[STEP    24] step=0.25s | avg=0.68s | 1.47 step/s | elapsed=6.1m | ETA=238.4m
[STEP    24] step=0.25s | avg=0.68s | 1.46 step/s | elapsed=6.1m | ETA=239.2m
[STEP    24] step=0.26s | avg=0.68s | 1.47 step/s | elapsed=6.1m | ETA=238.7m
[STEP    24] step=0.31s | avg=0.68s | 1.46 step/s | elapsed=6.1m | ETA=239.4m
[LOG 25] loss=0.0023 lr=4.99e-06 
[LOG 25] loss=0.0023 lr=4.99e-06 
{'loss': 0.0023, 'grad_norm': 4.1875, 'learning_rate': 4.994288162216194e-06, 'num_tokens': 133274.0, 'completions/mean_length': 29.0, 'completions/min_length': 26.0, 'completions/max_length': 32.0, 'completions/clipped_ratio': 1.0, 'completions/mean_terminated_length': 0.0, 'completions/min_terminated_length': 0.0, 'completions/max_terminated_length': 0.0, 'rewards/compute_reward/mean': 0.41926634311676025, 'rewards/compute_reward/std': 0.06540422141551971, 'reward': 0.41926634311676025, 'reward_std': 0.06540422141551971, 'frac_reward_zero_std': 0.0, 'sampling/sampling_logp_difference/mean': 0.0072016422636806965, 'sampling/sampling_logp_difference/max': 0.452085018157959, 'sampling/importance_sampling_ratio/min': 0.7425921559333801, 'sampling/importance_sampling_ratio/mean': 0.9010444283485413, 'sampling/importance_sampling_ratio/max': 1.1786690950393677, 'entropy': 0.09771208837628365, 'clip_ratio/low_mean': 0.0, 'clip_ratio/low_min': 0.0, 'clip_ratio/high_mean': 0.0, 'clip_ratio/high_max': 0.0, 'clip_ratio/region_mean': 0.0, 'step_time': 6.243014419975225, 'epoch': 0.0}
[STEP    25] step=5.24s | avg=0.93s | 1.07 step/s | elapsed=6.2m | ETA=326.4m
[STEP    25] step=5.76s | avg=0.96s | 1.04 step/s | elapsed=6.2m | ETA=335.1m
[STEP    25] step=0.79s | avg=0.96s | 1.04 step/s | elapsed=6.2m | ETA=335.9m
[STEP    25] step=0.26s | avg=0.96s | 1.04 step/s | elapsed=6.2m | ETA=335.4m
[STEP    25] step=0.28s | avg=0.96s | 1.04 step/s | elapsed=6.2m | ETA=336.1m
[STEP    25] step=0.28s | avg=0.96s | 1.04 step/s | elapsed=6.2m | ETA=335.6m
[STEP    25] step=0.26s | avg=0.96s | 1.04 step/s | elapsed=6.2m | ETA=335.2m
[STEP    25] step=0.29s | avg=0.96s | 1.04 step/s | elapsed=6.2m | ETA=336.4m
[STEP    25] step=0.25s | avg=0.75s | 1.34 step/s | elapsed=6.2m | ETA=260.8m
[STEP    25] step=0.26s | avg=0.75s | 1.33 step/s | elapsed=6.2m | ETA=262.2m
[STEP    25] step=0.26s | avg=0.74s | 1.34 step/s | elapsed=6.2m | ETA=260.2m
[STEP    25] step=0.26s | avg=0.75s | 1.34 step/s | elapsed=6.2m | ETA=261.5m
[STEP    25] step=0.69s | avg=0.77s | 1.30 step/s | elapsed=6.2m | ETA=269.0m
[STEP    25] step=0.74s | avg=0.77s | 1.30 step/s | elapsed=6.2m | ETA=268.5m
[STEP    25] step=0.29s | avg=0.77s | 1.30 step/s | elapsed=6.2m | ETA=269.0m
[STEP    25] step=0.34s | avg=0.77s | 1.29 step/s | elapsed=6.2m | ETA=270.4m
[LOG 26] loss=0.0284 lr=4.99e-06 
{'loss': 0.0284, 'grad_norm': 4.15625, 'learning_rate': 4.9940501689752016e-06, 'num_tokens': 138961.0, 'completions/mean_length': 40.9375, 'completions/min_length': 25.0, 'completions/max_length': 50.0, 'completions/clipped_ratio': 1.0, 'completions/mean_terminated_length': 0.0, 'completions/min_terminated_length': 0.0, 'completions/max_terminated_length': 0.0, 'rewards/compute_reward/mean': 0.414210706949234, 'rewards/compute_reward/std': 0.18181970715522766, 'reward': 0.414210706949234, 'reward_std': 0.18181972205638885, 'frac_reward_zero_std': 0.0, 'sampling/sampling_logp_difference/mean': 0.013674356043338776, 'sampling/sampling_logp_difference/max': 0.46103668212890625, 'sampling/importance_sampling_ratio/min': 0.5026183128356934, 'sampling/importance_sampling_ratio/mean': 0.9449261426925659, 'sampling/importance_sampling_ratio/max': 1.6613378524780273, 'entropy': 0.1443626219406724, 'clip_ratio/low_mean': 0.0, 'clip_ratio/low_min': 0.0, 'clip_ratio/high_mean': 0.0, 'clip_ratio/high_max': 0.0, 'clip_ratio/region_mean': 0.0, 'step_time': 8.09821276801813, 'epoch': 0.0}
[LOG 26] loss=0.0284 lr=4.99e-06 
[STEP    26] step=4.39s | avg=0.98s | 1.02 step/s | elapsed=6.3m | ETA=342.7m
[STEP    26] step=4.44s | avg=0.98s | 1.02 step/s | elapsed=6.3m | ETA=342.1m
[STEP    26] step=0.26s | avg=0.98s | 1.02 step/s | elapsed=6.3m | ETA=343.4m
[STEP    26] step=0.27s | avg=0.98s | 1.02 step/s | elapsed=6.3m | ETA=342.4m
[STEP    26] step=0.25s | avg=0.98s | 1.02 step/s | elapsed=6.3m | ETA=343.3m
[STEP    26] step=0.23s | avg=0.98s | 1.02 step/s | elapsed=6.3m | ETA=341.7m
[STEP    26] step=0.24s | avg=0.98s | 1.02 step/s | elapsed=6.3m | ETA=342.1m
[STEP    26] step=0.28s | avg=0.98s | 1.02 step/s | elapsed=6.3m | ETA=341.9m
[STEP    26] step=0.27s | avg=0.77s | 1.30 step/s | elapsed=6.3m | ETA=269.8m
[STEP    26] step=0.27s | avg=0.77s | 1.30 step/s | elapsed=6.3m | ETA=269.0m
[STEP    26] step=0.28s | avg=0.77s | 1.29 step/s | elapsed=6.4m | ETA=270.3m
[STEP    26] step=0.26s | avg=0.77s | 1.30 step/s | elapsed=6.4m | ETA=269.0m
[STEP    26] step=0.27s | avg=0.77s | 1.30 step/s | elapsed=6.4m | ETA=270.0m
[STEP    26] step=0.27s | avg=0.77s | 1.30 step/s | elapsed=6.4m | ETA=269.5m
[STEP    26] step=0.28s | avg=0.77s | 1.29 step/s | elapsed=6.4m | ETA=270.9m
[STEP    26] step=0.31s | avg=0.77s | 1.29 step/s | elapsed=6.4m | ETA=270.2m
[LOG 27] loss=-0.0599 lr=4.99e-06 
{'loss': -0.0599, 'grad_norm': 7.21875, 'learning_rate': 4.993812175734209e-06, 'num_tokens': 144177.0, 'completions/mean_length': 27.5, 'completions/min_length': 21.0, 'completions/max_length': 35.0, 'completions/clipped_ratio': 1.0, 'completions/mean_terminated_length': 0.0, 'completions/min_terminated_length': 0.0, 'completions/max_terminated_length': 0.0, 'rewards/compute_reward/mean': 0.5452604293823242, 'rewards/compute_reward/std': 0.10104404389858246, 'reward': 0.5452604293823242, 'reward_std': 0.10104405134916306, 'frac_reward_zero_std': 0.0, 'sampling/sampling_logp_difference/mean': 0.015114475041627884, 'sampling/sampling_logp_difference/max': 0.44399595260620117, 'sampling/importance_sampling_ratio/min': 0.755402147769928, 'sampling/importance_sampling_ratio/mean': 0.9188198447227478, 'sampling/importance_sampling_ratio/max': 1.2207428216934204, 'entropy': 0.1730776783078909, 'clip_ratio/low_mean': 0.0, 'clip_ratio/low_min': 0.0, 'clip_ratio/high_mean': 0.0, 'clip_ratio/high_max': 0.0, 'clip_ratio/region_mean': 0.0, 'step_time': 6.322315599012654, 'epoch': 0.0}
[LOG 27] loss=-0.0599 lr=4.99e-06 
[STEP    27] step=5.02s | avg=1.01s | 0.99 step/s | elapsed=6.5m | ETA=354.1m
[STEP    27] step=5.05s | avg=1.01s | 0.99 step/s | elapsed=6.5m | ETA=353.8m
[STEP    27] step=0.27s | avg=1.01s | 0.99 step/s | elapsed=6.5m | ETA=354.1m
[STEP    27] step=0.29s | avg=1.01s | 0.99 step/s | elapsed=6.5m | ETA=354.3m
[STEP    27] step=0.28s | avg=1.01s | 0.99 step/s | elapsed=6.5m | ETA=354.6m
[STEP    27] step=0.27s | avg=1.01s | 0.99 step/s | elapsed=6.5m | ETA=354.7m
[STEP    27] step=0.28s | avg=1.01s | 0.99 step/s | elapsed=6.5m | ETA=354.1m
[STEP    27] step=0.29s | avg=1.02s | 0.98 step/s | elapsed=6.5m | ETA=355.3m
[STEP    27] step=0.27s | avg=0.76s | 1.31 step/s | elapsed=6.5m | ETA=267.1m
[STEP    27] step=0.26s | avg=0.74s | 1.35 step/s | elapsed=6.5m | ETA=259.1m
[STEP    27] step=0.27s | avg=0.74s | 1.35 step/s | elapsed=6.5m | ETA=258.1m
[STEP    27] step=0.26s | avg=0.74s | 1.35 step/s | elapsed=6.5m | ETA=259.0m
[STEP    27] step=0.26s | avg=0.74s | 1.36 step/s | elapsed=6.5m | ETA=257.8m
[STEP    27] step=0.28s | avg=0.74s | 1.35 step/s | elapsed=6.5m | ETA=259.0m
[STEP    27] step=0.30s | avg=0.74s | 1.36 step/s | elapsed=6.5m | ETA=257.8m
[STEP    27] step=0.29s | avg=0.74s | 1.35 step/s | elapsed=6.5m | ETA=259.5m
[LOG 28] loss=-0.2158 lr=4.99e-06 
{'loss': -0.2158, 'grad_norm': 3.8125, 'learning_rate': 4.993574182493218e-06, 'num_tokens': 150150.0, 'completions/mean_length': 49.8125, 'completions/min_length': 26.0, 'completions/max_length': 64.0, 'completions/clipped_ratio': 1.0, 'completions/mean_terminated_length': 0.0, 'completions/min_terminated_length': 0.0, 'completions/max_terminated_length': 0.0, 'rewards/compute_reward/mean': 0.5754965543746948, 'rewards/compute_reward/std': 0.12586036324501038, 'reward': 0.5754965543746948, 'reward_std': 0.12586036324501038, 'frac_reward_zero_std': 0.0, 'sampling/sampling_logp_difference/mean': 0.008178428746759892, 'sampling/sampling_logp_difference/max': 1.1841669082641602, 'sampling/importance_sampling_ratio/min': 0.7569367289543152, 'sampling/importance_sampling_ratio/mean': 0.9298043251037598, 'sampling/importance_sampling_ratio/max': 2.028632640838623, 'entropy': 0.08147977478802204, 'clip_ratio/low_mean': 0.0, 'clip_ratio/low_min': 0.0, 'clip_ratio/high_mean': 0.0, 'clip_ratio/high_max': 0.0, 'clip_ratio/region_mean': 0.0, 'step_time': 6.983529206001549, 'epoch': 0.0}
[LOG 28] loss=-0.2158 lr=4.99e-06 
[STEP    28] step=4.50s | avg=0.95s | 1.05 step/s | elapsed=6.6m | ETA=331.9m
[STEP    28] step=4.53s | avg=0.96s | 1.05 step/s | elapsed=6.6m | ETA=334.4m
[STEP    28] step=0.24s | avg=0.95s | 1.05 step/s | elapsed=6.6m | ETA=331.6m
[STEP    28] step=0.23s | avg=0.95s | 1.05 step/s | elapsed=6.6m | ETA=333.9m
[STEP    28] step=0.24s | avg=0.93s | 1.08 step/s | elapsed=6.6m | ETA=323.7m
[STEP    28] step=0.25s | avg=0.93s | 1.07 step/s | elapsed=6.6m | ETA=325.4m
[STEP    28] step=0.25s | avg=0.92s | 1.09 step/s | elapsed=6.6m | ETA=322.0m
[STEP    28] step=0.26s | avg=0.93s | 1.08 step/s | elapsed=6.6m | ETA=324.8m
[STEP    28] step=0.25s | avg=0.71s | 1.40 step/s | elapsed=6.6m | ETA=249.7m
[STEP    28] step=0.26s | avg=0.72s | 1.39 step/s | elapsed=6.6m | ETA=251.9m
[STEP    28] step=0.27s | avg=0.71s | 1.40 step/s | elapsed=6.6m | ETA=249.8m
[STEP    28] step=0.26s | avg=0.72s | 1.39 step/s | elapsed=6.6m | ETA=251.7m
[STEP    28] step=0.27s | avg=0.72s | 1.40 step/s | elapsed=6.6m | ETA=250.1m
[STEP    28] step=0.27s | avg=0.72s | 1.39 step/s | elapsed=6.6m | ETA=252.4m
[STEP    28] step=0.30s | avg=0.72s | 1.39 step/s | elapsed=6.6m | ETA=251.1m
[STEP    28] step=0.30s | avg=0.72s | 1.38 step/s | elapsed=6.6m | ETA=252.8m
[LOG 29] loss=0.0961 lr=4.99e-06 
[LOG 29] loss=0.0961 lr=4.99e-06 
{'loss': 0.0961, 'grad_norm': 6.96875, 'learning_rate': 4.993336189252226e-06, 'num_tokens': 155452.0, 'completions/mean_length': 29.875, 'completions/min_length': 24.0, 'completions/max_length': 37.0, 'completions/clipped_ratio': 1.0, 'completions/mean_terminated_length': 0.0, 'completions/min_terminated_length': 0.0, 'completions/max_terminated_length': 0.0, 'rewards/compute_reward/mean': 0.5018648505210876, 'rewards/compute_reward/std': 0.11669698357582092, 'reward': 0.5018648505210876, 'reward_std': 0.11669696867465973, 'frac_reward_zero_std': 0.0, 'sampling/sampling_logp_difference/mean': 0.013676627539098263, 'sampling/sampling_logp_difference/max': 1.288442611694336, 'sampling/importance_sampling_ratio/min': 0.658678412437439, 'sampling/importance_sampling_ratio/mean': 0.9729711413383484, 'sampling/importance_sampling_ratio/max': 2.629422664642334, 'entropy': 0.15873570181429386, 'clip_ratio/low_mean': 0.0, 'clip_ratio/low_min': 0.0, 'clip_ratio/high_mean': 0.0, 'clip_ratio/high_max': 0.0, 'clip_ratio/region_mean': 0.0, 'step_time': 6.361416564977844, 'epoch': 0.0}
[REWARD] sari=0.434 | final=0.434
------------
Original : The possibility remained that liquid ethane and methane might be found on Titan's poles, where it was expected to be abundant and stable.
Reference: It was still possible to find a large stable source of liquid ethane and methane on the poles of Titan.
Output   : The possibility remained that liquid ethane and methane might be found on Titan's poles, where it was expected to be abundant and stable. 
 

------------
[STEP    29] step=4.44s | avg=0.93s | 1.07 step/s | elapsed=6.7m | ETA=325.7m
[STEP    29] step=4.48s | avg=0.93s | 1.08 step/s | elapsed=6.7m | ETA=324.7m
[STEP    29] step=0.23s | avg=0.93s | 1.08 step/s | elapsed=6.7m | ETA=323.8m
[STEP    29] step=0.30s | avg=0.93s | 1.07 step/s | elapsed=6.7m | ETA=326.4m
[STEP    29] step=0.22s | avg=0.93s | 1.07 step/s | elapsed=6.7m | ETA=325.5m
[STEP    29] step=0.26s | avg=0.93s | 1.08 step/s | elapsed=6.7m | ETA=323.7m
[STEP    29] step=0.25s | avg=0.93s | 1.08 step/s | elapsed=6.7m | ETA=324.3m
[STEP    29] step=0.27s | avg=0.93s | 1.08 step/s | elapsed=6.7m | ETA=323.6m
[STEP    29] step=0.23s | avg=0.69s | 1.46 step/s | elapsed=6.7m | ETA=240.0m
[STEP    29] step=0.31s | avg=0.69s | 1.45 step/s | elapsed=6.7m | ETA=241.5m
[STEP    29] step=0.27s | avg=0.69s | 1.46 step/s | elapsed=6.7m | ETA=240.0m
[STEP    29] step=0.28s | avg=0.69s | 1.45 step/s | elapsed=6.7m | ETA=241.4m
[STEP    29] step=0.27s | avg=0.69s | 1.46 step/s | elapsed=6.7m | ETA=239.8m
[STEP    29] step=0.26s | avg=0.69s | 1.45 step/s | elapsed=6.7m | ETA=241.1m
[STEP    29] step=0.30s | avg=0.69s | 1.46 step/s | elapsed=6.7m | ETA=240.2m
[STEP    29] step=0.28s | avg=0.69s | 1.45 step/s | elapsed=6.7m | ETA=241.0m
[LOG 30] loss=-0.0296 lr=4.99e-06 
[LOG 30] loss=-0.0296 lr=4.99e-06 
{'loss': -0.0296, 'grad_norm': 2.984375, 'learning_rate': 4.993098196011234e-06, 'num_tokens': 160907.0, 'completions/mean_length': 34.9375, 'completions/min_length': 33.0, 'completions/max_length': 37.0, 'completions/clipped_ratio': 1.0, 'completions/mean_terminated_length': 0.0, 'completions/min_terminated_length': 0.0, 'completions/max_terminated_length': 0.0, 'rewards/compute_reward/mean': 0.4589594602584839, 'rewards/compute_reward/std': 0.036851052194833755, 'reward': 0.4589594602584839, 'reward_std': 0.03685104474425316, 'frac_reward_zero_std': 0.0, 'sampling/sampling_logp_difference/mean': 0.007744538597762585, 'sampling/sampling_logp_difference/max': 0.3791232109069824, 'sampling/importance_sampling_ratio/min': 0.7569792866706848, 'sampling/importance_sampling_ratio/mean': 0.8992030620574951, 'sampling/importance_sampling_ratio/max': 1.2451249361038208, 'entropy': 0.09025103226304054, 'clip_ratio/low_mean': 0.0, 'clip_ratio/low_min': 0.0, 'clip_ratio/high_mean': 0.0, 'clip_ratio/high_max': 0.0, 'clip_ratio/region_mean': 0.0, 'step_time': 6.33704059899901, 'epoch': 0.0}
[STEP    30] step=4.34s | avg=0.89s | 1.12 step/s | elapsed=6.8m | ETA=312.3m
[STEP    30] step=4.39s | avg=0.89s | 1.12 step/s | elapsed=6.8m | ETA=312.2m
[STEP    30] step=0.22s | avg=0.89s | 1.12 step/s | elapsed=6.8m | ETA=311.4m
[STEP    30] step=0.28s | avg=0.89s | 1.12 step/s | elapsed=6.8m | ETA=312.7m
[STEP    30] step=0.78s | avg=0.92s | 1.09 step/s | elapsed=6.8m | ETA=320.5m
[STEP    30] step=0.80s | avg=0.92s | 1.09 step/s | elapsed=6.8m | ETA=321.9m
[STEP    30] step=0.25s | avg=0.91s | 1.09 step/s | elapsed=6.8m | ETA=319.7m
[STEP    30] step=0.24s | avg=0.92s | 1.09 step/s | elapsed=6.8m | ETA=321.0m
[STEP    30] step=0.25s | avg=0.70s | 1.42 step/s | elapsed=6.8m | ETA=246.1m
[STEP    30] step=0.30s | avg=0.70s | 1.42 step/s | elapsed=6.8m | ETA=246.3m
[STEP    30] step=0.25s | avg=0.70s | 1.42 step/s | elapsed=6.8m | ETA=246.5m
[STEP    30] step=0.27s | avg=0.71s | 1.42 step/s | elapsed=6.8m | ETA=246.8m
[STEP    30] step=0.76s | avg=0.73s | 1.37 step/s | elapsed=6.9m | ETA=255.3m
[STEP    30] step=0.74s | avg=0.73s | 1.37 step/s | elapsed=6.9m | ETA=255.5m
[STEP    30] step=0.25s | avg=0.73s | 1.37 step/s | elapsed=6.9m | ETA=255.6m
[STEP    30] step=0.29s | avg=0.73s | 1.37 step/s | elapsed=6.9m | ETA=255.9m
[LOG 31] loss=0.0324 lr=4.99e-06 
{'loss': 0.0324, 'grad_norm': 5.75, 'learning_rate': 4.992860202770241e-06, 'num_tokens': 166163.0, 'completions/mean_length': 26.0, 'completions/min_length': 22.0, 'completions/max_length': 28.0, 'completions/clipped_ratio': 1.0, 'completions/mean_terminated_length': 0.0, 'completions/min_terminated_length': 0.0, 'completions/max_terminated_length': 0.0, 'rewards/compute_reward/mean': 0.49154022336006165, 'rewards/compute_reward/std': 0.06043948233127594, 'reward': 0.49154022336006165, 'reward_std': 0.060439493507146835, 'frac_reward_zero_std': 0.0, 'sampling/sampling_logp_difference/mean': 0.009985284879803658, 'sampling/sampling_logp_difference/max': 0.43870067596435547, 'sampling/importance_sampling_ratio/min': 0.8238409161567688, 'sampling/importance_sampling_ratio/mean': 0.9053400158882141, 'sampling/importance_sampling_ratio/max': 1.247854471206665, 'entropy': 0.1264135604724288, 'clip_ratio/low_mean': 0.0, 'clip_ratio/low_min': 0.0, 'clip_ratio/high_mean': 0.0, 'clip_ratio/high_max': 0.0, 'clip_ratio/region_mean': 0.0, 'step_time': 7.213073763021384, 'epoch': 0.0}
[LOG 31] loss=0.0324 lr=4.99e-06 
[STEP    31] step=4.56s | avg=0.95s | 1.06 step/s | elapsed=6.9m | ETA=331.0m
[STEP    31] step=4.59s | avg=0.95s | 1.05 step/s | elapsed=6.9m | ETA=331.4m
[STEP    31] step=0.28s | avg=0.95s | 1.06 step/s | elapsed=6.9m | ETA=331.3m
[STEP    31] step=0.27s | avg=0.95s | 1.05 step/s | elapsed=6.9m | ETA=331.5m
[STEP    31] step=0.27s | avg=0.95s | 1.06 step/s | elapsed=7.0m | ETA=331.3m
[STEP    31] step=0.27s | avg=0.95s | 1.05 step/s | elapsed=7.0m | ETA=331.5m
[STEP    31] step=0.22s | avg=0.94s | 1.06 step/s | elapsed=7.0m | ETA=330.0m
[STEP    31] step=0.27s | avg=0.95s | 1.06 step/s | elapsed=7.0m | ETA=330.9m
[STEP    31] step=0.23s | avg=0.74s | 1.36 step/s | elapsed=7.0m | ETA=257.3m
[STEP    31] step=0.28s | avg=0.73s | 1.36 step/s | elapsed=7.0m | ETA=256.6m
[STEP    31] step=0.27s | avg=0.73s | 1.36 step/s | elapsed=7.0m | ETA=256.7m
[STEP    31] step=0.28s | avg=0.74s | 1.36 step/s | elapsed=7.0m | ETA=257.5m
[STEP    31] step=0.27s | avg=0.74s | 1.36 step/s | elapsed=7.0m | ETA=257.5m
[STEP    31] step=0.25s | avg=0.74s | 1.36 step/s | elapsed=7.0m | ETA=257.2m
[STEP    31] step=0.29s | avg=0.74s | 1.35 step/s | elapsed=7.0m | ETA=258.2m
[STEP    31] step=0.29s | avg=0.74s | 1.36 step/s | elapsed=7.0m | ETA=257.5m
[LOG 32] loss=0.1445 lr=4.99e-06 
{'loss': 0.1445, 'grad_norm': 4.3125, 'learning_rate': 4.99262220952925e-06, 'num_tokens': 171742.0, 'completions/mean_length': 39.1875, 'completions/min_length': 35.0, 'completions/max_length': 42.0, 'completions/clipped_ratio': 1.0, 'completions/mean_terminated_length': 0.0, 'completions/min_terminated_length': 0.0, 'completions/max_terminated_length': 0.0, 'rewards/compute_reward/mean': 0.5004900693893433, 'rewards/compute_reward/std': 0.12399747222661972, 'reward': 0.5004900693893433, 'reward_std': 0.12399745732545853, 'frac_reward_zero_std': 0.0, 'sampling/sampling_logp_difference/mean': 0.006556199863553047, 'sampling/sampling_logp_difference/max': 0.41525983810424805, 'sampling/importance_sampling_ratio/min': 0.829393744468689, 'sampling/importance_sampling_ratio/mean': 0.9850949645042419, 'sampling/importance_sampling_ratio/max': 1.3726385831832886, 'entropy': 0.07628647238016129, 'clip_ratio/low_mean': 0.0, 'clip_ratio/low_min': 0.0, 'clip_ratio/high_mean': 0.0, 'clip_ratio/high_max': 0.0, 'clip_ratio/region_mean': 0.0, 'step_time': 6.427567517006537, 'epoch': 0.0}
[LOG 32] loss=0.1445 lr=4.99e-06 
[STEP    32] step=4.45s | avg=0.95s | 1.06 step/s | elapsed=7.1m | ETA=331.2m
[STEP    32] step=4.47s | avg=0.95s | 1.06 step/s | elapsed=7.1m | ETA=331.0m
[STEP    32] step=0.25s | avg=0.95s | 1.06 step/s | elapsed=7.1m | ETA=330.9m
[STEP    32] step=0.25s | avg=0.95s | 1.06 step/s | elapsed=7.1m | ETA=330.5m
[STEP    32] step=0.22s | avg=0.94s | 1.06 step/s | elapsed=7.1m | ETA=329.9m
[STEP    32] step=0.26s | avg=0.95s | 1.06 step/s | elapsed=7.1m | ETA=330.8m
[STEP    32] step=0.27s | avg=0.94s | 1.06 step/s | elapsed=7.1m | ETA=329.6m
[STEP    32] step=0.27s | avg=0.94s | 1.06 step/s | elapsed=7.1m | ETA=330.2m
[STEP    32] step=0.24s | avg=0.74s | 1.36 step/s | elapsed=7.1m | ETA=258.0m
[STEP    32] step=0.25s | avg=0.74s | 1.36 step/s | elapsed=7.1m | ETA=257.9m
[STEP    32] step=0.26s | avg=0.74s | 1.36 step/s | elapsed=7.1m | ETA=257.7m
[STEP    32] step=0.26s | avg=0.74s | 1.35 step/s | elapsed=7.1m | ETA=258.6m
[STEP    32] step=0.27s | avg=0.71s | 1.41 step/s | elapsed=7.1m | ETA=248.4m
[STEP    32] step=0.27s | avg=0.71s | 1.40 step/s | elapsed=7.1m | ETA=249.5m
[STEP    32] step=0.27s | avg=0.71s | 1.40 step/s | elapsed=7.1m | ETA=248.9m
[STEP    32] step=0.28s | avg=0.72s | 1.40 step/s | elapsed=7.1m | ETA=250.1m
[LOG 33] loss=-0.0578 lr=4.99e-06 
{'loss': -0.0578, 'grad_norm': 4.5625, 'learning_rate': 4.992384216288258e-06, 'num_tokens': 177027.0, 'completions/mean_length': 29.8125, 'completions/min_length': 25.0, 'completions/max_length': 35.0, 'completions/clipped_ratio': 1.0, 'completions/mean_terminated_length': 0.0, 'completions/min_terminated_length': 0.0, 'completions/max_terminated_length': 0.0, 'rewards/compute_reward/mean': 0.32319381833076477, 'rewards/compute_reward/std': 0.2394283413887024, 'reward': 0.32319381833076477, 'reward_std': 0.2394283264875412, 'frac_reward_zero_std': 0.5, 'sampling/sampling_logp_difference/mean': 0.00739929499104619, 'sampling/sampling_logp_difference/max': 0.6060309410095215, 'sampling/importance_sampling_ratio/min': 0.7728650569915771, 'sampling/importance_sampling_ratio/mean': 0.9703987240791321, 'sampling/importance_sampling_ratio/max': 2.211211919784546, 'entropy': 0.08753159549087286, 'clip_ratio/low_mean': 0.0, 'clip_ratio/low_min': 0.0, 'clip_ratio/high_mean': 0.0, 'clip_ratio/high_max': 0.0, 'clip_ratio/region_mean': 0.0, 'step_time': 6.259529106988339, 'epoch': 0.0}
[LOG 33] loss=-0.0578 lr=4.99e-06 
[STEP    33] step=4.44s | avg=0.92s | 1.08 step/s | elapsed=7.2m | ETA=322.3m
[STEP    33] step=4.49s | avg=0.92s | 1.08 step/s | elapsed=7.2m | ETA=323.0m
[STEP    33] step=0.23s | avg=0.92s | 1.08 step/s | elapsed=7.2m | ETA=322.6m
[STEP    33] step=0.30s | avg=0.92s | 1.08 step/s | elapsed=7.2m | ETA=323.0m
[STEP    33] step=0.24s | avg=0.90s | 1.11 step/s | elapsed=7.2m | ETA=313.6m
[STEP    33] step=0.26s | avg=0.90s | 1.11 step/s | elapsed=7.2m | ETA=314.6m
[STEP    33] step=0.21s | avg=0.90s | 1.11 step/s | elapsed=7.2m | ETA=313.8m
[STEP    33] step=0.30s | avg=0.90s | 1.11 step/s | elapsed=7.2m | ETA=313.7m
[STEP    33] step=0.27s | avg=0.68s | 1.47 step/s | elapsed=7.2m | ETA=238.2m
[STEP    33] step=0.26s | avg=0.68s | 1.47 step/s | elapsed=7.2m | ETA=238.6m
[STEP    33] step=0.23s | avg=0.68s | 1.47 step/s | elapsed=7.2m | ETA=237.7m
[STEP    33] step=0.28s | avg=0.68s | 1.47 step/s | elapsed=7.2m | ETA=238.4m
[STEP    33] step=0.24s | avg=0.68s | 1.47 step/s | elapsed=7.2m | ETA=237.3m
[STEP    33] step=0.26s | avg=0.68s | 1.47 step/s | elapsed=7.2m | ETA=238.2m
[STEP    33] step=0.31s | avg=0.68s | 1.47 step/s | elapsed=7.2m | ETA=238.0m
[STEP    33] step=0.32s | avg=0.69s | 1.46 step/s | elapsed=7.2m | ETA=240.0m
[LOG 34] loss=-0.0267 lr=4.99e-06 
{'loss': -0.0267, 'grad_norm': 4.28125, 'learning_rate': 4.992146223047266e-06, 'num_tokens': 182016.0, 'completions/mean_length': 20.3125, 'completions/min_length': 17.0, 'completions/max_length': 28.0, 'completions/clipped_ratio': 1.0, 'completions/mean_terminated_length': 0.0, 'completions/min_terminated_length': 0.0, 'completions/max_terminated_length': 0.0, 'rewards/compute_reward/mean': 0.6391730308532715, 'rewards/compute_reward/std': 0.31331750750541687, 'reward': 0.6391730308532715, 'reward_std': 0.31331756711006165, 'frac_reward_zero_std': 0.5, 'sampling/sampling_logp_difference/mean': 0.009936604648828506, 'sampling/sampling_logp_difference/max': 0.424990177154541, 'sampling/importance_sampling_ratio/min': 0.8101183772087097, 'sampling/importance_sampling_ratio/mean': 1.0097943544387817, 'sampling/importance_sampling_ratio/max': 1.5637483596801758, 'entropy': 0.08138752169907093, 'clip_ratio/low_mean': 0.0, 'clip_ratio/low_min': 0.0, 'clip_ratio/high_mean': 0.0, 'clip_ratio/high_max': 0.0, 'clip_ratio/region_mean': 0.0, 'step_time': 6.304432803983218, 'epoch': 0.0}
[LOG 34] loss=-0.0267 lr=4.99e-06 
[STEP    34] step=4.50s | avg=0.89s | 1.12 step/s | elapsed=7.3m | ETA=312.6m
[STEP    34] step=4.51s | avg=0.90s | 1.11 step/s | elapsed=7.3m | ETA=314.0m
[STEP    34] step=0.22s | avg=0.90s | 1.12 step/s | elapsed=7.3m | ETA=312.9m
[STEP    34] step=0.26s | avg=0.89s | 1.12 step/s | elapsed=7.3m | ETA=312.4m
[STEP    34] step=0.23s | avg=0.89s | 1.12 step/s | elapsed=7.3m | ETA=311.8m
[STEP    34] step=0.30s | avg=0.90s | 1.11 step/s | elapsed=7.3m | ETA=313.8m
[STEP    34] step=0.27s | avg=0.89s | 1.12 step/s | elapsed=7.3m | ETA=311.5m
[STEP    34] step=0.26s | avg=0.90s | 1.12 step/s | elapsed=7.3m | ETA=313.3m
[STEP    34] step=0.27s | avg=0.68s | 1.47 step/s | elapsed=7.3m | ETA=238.1m
[STEP    34] step=0.27s | avg=0.69s | 1.46 step/s | elapsed=7.3m | ETA=240.1m
[STEP    34] step=0.23s | avg=0.69s | 1.46 step/s | elapsed=7.3m | ETA=239.7m
[STEP    34] step=0.27s | avg=0.68s | 1.47 step/s | elapsed=7.3m | ETA=238.4m
[STEP    34] step=0.23s | avg=0.68s | 1.47 step/s | elapsed=7.3m | ETA=238.6m
[STEP    34] step=0.26s | avg=0.69s | 1.46 step/s | elapsed=7.3m | ETA=239.8m
[STEP    34] step=0.28s | avg=0.69s | 1.46 step/s | elapsed=7.3m | ETA=239.9m
[STEP    34] step=0.32s | avg=0.69s | 1.46 step/s | elapsed=7.3m | ETA=239.5m
[LOG 35] loss=0.1077 lr=4.99e-06 
[LOG 35] loss=0.1077 lr=4.99e-06 
{'loss': 0.1077, 'grad_norm': 7.71875, 'learning_rate': 4.991908229806273e-06, 'num_tokens': 187247.0, 'completions/mean_length': 27.9375, 'completions/min_length': 24.0, 'completions/max_length': 30.0, 'completions/clipped_ratio': 1.0, 'completions/mean_terminated_length': 0.0, 'completions/min_terminated_length': 0.0, 'completions/max_terminated_length': 0.0, 'rewards/compute_reward/mean': 0.5248136520385742, 'rewards/compute_reward/std': 0.08831983804702759, 'reward': 0.5248136520385742, 'reward_std': 0.0883198231458664, 'frac_reward_zero_std': 0.0, 'sampling/sampling_logp_difference/mean': 0.01622866839170456, 'sampling/sampling_logp_difference/max': 0.4522984027862549, 'sampling/importance_sampling_ratio/min': 0.6663495898246765, 'sampling/importance_sampling_ratio/mean': 1.0679428577423096, 'sampling/importance_sampling_ratio/max': 2.361764669418335, 'entropy': 0.147937404923141, 'clip_ratio/low_mean': 0.0, 'clip_ratio/low_min': 0.0, 'clip_ratio/high_mean': 0.0, 'clip_ratio/high_max': 0.0, 'clip_ratio/region_mean': 0.0, 'step_time': 6.352734196028905, 'epoch': 0.0}
[STEP    35] step=4.50s | avg=0.90s | 1.11 step/s | elapsed=7.4m | ETA=314.2m
[STEP    35] step=4.54s | avg=0.90s | 1.11 step/s | elapsed=7.4m | ETA=314.5m
[STEP    35] step=0.23s | avg=0.90s | 1.11 step/s | elapsed=7.4m | ETA=313.8m
[STEP    35] step=0.28s | avg=0.90s | 1.11 step/s | elapsed=7.4m | ETA=314.6m
[STEP    35] step=0.21s | avg=0.90s | 1.11 step/s | elapsed=7.4m | ETA=313.6m
[STEP    35] step=0.26s | avg=0.90s | 1.11 step/s | elapsed=7.4m | ETA=313.8m
[STEP    35] step=0.23s | avg=0.90s | 1.12 step/s | elapsed=7.4m | ETA=313.1m
[STEP    35] step=0.28s | avg=0.90s | 1.11 step/s | elapsed=7.4m | ETA=313.6m
[STEP    35] step=0.26s | avg=0.68s | 1.46 step/s | elapsed=7.4m | ETA=239.1m
[STEP    35] step=0.25s | avg=0.69s | 1.45 step/s | elapsed=7.4m | ETA=240.5m
[STEP    35] step=0.72s | avg=0.71s | 1.41 step/s | elapsed=7.4m | ETA=247.8m
[STEP    35] step=0.76s | avg=0.71s | 1.41 step/s | elapsed=7.4m | ETA=248.3m
[STEP    35] step=0.23s | avg=0.71s | 1.41 step/s | elapsed=7.4m | ETA=248.1m
[STEP    35] step=0.28s | avg=0.71s | 1.41 step/s | elapsed=7.4m | ETA=248.2m
[STEP    35] step=0.25s | avg=0.71s | 1.40 step/s | elapsed=7.4m | ETA=248.9m
[STEP    35] step=0.30s | avg=0.71s | 1.41 step/s | elapsed=7.4m | ETA=248.0m
[LOG 36] loss=0.1443 lr=4.99e-06 
[LOG 36] loss=0.1443 lr=4.99e-06 
{'loss': 0.1443, 'grad_norm': 7.0, 'learning_rate': 4.991670236565282e-06, 'num_tokens': 192460.0, 'completions/mean_length': 27.3125, 'completions/min_length': 20.0, 'completions/max_length': 35.0, 'completions/clipped_ratio': 1.0, 'completions/mean_terminated_length': 0.0, 'completions/min_terminated_length': 0.0, 'completions/max_terminated_length': 0.0, 'rewards/compute_reward/mean': 0.5968195199966431, 'rewards/compute_reward/std': 0.06608015298843384, 'reward': 0.5968195199966431, 'reward_std': 0.06608015298843384, 'frac_reward_zero_std': 0.5, 'sampling/sampling_logp_difference/mean': 0.005707588978111744, 'sampling/sampling_logp_difference/max': 0.37696075439453125, 'sampling/importance_sampling_ratio/min': 0.8874930739402771, 'sampling/importance_sampling_ratio/mean': 0.9446994066238403, 'sampling/importance_sampling_ratio/max': 1.772632122039795, 'entropy': 0.06649953592568636, 'clip_ratio/low_mean': 0.0, 'clip_ratio/low_min': 0.0, 'clip_ratio/high_mean': 0.0, 'clip_ratio/high_max': 0.0, 'clip_ratio/region_mean': 0.0, 'step_time': 6.793974436979624, 'epoch': 0.01}
[STEP    36] step=4.48s | avg=0.92s | 1.08 step/s | elapsed=7.5m | ETA=322.6m
[STEP    36] step=4.48s | avg=0.92s | 1.09 step/s | elapsed=7.5m | ETA=321.7m
[STEP    36] step=0.71s | avg=0.94s | 1.06 step/s | elapsed=7.5m | ETA=330.1m
[STEP    36] step=0.76s | avg=0.95s | 1.06 step/s | elapsed=7.5m | ETA=330.9m
[STEP    36] step=0.23s | avg=0.94s | 1.06 step/s | elapsed=7.6m | ETA=329.8m
[STEP    36] step=0.24s | avg=0.95s | 1.06 step/s | elapsed=7.6m | ETA=330.5m
[STEP    36] step=0.27s | avg=0.94s | 1.06 step/s | elapsed=7.6m | ETA=329.1m
[STEP    36] step=0.27s | avg=0.94s | 1.06 step/s | elapsed=7.6m | ETA=329.6m
[STEP    36] step=0.27s | avg=0.73s | 1.37 step/s | elapsed=7.6m | ETA=255.2m
[STEP    36] step=0.27s | avg=0.73s | 1.37 step/s | elapsed=7.6m | ETA=255.4m
[STEP    36] step=0.28s | avg=0.73s | 1.37 step/s | elapsed=7.6m | ETA=255.6m
[STEP    36] step=0.27s | avg=0.73s | 1.36 step/s | elapsed=7.6m | ETA=256.3m
[STEP    36] step=0.24s | avg=0.73s | 1.37 step/s | elapsed=7.6m | ETA=255.8m
[STEP    36] step=0.26s | avg=0.73s | 1.37 step/s | elapsed=7.6m | ETA=255.6m
[STEP    36] step=0.31s | avg=0.73s | 1.36 step/s | elapsed=7.6m | ETA=256.5m
[STEP    36] step=0.29s | avg=0.73s | 1.36 step/s | elapsed=7.6m | ETA=256.1m
[LOG 37] loss=0.2542 lr=4.99e-06 
[LOG 37] loss=0.2542 lr=4.99e-06 
{'loss': 0.2542, 'grad_norm': 10.5625, 'learning_rate': 4.99143224332429e-06, 'num_tokens': 197441.0, 'completions/mean_length': 20.8125, 'completions/min_length': 19.0, 'completions/max_length': 40.0, 'completions/clipped_ratio': 1.0, 'completions/mean_terminated_length': 0.0, 'completions/min_terminated_length': 0.0, 'completions/max_terminated_length': 0.0, 'rewards/compute_reward/mean': 0.5425707101821899, 'rewards/compute_reward/std': 0.14168426394462585, 'reward': 0.5425707101821899, 'reward_std': 0.14168426394462585, 'frac_reward_zero_std': 0.5, 'sampling/sampling_logp_difference/mean': 0.009180172346532345, 'sampling/sampling_logp_difference/max': 1.2751264572143555, 'sampling/importance_sampling_ratio/min': 0.9364144206047058, 'sampling/importance_sampling_ratio/mean': 0.979718804359436, 'sampling/importance_sampling_ratio/max': 1.3211216926574707, 'entropy': 0.07498221471905708, 'clip_ratio/low_mean': 0.0, 'clip_ratio/low_min': 0.0, 'clip_ratio/high_mean': 0.0, 'clip_ratio/high_max': 0.0, 'clip_ratio/region_mean': 0.0, 'step_time': 6.785460576982587, 'epoch': 0.01}
[STEP    37] step=4.77s | avg=0.96s | 1.04 step/s | elapsed=7.7m | ETA=335.1m
[STEP    37] step=4.82s | avg=0.96s | 1.04 step/s | elapsed=7.7m | ETA=335.6m
[STEP    37] step=0.25s | avg=0.96s | 1.04 step/s | elapsed=7.7m | ETA=334.6m
[STEP    37] step=0.25s | avg=0.96s | 1.04 step/s | elapsed=7.7m | ETA=336.0m
[STEP    37] step=0.30s | avg=0.96s | 1.04 step/s | elapsed=7.7m | ETA=335.9m
[STEP    37] step=0.28s | avg=0.96s | 1.04 step/s | elapsed=7.7m | ETA=336.4m
[STEP    37] step=0.25s | avg=0.96s | 1.04 step/s | elapsed=7.7m | ETA=335.8m
[STEP    37] step=0.30s | avg=0.96s | 1.04 step/s | elapsed=7.7m | ETA=335.6m
[STEP    37] step=0.26s | avg=0.75s | 1.34 step/s | elapsed=7.7m | ETA=261.6m
[STEP    37] step=0.25s | avg=0.75s | 1.34 step/s | elapsed=7.7m | ETA=260.6m
[STEP    37] step=0.23s | avg=0.75s | 1.34 step/s | elapsed=7.7m | ETA=260.5m
[STEP    37] step=0.30s | avg=0.75s | 1.33 step/s | elapsed=7.7m | ETA=262.0m
[STEP    37] step=0.28s | avg=0.75s | 1.34 step/s | elapsed=7.7m | ETA=260.8m
[STEP    37] step=0.26s | avg=0.75s | 1.33 step/s | elapsed=7.7m | ETA=262.8m
[STEP    37] step=0.29s | avg=0.75s | 1.33 step/s | elapsed=7.7m | ETA=262.0m
[STEP    37] step=0.30s | avg=0.75s | 1.33 step/s | elapsed=7.7m | ETA=263.1m
[LOG 38] loss=-0.0734 lr=4.99e-06 
{'loss': -0.0734, 'grad_norm': 5.8125, 'learning_rate': 4.991194250083298e-06, 'num_tokens': 203130.0, 'completions/mean_length': 42.5625, 'completions/min_length': 33.0, 'completions/max_length': 54.0, 'completions/clipped_ratio': 1.0, 'completions/mean_terminated_length': 0.0, 'completions/min_terminated_length': 0.0, 'completions/max_terminated_length': 0.0, 'rewards/compute_reward/mean': 0.472076416015625, 'rewards/compute_reward/std': 0.11958158016204834, 'reward': 0.472076416015625, 'reward_std': 0.11958157271146774, 'frac_reward_zero_std': 0.0, 'sampling/sampling_logp_difference/mean': 0.009657262824475765, 'sampling/sampling_logp_difference/max': 0.8459525108337402, 'sampling/importance_sampling_ratio/min': 0.0, 'sampling/importance_sampling_ratio/mean': 0.9615782499313354, 'sampling/importance_sampling_ratio/max': 2.125840187072754, 'entropy': 0.07917279005050659, 'clip_ratio/low_mean': 0.0, 'clip_ratio/low_min': 0.0, 'clip_ratio/high_mean': 0.0, 'clip_ratio/high_max': 0.0, 'clip_ratio/region_mean': 0.0, 'step_time': 6.66898473497713, 'epoch': 0.01}
[LOG 38] loss=-0.0734 lr=4.99e-06 
[STEP    38] step=4.65s | avg=0.97s | 1.03 step/s | elapsed=7.8m | ETA=339.9m
[STEP    38] step=4.68s | avg=0.97s | 1.03 step/s | elapsed=7.8m | ETA=339.4m
[STEP    38] step=0.22s | avg=0.94s | 1.06 step/s | elapsed=7.8m | ETA=329.9m
[STEP    38] step=0.26s | avg=0.95s | 1.05 step/s | elapsed=7.8m | ETA=332.0m
[STEP    38] step=0.22s | avg=0.95s | 1.06 step/s | elapsed=7.8m | ETA=330.9m
[STEP    38] step=0.26s | avg=0.95s | 1.06 step/s | elapsed=7.8m | ETA=330.4m
[STEP    38] step=0.22s | avg=0.94s | 1.06 step/s | elapsed=7.8m | ETA=329.1m
[STEP    38] step=0.26s | avg=0.95s | 1.06 step/s | elapsed=7.8m | ETA=331.1m
[STEP    38] step=0.23s | avg=0.73s | 1.36 step/s | elapsed=7.8m | ETA=256.8m
[STEP    38] step=0.29s | avg=0.73s | 1.37 step/s | elapsed=7.8m | ETA=255.8m
[STEP    38] step=0.26s | avg=0.71s | 1.41 step/s | elapsed=7.8m | ETA=248.1m
[STEP    38] step=0.25s | avg=0.71s | 1.41 step/s | elapsed=7.8m | ETA=247.8m
[STEP    38] step=0.23s | avg=0.71s | 1.41 step/s | elapsed=7.8m | ETA=247.8m
[STEP    38] step=0.30s | avg=0.71s | 1.40 step/s | elapsed=7.8m | ETA=249.1m
[STEP    38] step=0.30s | avg=0.71s | 1.41 step/s | elapsed=7.8m | ETA=248.4m
[STEP    38] step=0.27s | avg=0.71s | 1.40 step/s | elapsed=7.8m | ETA=249.2m
[LOG 39] loss=-0.0680 lr=4.99e-06 
{'loss': -0.068, 'grad_norm': 3.390625, 'learning_rate': 4.9909562568423055e-06, 'num_tokens': 208745.0, 'completions/mean_length': 39.9375, 'completions/min_length': 33.0, 'completions/max_length': 46.0, 'completions/clipped_ratio': 1.0, 'completions/mean_terminated_length': 0.0, 'completions/min_terminated_length': 0.0, 'completions/max_terminated_length': 0.0, 'rewards/compute_reward/mean': 0.5112588405609131, 'rewards/compute_reward/std': 0.05743617191910744, 'reward': 0.5112588405609131, 'reward_std': 0.05743618682026863, 'frac_reward_zero_std': 0.0, 'sampling/sampling_logp_difference/mean': 0.004903162829577923, 'sampling/sampling_logp_difference/max': 0.317706823348999, 'sampling/importance_sampling_ratio/min': 0.8077173233032227, 'sampling/importance_sampling_ratio/mean': 0.8999941945075989, 'sampling/importance_sampling_ratio/max': 1.1873408555984497, 'entropy': 0.06467427825555205, 'clip_ratio/low_mean': 0.0, 'clip_ratio/low_min': 0.0, 'clip_ratio/high_mean': 0.0, 'clip_ratio/high_max': 0.0, 'clip_ratio/region_mean': 0.0, 'step_time': 6.445493338993401, 'epoch': 0.01}
[LOG 39] loss=-0.0680 lr=4.99e-06 
[REWARD] sari=0.506 | final=0.506
------------
Original : R. M. Urquhart, Scottish Civic Heraldry, London, 1979 On the abolition of the district council in 1996, the arms reverted to the Crown.
Reference: R. M. Urquhart, Scottish Civic Heraldry, London, 1979 When the District Council was removed in 1996, arms returned to the Crown.
Output   : R. M. Urquhart, Scottish Civic Heraldry, London, 1979. On the abolition of the district council in 1996, the arms reverted to the Crown. 
 

------------
[STEP    39] step=4.71s | avg=0.94s | 1.07 step/s | elapsed=7.9m | ETA=326.9m
[STEP    39] step=4.74s | avg=0.93s | 1.07 step/s | elapsed=7.9m | ETA=326.6m
[STEP    39] step=0.26s | avg=0.93s | 1.07 step/s | elapsed=7.9m | ETA=326.6m
[STEP    39] step=0.25s | avg=0.93s | 1.07 step/s | elapsed=7.9m | ETA=326.1m
[STEP    39] step=0.24s | avg=0.93s | 1.07 step/s | elapsed=7.9m | ETA=326.2m
[STEP    39] step=0.24s | avg=0.93s | 1.07 step/s | elapsed=7.9m | ETA=326.2m
[STEP    39] step=0.26s | avg=0.93s | 1.07 step/s | elapsed=7.9m | ETA=325.7m
[STEP    39] step=0.26s | avg=0.93s | 1.07 step/s | elapsed=7.9m | ETA=325.3m
[STEP    39] step=0.25s | avg=0.70s | 1.42 step/s | elapsed=7.9m | ETA=246.2m
[STEP    39] step=0.30s | avg=0.71s | 1.42 step/s | elapsed=7.9m | ETA=246.7m
[STEP    39] step=0.26s | avg=0.71s | 1.42 step/s | elapsed=7.9m | ETA=246.4m
[STEP    39] step=0.25s | avg=0.71s | 1.42 step/s | elapsed=7.9m | ETA=246.7m
[STEP    39] step=0.26s | avg=0.70s | 1.42 step/s | elapsed=7.9m | ETA=246.3m
[STEP    39] step=0.29s | avg=0.70s | 1.42 step/s | elapsed=7.9m | ETA=246.3m
[STEP    39] step=0.28s | avg=0.70s | 1.42 step/s | elapsed=7.9m | ETA=245.9m
[STEP    39] step=0.33s | avg=0.71s | 1.41 step/s | elapsed=7.9m | ETA=247.7m
[LOG 40] loss=0.2259 lr=4.99e-06 

Saving checkpoint at step 40
Path: /home/aayguade/simplification/training/trainer_output/checkpoint-40

[LOG 40] loss=0.2259 lr=4.99e-06 
{'loss': 0.2259, 'grad_norm': 7.78125, 'learning_rate': 4.990718263601314e-06, 'num_tokens': 214404.0, 'completions/mean_length': 40.6875, 'completions/min_length': 20.0, 'completions/max_length': 49.0, 'completions/clipped_ratio': 1.0, 'completions/mean_terminated_length': 0.0, 'completions/min_terminated_length': 0.0, 'completions/max_terminated_length': 0.0, 'rewards/compute_reward/mean': 0.5390052795410156, 'rewards/compute_reward/std': 0.12690070271492004, 'reward': 0.5390052795410156, 'reward_std': 0.12690068781375885, 'frac_reward_zero_std': 0.0, 'sampling/sampling_logp_difference/mean': 0.011488374322652817, 'sampling/sampling_logp_difference/max': 0.7336292266845703, 'sampling/importance_sampling_ratio/min': 0.6947774291038513, 'sampling/importance_sampling_ratio/mean': 1.1209949254989624, 'sampling/importance_sampling_ratio/max': 2.5054819583892822, 'entropy': 0.10341233853250742, 'clip_ratio/low_mean': 0.0, 'clip_ratio/low_min': 0.0, 'clip_ratio/high_mean': 0.0, 'clip_ratio/high_max': 0.0, 'clip_ratio/region_mean': 0.0, 'step_time': 6.5791006609943, 'epoch': 0.01}

Saving checkpoint at step 40
Path: /home/aayguade/simplification/training/trainer_output/checkpoint-40

[STEP    40] step=191.07s | avg=10.25s | 0.10 step/s | elapsed=11.1m | ETA=3581.9m
[STEP    40] step=4.88s | avg=0.94s | 1.07 step/s | elapsed=11.1m | ETA=326.9m
[STEP    40] step=0.24s | avg=10.25s | 0.10 step/s | elapsed=11.1m | ETA=3580.8m
[STEP    40] step=0.23s | avg=0.94s | 1.07 step/s | elapsed=11.1m | ETA=327.0m
[STEP    40] step=0.27s | avg=10.25s | 0.10 step/s | elapsed=11.1m | ETA=3581.1m
[STEP    40] step=0.26s | avg=0.93s | 1.07 step/s | elapsed=11.1m | ETA=326.6m
[STEP    40] step=0.26s | avg=10.25s | 0.10 step/s | elapsed=11.1m | ETA=3580.5m
[STEP    40] step=0.27s | avg=0.93s | 1.07 step/s | elapsed=11.1m | ETA=326.1m
[STEP    40] step=0.26s | avg=10.03s | 0.10 step/s | elapsed=11.2m | ETA=3503.8m
[STEP    40] step=0.27s | avg=0.71s | 1.40 step/s | elapsed=11.2m | ETA=249.0m
[STEP    40] step=0.76s | avg=10.05s | 0.10 step/s | elapsed=11.2m | ETA=3512.6m
[STEP    40] step=0.78s | avg=0.74s | 1.35 step/s | elapsed=11.2m | ETA=259.0m
[STEP    40] step=0.29s | avg=10.05s | 0.10 step/s | elapsed=11.2m | ETA=3513.9m
[STEP    40] step=0.28s | avg=0.74s | 1.35 step/s | elapsed=11.2m | ETA=259.4m
[STEP    40] step=0.26s | avg=0.74s | 1.34 step/s | elapsed=11.2m | ETA=260.1m
[STEP    40] step=0.35s | avg=10.06s | 0.10 step/s | elapsed=11.2m | ETA=3515.3m
[LOG 41] loss=0.3085 lr=4.99e-06 
[LOG 41] loss=0.3085 lr=4.99e-06 
{'loss': 0.3085, 'grad_norm': 12.125, 'learning_rate': 4.9904802703603224e-06, 'num_tokens': 219896.0, 'completions/mean_length': 36.25, 'completions/min_length': 29.0, 'completions/max_length': 46.0, 'completions/clipped_ratio': 1.0, 'completions/mean_terminated_length': 0.0, 'completions/min_terminated_length': 0.0, 'completions/max_terminated_length': 0.0, 'rewards/compute_reward/mean': 0.38952261209487915, 'rewards/compute_reward/std': 0.07635802775621414, 'reward': 0.38952261209487915, 'reward_std': 0.07635803520679474, 'frac_reward_zero_std': 0.0, 'sampling/sampling_logp_difference/mean': 0.0042738476768136024, 'sampling/sampling_logp_difference/max': 0.6470332145690918, 'sampling/importance_sampling_ratio/min': 0.936211109161377, 'sampling/importance_sampling_ratio/mean': 1.081400990486145, 'sampling/importance_sampling_ratio/max': 2.8050341606140137, 'entropy': 0.02513904799707234, 'clip_ratio/low_mean': 0.0, 'clip_ratio/low_min': 0.0, 'clip_ratio/high_mean': 0.0, 'clip_ratio/high_max': 0.0, 'clip_ratio/region_mean': 0.0, 'step_time': 7.238098544970853, 'epoch': 0.01}
[STEP    41] step=4.47s | avg=0.95s | 1.05 step/s | elapsed=11.3m | ETA=333.2m
[STEP    41] step=4.51s | avg=10.27s | 0.10 step/s | elapsed=11.3m | ETA=3590.0m
[STEP    41] step=0.76s | avg=10.30s | 0.10 step/s | elapsed=11.3m | ETA=3598.7m
[STEP    41] step=0.82s | avg=0.98s | 1.02 step/s | elapsed=11.3m | ETA=343.1m
[STEP    41] step=0.27s | avg=10.30s | 0.10 step/s | elapsed=11.3m | ETA=3598.3m
[STEP    41] step=0.27s | avg=0.98s | 1.02 step/s | elapsed=11.3m | ETA=343.8m
[STEP    41] step=0.25s | avg=0.98s | 1.02 step/s | elapsed=11.3m | ETA=342.9m
[STEP    41] step=0.31s | avg=10.30s | 0.10 step/s | elapsed=11.3m | ETA=3598.9m
[STEP    41] step=0.27s | avg=0.76s | 1.32 step/s | elapsed=11.3m | ETA=264.7m
[STEP    41] step=0.28s | avg=10.08s | 0.10 step/s | elapsed=11.3m | ETA=3521.4m
[STEP    41] step=0.30s | avg=0.76s | 1.32 step/s | elapsed=11.3m | ETA=265.5m
[STEP    41] step=0.28s | avg=10.08s | 0.10 step/s | elapsed=11.3m | ETA=3521.8m
[STEP    41] step=0.23s | avg=10.08s | 0.10 step/s | elapsed=11.3m | ETA=3521.6m
[STEP    41] step=0.30s | avg=0.76s | 1.31 step/s | elapsed=11.3m | ETA=266.4m
[STEP    41] step=0.24s | avg=0.76s | 1.31 step/s | elapsed=11.3m | ETA=266.0m
[STEP    41] step=0.32s | avg=10.08s | 0.10 step/s | elapsed=11.3m | ETA=3522.7m
[LOG 42] loss=0.2619 lr=4.99e-06 
{'loss': 0.2619, 'grad_norm': 9.9375, 'learning_rate': 4.99024227711933e-06, 'num_tokens': 225078.0, 'completions/mean_length': 26.875, 'completions/min_length': 19.0, 'completions/max_length': 35.0, 'completions/clipped_ratio': 1.0, 'completions/mean_terminated_length': 0.0, 'completions/min_terminated_length': 0.0, 'completions/max_terminated_length': 0.0, 'rewards/compute_reward/mean': 0.6635422706604004, 'rewards/compute_reward/std': 0.23631681501865387, 'reward': 0.6635422706604004, 'reward_std': 0.23631680011749268, 'frac_reward_zero_std': 0.0, 'sampling/sampling_logp_difference/mean': 0.013297585770487785, 'sampling/sampling_logp_difference/max': 1.1433563232421875, 'sampling/importance_sampling_ratio/min': 0.0, 'sampling/importance_sampling_ratio/mean': 1.0062593221664429, 'sampling/importance_sampling_ratio/max': 1.777419090270996, 'entropy': 0.08808094076812267, 'clip_ratio/low_mean': 0.0, 'clip_ratio/low_min': 0.0, 'clip_ratio/high_mean': 0.0, 'clip_ratio/high_max': 0.0, 'clip_ratio/region_mean': 0.0, 'step_time': 6.909869730021455, 'epoch': 0.01}
[LOG 42] loss=0.2619 lr=4.99e-06 
[STEP    42] step=4.53s | avg=0.98s | 1.03 step/s | elapsed=11.4m | ETA=340.9m
[STEP    42] step=4.56s | avg=10.29s | 0.10 step/s | elapsed=11.4m | ETA=3597.0m
[STEP    42] step=0.27s | avg=0.98s | 1.02 step/s | elapsed=11.4m | ETA=341.1m
[STEP    42] step=0.25s | avg=10.29s | 0.10 step/s | elapsed=11.4m | ETA=3597.1m
[STEP    42] step=0.21s | avg=10.29s | 0.10 step/s | elapsed=11.4m | ETA=3596.3m
[STEP    42] step=0.29s | avg=0.98s | 1.02 step/s | elapsed=11.4m | ETA=341.1m
[STEP    42] step=0.20s | avg=0.97s | 1.03 step/s | elapsed=11.4m | ETA=339.8m
[STEP    42] step=0.29s | avg=10.29s | 0.10 step/s | elapsed=11.4m | ETA=3595.7m
[STEP    42] step=0.25s | avg=0.74s | 1.35 step/s | elapsed=11.4m | ETA=258.9m
[STEP    42] step=0.25s | avg=0.75s | 1.34 step/s | elapsed=11.4m | ETA=261.6m
[STEP    42] step=0.25s | avg=0.74s | 1.35 step/s | elapsed=11.4m | ETA=259.2m
[STEP    42] step=0.26s | avg=0.75s | 1.33 step/s | elapsed=11.4m | ETA=261.9m
[STEP    42] step=0.26s | avg=0.74s | 1.35 step/s | elapsed=11.4m | ETA=259.2m
[STEP    42] step=0.26s | avg=0.75s | 1.34 step/s | elapsed=11.4m | ETA=261.7m
[STEP    42] step=0.30s | avg=0.74s | 1.35 step/s | elapsed=11.4m | ETA=259.7m
[STEP    42] step=0.30s | avg=0.75s | 1.33 step/s | elapsed=11.4m | ETA=262.2m
[LOG 43] loss=-0.1162 lr=4.99e-06 
[LOG 43] loss=-0.1162 lr=4.99e-06 
{'loss': -0.1162, 'grad_norm': 9.4375, 'learning_rate': 4.990004283878338e-06, 'num_tokens': 230284.0, 'completions/mean_length': 26.875, 'completions/min_length': 19.0, 'completions/max_length': 32.0, 'completions/clipped_ratio': 1.0, 'completions/mean_terminated_length': 0.0, 'completions/min_terminated_length': 0.0, 'completions/max_terminated_length': 0.0, 'rewards/compute_reward/mean': 0.6396031975746155, 'rewards/compute_reward/std': 0.0785134807229042, 'reward': 0.6396031975746155, 'reward_std': 0.0785134807229042, 'frac_reward_zero_std': 0.0, 'sampling/sampling_logp_difference/mean': 0.0069163586013019085, 'sampling/sampling_logp_difference/max': 0.5430169105529785, 'sampling/importance_sampling_ratio/min': 0.8391356468200684, 'sampling/importance_sampling_ratio/mean': 1.000948429107666, 'sampling/importance_sampling_ratio/max': 1.9620416164398193, 'entropy': 0.0624392949976027, 'clip_ratio/low_mean': 0.0, 'clip_ratio/low_min': 0.0, 'clip_ratio/high_mean': 0.0, 'clip_ratio/high_max': 0.0, 'clip_ratio/region_mean': 0.0, 'step_time': 6.3549080649681855, 'epoch': 0.01}
[STEP    43] step=4.48s | avg=0.95s | 1.05 step/s | elapsed=11.5m | ETA=333.2m
[STEP    43] step=4.52s | avg=0.96s | 1.04 step/s | elapsed=11.5m | ETA=336.7m
[STEP    43] step=0.23s | avg=0.93s | 1.08 step/s | elapsed=11.5m | ETA=323.6m
[STEP    43] step=0.26s | avg=0.94s | 1.07 step/s | elapsed=11.5m | ETA=327.8m
[STEP    43] step=0.28s | avg=0.93s | 1.08 step/s | elapsed=11.5m | ETA=323.6m
[STEP    43] step=0.27s | avg=0.94s | 1.07 step/s | elapsed=11.5m | ETA=327.3m
[STEP    43] step=0.27s | avg=0.93s | 1.08 step/s | elapsed=11.5m | ETA=323.8m
[STEP    43] step=0.27s | avg=0.93s | 1.07 step/s | elapsed=11.5m | ETA=325.9m
[STEP    43] step=0.25s | avg=0.72s | 1.40 step/s | elapsed=11.5m | ETA=250.1m
[STEP    43] step=0.25s | avg=0.72s | 1.39 step/s | elapsed=11.5m | ETA=251.6m
[STEP    43] step=0.25s | avg=0.69s | 1.45 step/s | elapsed=11.5m | ETA=240.2m
[STEP    43] step=0.25s | avg=0.69s | 1.44 step/s | elapsed=11.5m | ETA=242.7m
[STEP    43] step=0.27s | avg=0.69s | 1.45 step/s | elapsed=11.5m | ETA=240.2m
[STEP    43] step=0.26s | avg=0.69s | 1.44 step/s | elapsed=11.5m | ETA=242.6m
[STEP    43] step=0.25s | avg=0.69s | 1.45 step/s | elapsed=11.5m | ETA=241.5m
[STEP    43] step=0.30s | avg=0.69s | 1.45 step/s | elapsed=11.5m | ETA=241.0m
[LOG 44] loss=-0.0493 lr=4.99e-06 
[LOG 44] loss=-0.0493 lr=4.99e-06 
{'loss': -0.0493, 'grad_norm': 11.1875, 'learning_rate': 4.989766290637346e-06, 'num_tokens': 235529.0, 'completions/mean_length': 28.3125, 'completions/min_length': 24.0, 'completions/max_length': 32.0, 'completions/clipped_ratio': 1.0, 'completions/mean_terminated_length': 0.0, 'completions/min_terminated_length': 0.0, 'completions/max_terminated_length': 0.0, 'rewards/compute_reward/mean': 0.6000590324401855, 'rewards/compute_reward/std': 0.06731371581554413, 'reward': 0.6000590324401855, 'reward_std': 0.06731371581554413, 'frac_reward_zero_std': 0.0, 'sampling/sampling_logp_difference/mean': 0.004878451582044363, 'sampling/sampling_logp_difference/max': 0.6456646919250488, 'sampling/importance_sampling_ratio/min': 0.9659907817840576, 'sampling/importance_sampling_ratio/mean': 1.0813878774642944, 'sampling/importance_sampling_ratio/max': 2.156615972518921, 'entropy': 0.041477042250335217, 'clip_ratio/low_mean': 0.0, 'clip_ratio/low_min': 0.0, 'clip_ratio/high_mean': 0.0, 'clip_ratio/high_max': 0.0, 'clip_ratio/region_mean': 0.0, 'step_time': 6.33805259600922, 'epoch': 0.01}
[STEP    44] step=4.55s | avg=0.90s | 1.11 step/s | elapsed=11.6m | ETA=315.8m
[STEP    44] step=4.60s | avg=0.91s | 1.10 step/s | elapsed=11.6m | ETA=317.0m
[STEP    44] step=0.28s | avg=0.90s | 1.11 step/s | elapsed=11.6m | ETA=315.6m
[STEP    44] step=0.26s | avg=0.91s | 1.10 step/s | elapsed=11.6m | ETA=316.7m
[STEP    44] step=0.26s | avg=0.90s | 1.11 step/s | elapsed=11.6m | ETA=314.9m
[STEP    44] step=0.26s | avg=0.91s | 1.10 step/s | elapsed=11.6m | ETA=317.3m
[STEP    44] step=0.22s | avg=0.90s | 1.11 step/s | elapsed=11.6m | ETA=315.5m
[STEP    44] step=0.27s | avg=0.90s | 1.11 step/s | elapsed=11.6m | ETA=315.4m
[STEP    44] step=0.25s | avg=0.69s | 1.45 step/s | elapsed=11.6m | ETA=240.3m
[STEP    44] step=0.25s | avg=0.69s | 1.45 step/s | elapsed=11.6m | ETA=240.6m
[STEP    44] step=0.28s | avg=0.69s | 1.45 step/s | elapsed=11.6m | ETA=240.7m
[STEP    44] step=0.34s | avg=0.69s | 1.45 step/s | elapsed=11.6m | ETA=241.7m
[STEP    44] step=0.31s | avg=0.69s | 1.44 step/s | elapsed=11.6m | ETA=242.4m
[STEP    44] step=0.27s | avg=0.69s | 1.45 step/s | elapsed=11.6m | ETA=241.3m
[STEP    44] step=0.28s | avg=0.69s | 1.44 step/s | elapsed=11.7m | ETA=242.2m
[STEP    44] step=0.28s | avg=0.69s | 1.44 step/s | elapsed=11.7m | ETA=242.6m
[LOG 45] loss=0.0701 lr=4.99e-06 
{'loss': 0.0701, 'grad_norm': 9.8125, 'learning_rate': 4.9895282973963546e-06, 'num_tokens': 240664.0, 'completions/mean_length': 24.9375, 'completions/min_length': 15.0, 'completions/max_length': 37.0, 'completions/clipped_ratio': 1.0, 'completions/mean_terminated_length': 0.0, 'completions/min_terminated_length': 0.0, 'completions/max_terminated_length': 0.0, 'rewards/compute_reward/mean': 0.530571699142456, 'rewards/compute_reward/std': 0.15308894217014313, 'reward': 0.530571699142456, 'reward_std': 0.15308894217014313, 'frac_reward_zero_std': 0.0, 'sampling/sampling_logp_difference/mean': 0.01251889020204544, 'sampling/sampling_logp_difference/max': 0.6464648246765137, 'sampling/importance_sampling_ratio/min': 0.8037822246551514, 'sampling/importance_sampling_ratio/mean': 1.057182788848877, 'sampling/importance_sampling_ratio/max': 1.5804511308670044, 'entropy': 0.0912515614181757, 'clip_ratio/low_mean': 0.0, 'clip_ratio/low_min': 0.0, 'clip_ratio/high_mean': 0.0, 'clip_ratio/high_max': 0.0, 'clip_ratio/region_mean': 0.0, 'step_time': 6.489748136984417, 'epoch': 0.01}
[LOG 45] loss=0.0701 lr=4.99e-06 
[STEP    45] step=4.36s | avg=0.90s | 1.11 step/s | elapsed=11.7m | ETA=314.4m
[STEP    45] step=4.39s | avg=0.90s | 1.11 step/s | elapsed=11.7m | ETA=314.6m
[STEP    45] step=0.28s | avg=0.90s | 1.11 step/s | elapsed=11.7m | ETA=315.0m
[STEP    45] step=0.26s | avg=0.90s | 1.11 step/s | elapsed=11.7m | ETA=314.5m
[STEP    45] step=0.24s | avg=0.90s | 1.11 step/s | elapsed=11.7m | ETA=314.7m
[STEP    45] step=0.27s | avg=0.90s | 1.11 step/s | elapsed=11.7m | ETA=314.7m
[STEP    45] step=0.21s | avg=0.90s | 1.12 step/s | elapsed=11.8m | ETA=313.3m
[STEP    45] step=0.29s | avg=0.90s | 1.11 step/s | elapsed=11.8m | ETA=314.5m
[STEP    45] step=0.23s | avg=0.69s | 1.45 step/s | elapsed=11.8m | ETA=240.2m
[STEP    45] step=0.27s | avg=0.68s | 1.46 step/s | elapsed=11.8m | ETA=239.0m
[STEP    45] step=0.23s | avg=0.68s | 1.46 step/s | elapsed=11.8m | ETA=238.6m
[STEP    45] step=0.28s | avg=0.69s | 1.45 step/s | elapsed=11.8m | ETA=241.1m
[STEP    45] step=0.23s | avg=0.69s | 1.46 step/s | elapsed=11.8m | ETA=240.1m
[STEP    45] step=0.28s | avg=0.68s | 1.46 step/s | elapsed=11.8m | ETA=238.9m
[STEP    45] step=0.25s | avg=0.68s | 1.46 step/s | elapsed=11.8m | ETA=238.6m
[STEP    45] step=0.30s | avg=0.69s | 1.45 step/s | elapsed=11.8m | ETA=240.6m
[LOG 46] loss=0.1011 lr=4.99e-06 
[LOG 46] loss=0.1011 lr=4.99e-06 
{'loss': 0.1011, 'grad_norm': 3.75, 'learning_rate': 4.989290304155362e-06, 'num_tokens': 245890.0, 'completions/mean_length': 28.125, 'completions/min_length': 19.0, 'completions/max_length': 39.0, 'completions/clipped_ratio': 1.0, 'completions/mean_terminated_length': 0.0, 'completions/min_terminated_length': 0.0, 'completions/max_terminated_length': 0.0, 'rewards/compute_reward/mean': 0.6192141771316528, 'rewards/compute_reward/std': 0.12146136164665222, 'reward': 0.6192141771316528, 'reward_std': 0.12146135419607162, 'frac_reward_zero_std': 0.5, 'sampling/sampling_logp_difference/mean': 0.004968938883394003, 'sampling/sampling_logp_difference/max': 0.7038130760192871, 'sampling/importance_sampling_ratio/min': 0.8532066345214844, 'sampling/importance_sampling_ratio/mean': 0.9786602258682251, 'sampling/importance_sampling_ratio/max': 1.5160515308380127, 'entropy': 0.045283525716513395, 'clip_ratio/low_mean': 0.0, 'clip_ratio/low_min': 0.0, 'clip_ratio/high_mean': 0.0, 'clip_ratio/high_max': 0.0, 'clip_ratio/region_mean': 0.0, 'step_time': 6.210034475006978, 'epoch': 0.01}
[STEP    46] step=5.15s | avg=0.93s | 1.08 step/s | elapsed=11.9m | ETA=324.2m
[STEP    46] step=5.17s | avg=0.93s | 1.07 step/s | elapsed=11.9m | ETA=326.5m
[STEP    46] step=0.25s | avg=0.93s | 1.08 step/s | elapsed=11.9m | ETA=324.0m
[STEP    46] step=0.23s | avg=0.93s | 1.07 step/s | elapsed=11.9m | ETA=326.1m
[STEP    46] step=0.27s | avg=0.93s | 1.08 step/s | elapsed=11.9m | ETA=324.1m
[STEP    46] step=0.26s | avg=0.93s | 1.07 step/s | elapsed=11.9m | ETA=325.9m
[STEP    46] step=0.23s | avg=0.93s | 1.08 step/s | elapsed=11.9m | ETA=323.7m
[STEP    46] step=0.27s | avg=0.93s | 1.07 step/s | elapsed=11.9m | ETA=325.5m
[STEP    46] step=0.69s | avg=0.73s | 1.37 step/s | elapsed=11.9m | ETA=255.5m
[STEP    46] step=0.66s | avg=0.74s | 1.36 step/s | elapsed=11.9m | ETA=257.5m
[STEP    46] step=0.23s | avg=0.73s | 1.37 step/s | elapsed=11.9m | ETA=255.0m
[STEP    46] step=0.26s | avg=0.74s | 1.36 step/s | elapsed=11.9m | ETA=257.0m
[STEP    46] step=0.28s | avg=0.73s | 1.37 step/s | elapsed=11.9m | ETA=255.3m
[STEP    46] step=0.26s | avg=0.74s | 1.36 step/s | elapsed=11.9m | ETA=257.0m
[STEP    46] step=0.29s | avg=0.74s | 1.36 step/s | elapsed=11.9m | ETA=257.3m
[STEP    46] step=0.32s | avg=0.74s | 1.36 step/s | elapsed=11.9m | ETA=257.0m
[LOG 47] loss=0.0115 lr=4.99e-06 
[LOG 47] loss=0.0115 lr=4.99e-06 
{'loss': 0.0115, 'grad_norm': 1.8984375, 'learning_rate': 4.989052310914371e-06, 'num_tokens': 251644.0, 'completions/mean_length': 44.625, 'completions/min_length': 35.0, 'completions/max_length': 54.0, 'completions/clipped_ratio': 1.0, 'completions/mean_terminated_length': 0.0, 'completions/min_terminated_length': 0.0, 'completions/max_terminated_length': 0.0, 'rewards/compute_reward/mean': 0.606014609336853, 'rewards/compute_reward/std': 0.012262522242963314, 'reward': 0.606014609336853, 'reward_std': 0.012262522242963314, 'frac_reward_zero_std': 0.5, 'sampling/sampling_logp_difference/mean': 0.0038017472252249718, 'sampling/sampling_logp_difference/max': 0.6028866767883301, 'sampling/importance_sampling_ratio/min': 0.8793097734451294, 'sampling/importance_sampling_ratio/mean': 0.9502968192100525, 'sampling/importance_sampling_ratio/max': 1.643325686454773, 'entropy': 0.043453867081552744, 'clip_ratio/low_mean': 0.0, 'clip_ratio/low_min': 0.0, 'clip_ratio/high_mean': 0.0, 'clip_ratio/high_max': 0.0, 'clip_ratio/region_mean': 0.0, 'step_time': 7.3860044410103, 'epoch': 0.01}
[STEP    47] step=4.49s | avg=0.95s | 1.05 step/s | elapsed=12.0m | ETA=331.3m
[STEP    47] step=4.54s | avg=0.95s | 1.05 step/s | elapsed=12.0m | ETA=331.9m
[STEP    47] step=0.22s | avg=0.95s | 1.06 step/s | elapsed=12.0m | ETA=330.8m
[STEP    47] step=0.28s | avg=0.95s | 1.06 step/s | elapsed=12.0m | ETA=330.5m
[STEP    47] step=0.28s | avg=0.95s | 1.06 step/s | elapsed=12.0m | ETA=330.4m
[STEP    47] step=0.27s | avg=0.95s | 1.06 step/s | elapsed=12.0m | ETA=330.5m
[STEP    47] step=0.25s | avg=0.94s | 1.06 step/s | elapsed=12.0m | ETA=329.9m
[STEP    47] step=0.29s | avg=0.95s | 1.06 step/s | elapsed=12.0m | ETA=330.6m
[STEP    47] step=0.25s | avg=0.74s | 1.35 step/s | elapsed=12.0m | ETA=258.1m
[STEP    47] step=0.27s | avg=0.74s | 1.35 step/s | elapsed=12.0m | ETA=258.5m
[STEP    47] step=0.25s | avg=0.74s | 1.35 step/s | elapsed=12.0m | ETA=258.3m
[STEP    47] step=0.30s | avg=0.74s | 1.35 step/s | elapsed=12.0m | ETA=258.5m
[STEP    47] step=0.21s | avg=0.74s | 1.35 step/s | elapsed=12.0m | ETA=258.0m
[STEP    47] step=0.26s | avg=0.74s | 1.35 step/s | elapsed=12.0m | ETA=258.1m
[STEP    47] step=0.26s | avg=0.74s | 1.35 step/s | elapsed=12.0m | ETA=258.9m
[STEP    47] step=0.29s | avg=0.74s | 1.35 step/s | elapsed=12.0m | ETA=258.2m
[LOG 48] loss=0.1018 lr=4.99e-06 
[LOG 48] loss=0.1018 lr=4.99e-06 
{'loss': 0.1018, 'grad_norm': 8.0, 'learning_rate': 4.988814317673378e-06, 'num_tokens': 256805.0, 'completions/mean_length': 26.0625, 'completions/min_length': 20.0, 'completions/max_length': 36.0, 'completions/clipped_ratio': 1.0, 'completions/mean_terminated_length': 0.0, 'completions/min_terminated_length': 0.0, 'completions/max_terminated_length': 0.0, 'rewards/compute_reward/mean': 0.4695826470851898, 'rewards/compute_reward/std': 0.07354322075843811, 'reward': 0.4695826470851898, 'reward_std': 0.07354322075843811, 'frac_reward_zero_std': 0.0, 'sampling/sampling_logp_difference/mean': 0.009035622701048851, 'sampling/sampling_logp_difference/max': 0.7630910873413086, 'sampling/importance_sampling_ratio/min': 0.8698021173477173, 'sampling/importance_sampling_ratio/mean': 1.0180840492248535, 'sampling/importance_sampling_ratio/max': 1.984813928604126, 'entropy': 0.10117190144956112, 'clip_ratio/low_mean': 0.0, 'clip_ratio/low_min': 0.0, 'clip_ratio/high_mean': 0.0, 'clip_ratio/high_max': 0.0, 'clip_ratio/region_mean': 0.0, 'step_time': 6.355341750007938, 'epoch': 0.01}
[STEP    48] step=4.23s | avg=0.94s | 1.07 step/s | elapsed=12.1m | ETA=328.0m
[STEP    48] step=4.27s | avg=0.94s | 1.06 step/s | elapsed=12.1m | ETA=328.8m
[STEP    48] step=0.26s | avg=0.94s | 1.07 step/s | elapsed=12.1m | ETA=327.7m
[STEP    48] step=0.26s | avg=0.94s | 1.06 step/s | elapsed=12.1m | ETA=329.2m
[STEP    48] step=0.21s | avg=0.94s | 1.06 step/s | elapsed=12.1m | ETA=328.0m
[STEP    48] step=0.26s | avg=0.94s | 1.06 step/s | elapsed=12.1m | ETA=328.2m
[STEP    48] step=0.22s | avg=0.94s | 1.07 step/s | elapsed=12.1m | ETA=326.8m
[STEP    48] step=0.26s | avg=0.94s | 1.06 step/s | elapsed=12.1m | ETA=328.2m
[STEP    48] step=0.25s | avg=0.69s | 1.45 step/s | elapsed=12.1m | ETA=240.9m
[STEP    48] step=0.25s | avg=0.69s | 1.44 step/s | elapsed=12.1m | ETA=242.5m
[STEP    48] step=0.26s | avg=0.69s | 1.45 step/s | elapsed=12.1m | ETA=241.3m
[STEP    48] step=0.25s | avg=0.69s | 1.44 step/s | elapsed=12.1m | ETA=242.6m
[STEP    48] step=0.24s | avg=0.69s | 1.45 step/s | elapsed=12.1m | ETA=240.9m
[STEP    48] step=0.27s | avg=0.69s | 1.44 step/s | elapsed=12.1m | ETA=242.6m
[STEP    48] step=0.22s | avg=0.69s | 1.44 step/s | elapsed=12.1m | ETA=242.5m
[STEP    48] step=0.30s | avg=0.69s | 1.45 step/s | elapsed=12.1m | ETA=241.4m
[LOG 49] loss=0.0614 lr=4.99e-06 
[LOG 49] loss=0.0614 lr=4.99e-06 
{'loss': 0.0614, 'grad_norm': 10.4375, 'learning_rate': 4.988576324432387e-06, 'num_tokens': 261842.0, 'completions/mean_length': 22.3125, 'completions/min_length': 17.0, 'completions/max_length': 25.0, 'completions/clipped_ratio': 1.0, 'completions/mean_terminated_length': 0.0, 'completions/min_terminated_length': 0.0, 'completions/max_terminated_length': 0.0, 'rewards/compute_reward/mean': 0.5153740048408508, 'rewards/compute_reward/std': 0.04893835633993149, 'reward': 0.5153740048408508, 'reward_std': 0.04893835633993149, 'frac_reward_zero_std': 0.5, 'sampling/sampling_logp_difference/mean': 0.010642261244356632, 'sampling/sampling_logp_difference/max': 0.8230476379394531, 'sampling/importance_sampling_ratio/min': 0.8392537236213684, 'sampling/importance_sampling_ratio/mean': 0.9121869802474976, 'sampling/importance_sampling_ratio/max': 1.5089342594146729, 'entropy': 0.1344060441479087, 'clip_ratio/low_mean': 0.0, 'clip_ratio/low_min': 0.0, 'clip_ratio/high_mean': 0.0, 'clip_ratio/high_max': 0.0, 'clip_ratio/region_mean': 0.0, 'step_time': 6.009701541013783, 'epoch': 0.01}
[STEP    49] step=4.56s | avg=0.89s | 1.13 step/s | elapsed=12.2m | ETA=309.6m
[STEP    49] step=4.60s | avg=0.89s | 1.12 step/s | elapsed=12.2m | ETA=310.8m
[STEP    49] step=0.27s | avg=0.89s | 1.13 step/s | elapsed=12.2m | ETA=309.8m
[STEP    49] step=0.27s | avg=0.89s | 1.12 step/s | elapsed=12.2m | ETA=311.5m
[STEP    49] step=0.21s | avg=0.89s | 1.13 step/s | elapsed=12.2m | ETA=310.4m
[STEP    49] step=0.28s | avg=0.89s | 1.13 step/s | elapsed=12.2m | ETA=310.2m
[STEP    49] step=0.22s | avg=0.88s | 1.13 step/s | elapsed=12.2m | ETA=309.1m
[STEP    49] step=0.27s | avg=0.89s | 1.13 step/s | elapsed=12.2m | ETA=309.5m
[STEP    49] step=0.22s | avg=0.67s | 1.49 step/s | elapsed=12.2m | ETA=234.0m
[STEP    49] step=0.27s | avg=0.67s | 1.48 step/s | elapsed=12.2m | ETA=235.3m
[STEP    49] step=0.25s | avg=0.67s | 1.49 step/s | elapsed=12.2m | ETA=234.6m
[STEP    49] step=0.23s | avg=0.67s | 1.49 step/s | elapsed=12.2m | ETA=234.4m
[STEP    49] step=0.29s | avg=0.67s | 1.49 step/s | elapsed=12.2m | ETA=234.7m
[STEP    49] step=0.30s | avg=0.67s | 1.49 step/s | elapsed=12.2m | ETA=235.0m
[STEP    49] step=0.28s | avg=0.67s | 1.49 step/s | elapsed=12.2m | ETA=234.4m
[STEP    49] step=0.27s | avg=0.67s | 1.48 step/s | elapsed=12.3m | ETA=235.5m
[LOG 50] loss=-0.0691 lr=4.99e-06 
{'loss': -0.0691, 'grad_norm': 4.78125, 'learning_rate': 4.988338331191394e-06, 'num_tokens': 267403.0, 'completions/mean_length': 37.5625, 'completions/min_length': 16.0, 'completions/max_length': 42.0, 'completions/clipped_ratio': 1.0, 'completions/mean_terminated_length': 0.0, 'completions/min_terminated_length': 0.0, 'completions/max_terminated_length': 0.0, 'rewards/compute_reward/mean': 0.5159363746643066, 'rewards/compute_reward/std': 0.13412658870220184, 'reward': 0.5159363746643066, 'reward_std': 0.13412658870220184, 'frac_reward_zero_std': 0.0, 'sampling/sampling_logp_difference/mean': 0.009204745292663574, 'sampling/sampling_logp_difference/max': 0.6721634864807129, 'sampling/importance_sampling_ratio/min': 0.6580286622047424, 'sampling/importance_sampling_ratio/mean': 1.003906011581421, 'sampling/importance_sampling_ratio/max': 1.4958864450454712, 'entropy': 0.08598925033584237, 'clip_ratio/low_mean': 0.0, 'clip_ratio/low_min': 0.0, 'clip_ratio/high_mean': 0.0, 'clip_ratio/high_max': 0.0, 'clip_ratio/region_mean': 0.0, 'step_time': 6.402873850995093, 'epoch': 0.01}
[LOG 50] loss=-0.0691 lr=4.99e-06 
[STEP    50] step=4.38s | avg=0.88s | 1.14 step/s | elapsed=12.3m | ETA=307.5m
[STEP    50] step=4.41s | avg=0.88s | 1.14 step/s | elapsed=12.3m | ETA=306.9m
[STEP    50] step=0.28s | avg=0.88s | 1.14 step/s | elapsed=12.3m | ETA=307.1m
[STEP    50] step=0.29s | avg=0.88s | 1.14 step/s | elapsed=12.3m | ETA=307.7m
[STEP    50] step=0.28s | avg=0.88s | 1.13 step/s | elapsed=12.3m | ETA=308.3m
[STEP    50] step=0.25s | avg=0.88s | 1.14 step/s | elapsed=12.3m | ETA=307.5m
[STEP    50] step=0.25s | avg=0.88s | 1.14 step/s | elapsed=12.3m | ETA=307.5m
[STEP    50] step=0.29s | avg=0.88s | 1.13 step/s | elapsed=12.3m | ETA=308.1m
[STEP    50] step=0.30s | avg=0.68s | 1.46 step/s | elapsed=12.4m | ETA=238.8m
[STEP    50] step=0.28s | avg=0.68s | 1.47 step/s | elapsed=12.4m | ETA=238.4m
[STEP    50] step=0.23s | avg=0.68s | 1.47 step/s | elapsed=12.4m | ETA=237.8m
[STEP    50] step=0.29s | avg=0.69s | 1.46 step/s | elapsed=12.4m | ETA=239.4m
[STEP    50] step=0.27s | avg=0.68s | 1.46 step/s | elapsed=12.4m | ETA=238.7m
[STEP    50] step=0.27s | avg=0.69s | 1.46 step/s | elapsed=12.4m | ETA=239.5m
[STEP    50] step=0.29s | avg=0.68s | 1.46 step/s | elapsed=12.4m | ETA=239.2m
[STEP    50] step=0.29s | avg=0.69s | 1.45 step/s | elapsed=12.4m | ETA=240.7m
[LOG 51] loss=-0.1091 lr=4.99e-06 
[LOG 51] loss=-0.1091 lr=4.99e-06 
{'loss': -0.1091, 'grad_norm': 6.25, 'learning_rate': 4.988100337950403e-06, 'num_tokens': 272679.0, 'completions/mean_length': 29.75, 'completions/min_length': 28.0, 'completions/max_length': 33.0, 'completions/clipped_ratio': 1.0, 'completions/mean_terminated_length': 0.0, 'completions/min_terminated_length': 0.0, 'completions/max_terminated_length': 0.0, 'rewards/compute_reward/mean': 0.5040289163589478, 'rewards/compute_reward/std': 0.12317165732383728, 'reward': 0.5040289163589478, 'reward_std': 0.12317164242267609, 'frac_reward_zero_std': 0.0, 'sampling/sampling_logp_difference/mean': 0.00796118751168251, 'sampling/sampling_logp_difference/max': 0.6239652633666992, 'sampling/importance_sampling_ratio/min': 0.8170580863952637, 'sampling/importance_sampling_ratio/mean': 0.9902714490890503, 'sampling/importance_sampling_ratio/max': 1.518479585647583, 'entropy': 0.08411813620477915, 'clip_ratio/low_mean': 0.0, 'clip_ratio/low_min': 0.0, 'clip_ratio/high_mean': 0.0, 'clip_ratio/high_max': 0.0, 'clip_ratio/region_mean': 0.0, 'step_time': 6.3362478720227955, 'epoch': 0.01}
[STEP    51] step=4.75s | avg=0.91s | 1.10 step/s | elapsed=12.5m | ETA=317.9m
[STEP    51] step=4.75s | avg=0.91s | 1.09 step/s | elapsed=12.5m | ETA=319.3m
[STEP    51] step=0.69s | avg=0.94s | 1.07 step/s | elapsed=12.5m | ETA=326.9m
[STEP    51] step=0.73s | avg=0.93s | 1.07 step/s | elapsed=12.5m | ETA=326.2m
[STEP    51] step=0.26s | avg=0.93s | 1.07 step/s | elapsed=12.5m | ETA=326.1m
[STEP    51] step=0.30s | avg=0.94s | 1.07 step/s | elapsed=12.5m | ETA=328.0m
[STEP    51] step=0.24s | avg=0.93s | 1.07 step/s | elapsed=12.5m | ETA=326.3m
[STEP    51] step=0.27s | avg=0.94s | 1.07 step/s | elapsed=12.5m | ETA=327.5m
[STEP    51] step=0.25s | avg=0.72s | 1.40 step/s | elapsed=12.5m | ETA=250.4m
[STEP    51] step=0.24s | avg=0.72s | 1.39 step/s | elapsed=12.5m | ETA=252.0m
[STEP    51] step=0.26s | avg=0.72s | 1.40 step/s | elapsed=12.5m | ETA=250.2m
[STEP    51] step=0.28s | avg=0.72s | 1.39 step/s | elapsed=12.5m | ETA=252.1m
[STEP    51] step=0.24s | avg=0.72s | 1.39 step/s | elapsed=12.5m | ETA=251.5m
[STEP    51] step=0.32s | avg=0.72s | 1.39 step/s | elapsed=12.5m | ETA=251.9m
[STEP    51] step=0.26s | avg=0.72s | 1.38 step/s | elapsed=12.5m | ETA=252.3m
[STEP    51] step=0.30s | avg=0.72s | 1.38 step/s | elapsed=12.5m | ETA=252.4m
[LOG 52] loss=0.0074 lr=4.99e-06 
[LOG 52] loss=0.0074 lr=4.99e-06 
{'loss': 0.0074, 'grad_norm': 4.0625, 'learning_rate': 4.98786234470941e-06, 'num_tokens': 278407.0, 'completions/mean_length': 43.5, 'completions/min_length': 37.0, 'completions/max_length': 51.0, 'completions/clipped_ratio': 1.0, 'completions/mean_terminated_length': 0.0, 'completions/min_terminated_length': 0.0, 'completions/max_terminated_length': 0.0, 'rewards/compute_reward/mean': 0.35948458313941956, 'rewards/compute_reward/std': 0.2822268605232239, 'reward': 0.35948458313941956, 'reward_std': 0.2822268307209015, 'frac_reward_zero_std': 0.0, 'sampling/sampling_logp_difference/mean': 0.006514701992273331, 'sampling/sampling_logp_difference/max': 0.3628411293029785, 'sampling/importance_sampling_ratio/min': 0.8266598582267761, 'sampling/importance_sampling_ratio/mean': 0.9378096461296082, 'sampling/importance_sampling_ratio/max': 1.6799086332321167, 'entropy': 0.07431029435247183, 'clip_ratio/low_mean': 0.0, 'clip_ratio/low_min': 0.0, 'clip_ratio/high_mean': 0.0, 'clip_ratio/high_max': 0.0, 'clip_ratio/region_mean': 0.0, 'step_time': 7.036468171994784, 'epoch': 0.01}
[STEP    52] step=4.47s | avg=0.93s | 1.07 step/s | elapsed=12.6m | ETA=325.6m
[STEP    52] step=4.51s | avg=0.94s | 1.07 step/s | elapsed=12.6m | ETA=327.3m
[STEP    52] step=0.73s | avg=0.96s | 1.04 step/s | elapsed=12.6m | ETA=334.4m
[STEP    52] step=0.77s | avg=0.96s | 1.04 step/s | elapsed=12.6m | ETA=336.3m
[STEP    52] step=0.28s | avg=0.96s | 1.05 step/s | elapsed=12.6m | ETA=334.0m
[STEP    52] step=0.27s | avg=0.96s | 1.04 step/s | elapsed=12.6m | ETA=335.9m
[STEP    52] step=0.27s | avg=0.96s | 1.05 step/s | elapsed=12.6m | ETA=334.0m
[STEP    52] step=0.26s | avg=0.96s | 1.04 step/s | elapsed=12.6m | ETA=335.7m
[STEP    52] step=0.27s | avg=0.75s | 1.33 step/s | elapsed=12.6m | ETA=262.2m
[STEP    52] step=0.26s | avg=0.75s | 1.33 step/s | elapsed=12.6m | ETA=263.2m
[STEP    52] step=0.26s | avg=0.75s | 1.33 step/s | elapsed=12.6m | ETA=261.9m
[STEP    52] step=0.25s | avg=0.75s | 1.33 step/s | elapsed=12.6m | ETA=262.5m
[STEP    52] step=0.24s | avg=0.75s | 1.33 step/s | elapsed=12.6m | ETA=262.2m
[STEP    52] step=0.29s | avg=0.75s | 1.33 step/s | elapsed=12.6m | ETA=262.1m
[STEP    52] step=0.25s | avg=0.75s | 1.33 step/s | elapsed=12.6m | ETA=262.2m
[STEP    52] step=0.32s | avg=0.75s | 1.33 step/s | elapsed=12.6m | ETA=262.7m
[LOG 53] loss=0.1108 lr=4.99e-06 
[LOG 53] loss=0.1108 lr=4.99e-06 
{'loss': 0.1108, 'grad_norm': 9.75, 'learning_rate': 4.987624351468419e-06, 'num_tokens': 283870.0, 'completions/mean_length': 34.9375, 'completions/min_length': 30.0, 'completions/max_length': 45.0, 'completions/clipped_ratio': 1.0, 'completions/mean_terminated_length': 0.0, 'completions/min_terminated_length': 0.0, 'completions/max_terminated_length': 0.0, 'rewards/compute_reward/mean': 0.45122915506362915, 'rewards/compute_reward/std': 0.05595290660858154, 'reward': 0.45122915506362915, 'reward_std': 0.05595290660858154, 'frac_reward_zero_std': 0.5, 'sampling/sampling_logp_difference/mean': 0.006687444634735584, 'sampling/sampling_logp_difference/max': 0.5016002655029297, 'sampling/importance_sampling_ratio/min': 0.7000489234924316, 'sampling/importance_sampling_ratio/mean': 1.0567641258239746, 'sampling/importance_sampling_ratio/max': 2.1214184761047363, 'entropy': 0.09015847649425268, 'clip_ratio/low_mean': 0.0, 'clip_ratio/low_min': 0.0, 'clip_ratio/high_mean': 0.0, 'clip_ratio/high_max': 0.0, 'clip_ratio/region_mean': 0.0, 'step_time': 6.829498125007376, 'epoch': 0.01}
[STEP    53] step=4.56s | avg=0.96s | 1.04 step/s | elapsed=12.7m | ETA=336.6m
[STEP    53] step=4.65s | avg=0.97s | 1.03 step/s | elapsed=12.7m | ETA=339.1m
[STEP    53] step=0.22s | avg=0.97s | 1.03 step/s | elapsed=12.7m | ETA=338.9m
[STEP    53] step=0.30s | avg=0.96s | 1.04 step/s | elapsed=12.7m | ETA=336.9m
[STEP    53] step=0.24s | avg=0.96s | 1.04 step/s | elapsed=12.7m | ETA=336.4m
[STEP    53] step=0.28s | avg=0.97s | 1.03 step/s | elapsed=12.7m | ETA=339.1m
[STEP    53] step=0.22s | avg=0.97s | 1.03 step/s | elapsed=12.7m | ETA=337.8m
[STEP    53] step=0.29s | avg=0.96s | 1.04 step/s | elapsed=12.7m | ETA=336.4m
[STEP    53] step=0.22s | avg=0.74s | 1.36 step/s | elapsed=12.7m | ETA=257.2m
[STEP    53] step=0.30s | avg=0.74s | 1.34 step/s | elapsed=12.7m | ETA=260.0m
[STEP    53] step=0.25s | avg=0.71s | 1.40 step/s | elapsed=12.7m | ETA=249.5m
[STEP    53] step=0.25s | avg=0.72s | 1.39 step/s | elapsed=12.7m | ETA=251.7m
[STEP    53] step=0.24s | avg=0.71s | 1.41 step/s | elapsed=12.7m | ETA=248.5m
[STEP    53] step=0.26s | avg=0.72s | 1.39 step/s | elapsed=12.7m | ETA=251.6m
[STEP    53] step=0.30s | avg=0.71s | 1.40 step/s | elapsed=12.7m | ETA=248.9m
[STEP    53] step=0.26s | avg=0.72s | 1.39 step/s | elapsed=12.7m | ETA=252.1m
[LOG 54] loss=-0.0276 lr=4.99e-06 
[LOG 54] loss=-0.0276 lr=4.99e-06 
{'loss': -0.0276, 'grad_norm': 2.765625, 'learning_rate': 4.987386358227426e-06, 'num_tokens': 289405.0, 'completions/mean_length': 36.9375, 'completions/min_length': 20.0, 'completions/max_length': 39.0, 'completions/clipped_ratio': 1.0, 'completions/mean_terminated_length': 0.0, 'completions/min_terminated_length': 0.0, 'completions/max_terminated_length': 0.0, 'rewards/compute_reward/mean': 0.532202422618866, 'rewards/compute_reward/std': 0.07198301702737808, 'reward': 0.532202422618866, 'reward_std': 0.07198300957679749, 'frac_reward_zero_std': 0.5, 'sampling/sampling_logp_difference/mean': 0.0016789097571745515, 'sampling/sampling_logp_difference/max': 0.41359996795654297, 'sampling/importance_sampling_ratio/min': 0.9528982639312744, 'sampling/importance_sampling_ratio/mean': 0.996757984161377, 'sampling/importance_sampling_ratio/max': 1.4791604280471802, 'entropy': 0.0150296064093709, 'clip_ratio/low_mean': 0.0, 'clip_ratio/low_min': 0.0, 'clip_ratio/high_mean': 0.0, 'clip_ratio/high_max': 0.0, 'clip_ratio/region_mean': 0.0, 'step_time': 6.400179252013913, 'epoch': 0.01}
[STEP    54] step=4.53s | avg=0.93s | 1.08 step/s | elapsed=12.8m | ETA=323.8m
[STEP    54] step=4.59s | avg=0.94s | 1.06 step/s | elapsed=12.8m | ETA=328.0m
[STEP    54] step=0.26s | avg=0.93s | 1.08 step/s | elapsed=12.8m | ETA=323.4m
[STEP    54] step=0.26s | avg=0.94s | 1.07 step/s | elapsed=12.8m | ETA=327.9m
[STEP    54] step=0.21s | avg=0.93s | 1.07 step/s | elapsed=12.8m | ETA=326.1m
[STEP    54] step=0.31s | avg=0.93s | 1.08 step/s | elapsed=12.8m | ETA=324.6m
[STEP    54] step=0.20s | avg=0.93s | 1.08 step/s | elapsed=12.8m | ETA=323.4m
[STEP    54] step=0.30s | avg=0.93s | 1.07 step/s | elapsed=12.8m | ETA=326.1m
[STEP    54] step=0.30s | avg=0.72s | 1.39 step/s | elapsed=12.8m | ETA=250.7m
[STEP    54] step=0.29s | avg=0.72s | 1.38 step/s | elapsed=12.8m | ETA=252.5m
[STEP    54] step=0.27s | avg=0.69s | 1.44 step/s | elapsed=12.8m | ETA=242.6m
[STEP    54] step=0.27s | avg=0.70s | 1.43 step/s | elapsed=12.9m | ETA=243.7m
[STEP    54] step=0.27s | avg=0.69s | 1.44 step/s | elapsed=12.9m | ETA=242.5m
[STEP    54] step=0.27s | avg=0.70s | 1.43 step/s | elapsed=12.9m | ETA=243.8m
[STEP    54] step=0.31s | avg=0.70s | 1.44 step/s | elapsed=12.9m | ETA=243.1m
[STEP    54] step=0.28s | avg=0.70s | 1.43 step/s | elapsed=12.9m | ETA=244.1m
[LOG 55] loss=-0.0537 lr=4.99e-06 
{'loss': -0.0537, 'grad_norm': 3.828125, 'learning_rate': 4.987148364986435e-06, 'num_tokens': 294769.0, 'completions/mean_length': 31.75, 'completions/min_length': 17.0, 'completions/max_length': 38.0, 'completions/clipped_ratio': 1.0, 'completions/mean_terminated_length': 0.0, 'completions/min_terminated_length': 0.0, 'completions/max_terminated_length': 0.0, 'rewards/compute_reward/mean': 0.5031840205192566, 'rewards/compute_reward/std': 0.08575007319450378, 'reward': 0.5031840205192566, 'reward_std': 0.08575006574392319, 'frac_reward_zero_std': 0.5, 'sampling/sampling_logp_difference/mean': 0.00482001481577754, 'sampling/sampling_logp_difference/max': 0.4656486511230469, 'sampling/importance_sampling_ratio/min': 0.9338354468345642, 'sampling/importance_sampling_ratio/mean': 1.0244184732437134, 'sampling/importance_sampling_ratio/max': 1.4654427766799927, 'entropy': 0.03629207331687212, 'clip_ratio/low_mean': 0.0, 'clip_ratio/low_min': 0.0, 'clip_ratio/high_mean': 0.0, 'clip_ratio/high_max': 0.0, 'clip_ratio/region_mean': 0.0, 'step_time': 6.44262510300905, 'epoch': 0.01}
[LOG 55] loss=-0.0537 lr=4.99e-06 
[STEP    55] step=4.57s | avg=0.91s | 1.10 step/s | elapsed=12.9m | ETA=318.2m
[STEP    55] step=4.59s | avg=0.92s | 1.09 step/s | elapsed=12.9m | ETA=319.8m
[STEP    55] step=0.25s | avg=0.91s | 1.10 step/s | elapsed=13.0m | ETA=317.9m
[STEP    55] step=0.24s | avg=0.92s | 1.09 step/s | elapsed=13.0m | ETA=319.7m
[STEP    55] step=0.22s | avg=0.91s | 1.09 step/s | elapsed=13.0m | ETA=319.4m
[STEP    55] step=0.26s | avg=0.91s | 1.10 step/s | elapsed=13.0m | ETA=317.3m
[STEP    55] step=0.25s | avg=0.91s | 1.10 step/s | elapsed=13.0m | ETA=318.1m
[STEP    55] step=0.25s | avg=0.91s | 1.10 step/s | elapsed=13.0m | ETA=317.4m
[STEP    55] step=0.26s | avg=0.69s | 1.45 step/s | elapsed=13.0m | ETA=241.5m
[STEP    55] step=0.26s | avg=0.69s | 1.44 step/s | elapsed=13.0m | ETA=242.3m
[STEP    55] step=0.26s | avg=0.69s | 1.44 step/s | elapsed=13.0m | ETA=242.2m
[STEP    55] step=0.25s | avg=0.69s | 1.45 step/s | elapsed=13.0m | ETA=241.4m
[STEP    55] step=0.25s | avg=0.69s | 1.44 step/s | elapsed=13.0m | ETA=241.7m
[STEP    55] step=0.29s | avg=0.69s | 1.44 step/s | elapsed=13.0m | ETA=242.3m
[STEP    55] step=0.32s | avg=0.70s | 1.43 step/s | elapsed=13.0m | ETA=243.5m
[STEP    55] step=0.29s | avg=0.69s | 1.44 step/s | elapsed=13.0m | ETA=242.3m
[LOG 56] loss=0.0573 lr=4.99e-06 
[LOG 56] loss=0.0573 lr=4.99e-06 
{'loss': 0.0573, 'grad_norm': 5.5625, 'learning_rate': 4.9869103717454425e-06, 'num_tokens': 300164.0, 'completions/mean_length': 33.1875, 'completions/min_length': 24.0, 'completions/max_length': 40.0, 'completions/clipped_ratio': 1.0, 'completions/mean_terminated_length': 0.0, 'completions/min_terminated_length': 0.0, 'completions/max_terminated_length': 0.0, 'rewards/compute_reward/mean': 0.5592684149742126, 'rewards/compute_reward/std': 0.12213385850191116, 'reward': 0.5592684149742126, 'reward_std': 0.12213385105133057, 'frac_reward_zero_std': 0.5, 'sampling/sampling_logp_difference/mean': 0.008026303723454475, 'sampling/sampling_logp_difference/max': 0.280958890914917, 'sampling/importance_sampling_ratio/min': 0.8807161450386047, 'sampling/importance_sampling_ratio/mean': 1.0029878616333008, 'sampling/importance_sampling_ratio/max': 1.6665856838226318, 'entropy': 0.0891584400087595, 'clip_ratio/low_mean': 0.0, 'clip_ratio/low_min': 0.0, 'clip_ratio/high_mean': 0.0, 'clip_ratio/high_max': 0.0, 'clip_ratio/region_mean': 0.0, 'step_time': 6.432041759995627, 'epoch': 0.01}
[STEP    56] step=4.54s | avg=0.91s | 1.10 step/s | elapsed=13.1m | ETA=317.4m
[STEP    56] step=4.54s | avg=0.91s | 1.10 step/s | elapsed=13.1m | ETA=317.9m
[STEP    56] step=0.25s | avg=0.91s | 1.10 step/s | elapsed=13.1m | ETA=317.4m
[STEP    56] step=0.26s | avg=0.91s | 1.10 step/s | elapsed=13.1m | ETA=318.1m
[STEP    56] step=0.28s | avg=0.91s | 1.10 step/s | elapsed=13.1m | ETA=317.7m
[STEP    56] step=0.26s | avg=0.91s | 1.10 step/s | elapsed=13.1m | ETA=318.5m
[STEP    56] step=0.26s | avg=0.91s | 1.10 step/s | elapsed=13.1m | ETA=317.7m
[STEP    56] step=0.28s | avg=0.91s | 1.10 step/s | elapsed=13.1m | ETA=318.2m
[STEP    56] step=0.23s | avg=0.70s | 1.44 step/s | elapsed=13.1m | ETA=243.2m
[STEP    56] step=0.30s | avg=0.69s | 1.44 step/s | elapsed=13.1m | ETA=242.7m
[STEP    56] step=0.27s | avg=0.70s | 1.43 step/s | elapsed=13.1m | ETA=243.4m
[STEP    56] step=0.28s | avg=0.70s | 1.44 step/s | elapsed=13.1m | ETA=243.0m
[STEP    56] step=0.28s | avg=0.70s | 1.44 step/s | elapsed=13.1m | ETA=242.8m
[STEP    56] step=0.26s | avg=0.70s | 1.43 step/s | elapsed=13.1m | ETA=243.8m
[STEP    56] step=0.76s | avg=0.72s | 1.39 step/s | elapsed=13.1m | ETA=251.9m
[STEP    56] step=0.84s | avg=0.73s | 1.37 step/s | elapsed=13.1m | ETA=254.0m
[LOG 57] loss=-0.0520 lr=4.99e-06 
{'loss': -0.052, 'grad_norm': 6.78125, 'learning_rate': 4.986672378504451e-06, 'num_tokens': 305376.0, 'completions/mean_length': 27.25, 'completions/min_length': 20.0, 'completions/max_length': 36.0, 'completions/clipped_ratio': 1.0, 'completions/mean_terminated_length': 0.0, 'completions/min_terminated_length': 0.0, 'completions/max_terminated_length': 0.0, 'rewards/compute_reward/mean': 0.5648969411849976, 'rewards/compute_reward/std': 0.06001394987106323, 'reward': 0.5648969411849976, 'reward_std': 0.060013942420482635, 'frac_reward_zero_std': 0.0, 'sampling/sampling_logp_difference/mean': 0.0035000548232346773, 'sampling/sampling_logp_difference/max': 0.277019739151001, 'sampling/importance_sampling_ratio/min': 0.927737295627594, 'sampling/importance_sampling_ratio/mean': 0.9630338549613953, 'sampling/importance_sampling_ratio/max': 1.1797645092010498, 'entropy': 0.05309733562171459, 'clip_ratio/low_mean': 0.0, 'clip_ratio/low_min': 0.0, 'clip_ratio/high_mean': 0.0, 'clip_ratio/high_max': 0.0, 'clip_ratio/region_mean': 0.0, 'step_time': 6.963286718018935, 'epoch': 0.01}
[LOG 57] loss=-0.0520 lr=4.99e-06 
[STEP    57] step=4.64s | avg=0.94s | 1.06 step/s | elapsed=13.2m | ETA=329.7m
[STEP    57] step=4.65s | avg=0.94s | 1.06 step/s | elapsed=13.2m | ETA=328.0m
[STEP    57] step=0.24s | avg=0.94s | 1.06 step/s | elapsed=13.2m | ETA=329.1m
[STEP    57] step=0.26s | avg=0.94s | 1.07 step/s | elapsed=13.2m | ETA=327.8m
[STEP    57] step=0.77s | avg=0.97s | 1.03 step/s | elapsed=13.2m | ETA=337.9m
[STEP    57] step=0.77s | avg=0.96s | 1.04 step/s | elapsed=13.2m | ETA=336.4m
[STEP    57] step=0.24s | avg=0.96s | 1.04 step/s | elapsed=13.2m | ETA=335.7m
[STEP    57] step=0.30s | avg=0.97s | 1.03 step/s | elapsed=13.2m | ETA=337.8m
[STEP    57] step=0.23s | avg=0.75s | 1.33 step/s | elapsed=13.2m | ETA=262.0m
[STEP    57] step=0.27s | avg=0.75s | 1.34 step/s | elapsed=13.2m | ETA=260.2m
[STEP    57] step=0.22s | avg=0.75s | 1.33 step/s | elapsed=13.2m | ETA=261.6m
[STEP    57] step=0.24s | avg=0.75s | 1.34 step/s | elapsed=13.2m | ETA=260.2m
[STEP    57] step=0.24s | avg=0.75s | 1.34 step/s | elapsed=13.2m | ETA=261.3m
[STEP    57] step=0.26s | avg=0.75s | 1.34 step/s | elapsed=13.2m | ETA=260.8m
[STEP    57] step=0.27s | avg=0.75s | 1.34 step/s | elapsed=13.2m | ETA=261.5m
[STEP    57] step=0.26s | avg=0.75s | 1.34 step/s | elapsed=13.2m | ETA=261.0m
[LOG 58] loss=0.0000 lr=4.99e-06 
{'loss': 0.0, 'grad_norm': 0.0, 'learning_rate': 4.9864343852634585e-06, 'num_tokens': 310424.0, 'completions/mean_length': 22.5, 'completions/min_length': 19.0, 'completions/max_length': 26.0, 'completions/clipped_ratio': 1.0, 'completions/mean_terminated_length': 0.0, 'completions/min_terminated_length': 0.0, 'completions/max_terminated_length': 0.0, 'rewards/compute_reward/mean': 0.5942614078521729, 'rewards/compute_reward/std': 0.10871897637844086, 'reward': 0.5942614078521729, 'reward_std': 0.10871896892786026, 'frac_reward_zero_std': 1.0, 'sampling/sampling_logp_difference/mean': 0.0011928279418498278, 'sampling/sampling_logp_difference/max': 0.007192610763013363, 'sampling/importance_sampling_ratio/min': 0.9702393412590027, 'sampling/importance_sampling_ratio/mean': 0.9736298322677612, 'sampling/importance_sampling_ratio/max': 0.9770203828811646, 'entropy': 0.018812496215105057, 'clip_ratio/low_mean': 0.0, 'clip_ratio/low_min': 0.0, 'clip_ratio/high_mean': 0.0, 'clip_ratio/high_max': 0.0, 'clip_ratio/region_mean': 0.0, 'step_time': 6.915905403002398, 'epoch': 0.01}
[LOG 58] loss=0.0000 lr=4.99e-06 
[STEP    58] step=4.53s | avg=0.96s | 1.04 step/s | elapsed=13.3m | ETA=335.5m
[STEP    58] step=4.57s | avg=0.96s | 1.04 step/s | elapsed=13.3m | ETA=336.7m
[STEP    58] step=0.22s | avg=0.96s | 1.04 step/s | elapsed=13.3m | ETA=336.1m
[STEP    58] step=0.27s | avg=0.96s | 1.04 step/s | elapsed=13.3m | ETA=335.7m
[STEP    58] step=0.23s | avg=0.96s | 1.04 step/s | elapsed=13.3m | ETA=335.4m
[STEP    58] step=0.29s | avg=0.96s | 1.04 step/s | elapsed=13.3m | ETA=336.0m
[STEP    58] step=0.25s | avg=0.96s | 1.04 step/s | elapsed=13.3m | ETA=334.2m
[STEP    58] step=0.25s | avg=0.96s | 1.04 step/s | elapsed=13.3m | ETA=335.2m
[STEP    58] step=0.25s | avg=0.74s | 1.35 step/s | elapsed=13.3m | ETA=259.4m
[STEP    58] step=0.26s | avg=0.75s | 1.34 step/s | elapsed=13.3m | ETA=260.3m
[STEP    58] step=0.22s | avg=0.74s | 1.35 step/s | elapsed=13.3m | ETA=259.5m
[STEP    58] step=0.30s | avg=0.75s | 1.34 step/s | elapsed=13.3m | ETA=260.3m
[STEP    58] step=0.25s | avg=0.74s | 1.35 step/s | elapsed=13.3m | ETA=259.3m
[STEP    58] step=0.23s | avg=0.74s | 1.35 step/s | elapsed=13.3m | ETA=259.5m
[STEP    58] step=0.26s | avg=0.74s | 1.35 step/s | elapsed=13.3m | ETA=259.6m
[STEP    58] step=0.32s | avg=0.74s | 1.34 step/s | elapsed=13.3m | ETA=260.0m
[LOG 59] loss=-0.4026 lr=4.99e-06 
[LOG 59] loss=-0.4026 lr=4.99e-06 
{'loss': -0.4026, 'grad_norm': 13.5, 'learning_rate': 4.986196392022467e-06, 'num_tokens': 315768.0, 'completions/mean_length': 31.5, 'completions/min_length': 21.0, 'completions/max_length': 42.0, 'completions/clipped_ratio': 1.0, 'completions/mean_terminated_length': 0.0, 'completions/min_terminated_length': 0.0, 'completions/max_terminated_length': 0.0, 'rewards/compute_reward/mean': 0.37367281317710876, 'rewards/compute_reward/std': 0.14448818564414978, 'reward': 0.37367281317710876, 'reward_std': 0.14448818564414978, 'frac_reward_zero_std': 0.0, 'sampling/sampling_logp_difference/mean': 0.01202351599931717, 'sampling/sampling_logp_difference/max': 0.7941937446594238, 'sampling/importance_sampling_ratio/min': 0.0, 'sampling/importance_sampling_ratio/mean': 1.1372101306915283, 'sampling/importance_sampling_ratio/max': 2.8253591060638428, 'entropy': 0.06525502889417112, 'clip_ratio/low_mean': 0.0, 'clip_ratio/low_min': 0.0, 'clip_ratio/high_mean': 0.0, 'clip_ratio/high_max': 0.0, 'clip_ratio/region_mean': 0.0, 'step_time': 6.3570956779731205, 'epoch': 0.01}
[STEP    59] step=4.39s | avg=0.95s | 1.06 step/s | elapsed=13.4m | ETA=331.0m
[STEP    59] step=4.39s | avg=0.95s | 1.05 step/s | elapsed=13.4m | ETA=332.4m
[STEP    59] step=0.22s | avg=0.95s | 1.05 step/s | elapsed=13.4m | ETA=331.5m
[STEP    59] step=0.25s | avg=0.95s | 1.06 step/s | elapsed=13.4m | ETA=330.5m
[STEP    59] step=0.24s | avg=0.95s | 1.06 step/s | elapsed=13.4m | ETA=330.8m
[STEP    59] step=0.24s | avg=0.95s | 1.06 step/s | elapsed=13.4m | ETA=330.2m
[STEP    59] step=0.27s | avg=0.92s | 1.09 step/s | elapsed=13.4m | ETA=321.0m
[STEP    59] step=0.29s | avg=0.92s | 1.08 step/s | elapsed=13.4m | ETA=322.0m
[STEP    59] step=0.26s | avg=0.70s | 1.43 step/s | elapsed=13.4m | ETA=244.5m
[STEP    59] step=0.26s | avg=0.70s | 1.42 step/s | elapsed=13.4m | ETA=245.4m
[STEP    59] step=0.24s | avg=0.70s | 1.43 step/s | elapsed=13.5m | ETA=244.6m
[STEP    59] step=0.23s | avg=0.70s | 1.43 step/s | elapsed=13.5m | ETA=245.0m
[STEP    59] step=0.21s | avg=0.67s | 1.48 step/s | elapsed=13.5m | ETA=235.3m
[STEP    59] step=0.26s | avg=0.67s | 1.48 step/s | elapsed=13.5m | ETA=235.7m
[STEP    59] step=0.25s | avg=0.67s | 1.49 step/s | elapsed=13.5m | ETA=234.9m
[STEP    59] step=0.30s | avg=0.68s | 1.48 step/s | elapsed=13.5m | ETA=236.3m
[LOG 60] loss=0.0855 lr=4.99e-06 
{'loss': 0.0855, 'grad_norm': 7.53125, 'learning_rate': 4.985958398781475e-06, 'num_tokens': 320982.0, 'completions/mean_length': 27.375, 'completions/min_length': 26.0, 'completions/max_length': 29.0, 'completions/clipped_ratio': 1.0, 'completions/mean_terminated_length': 0.0, 'completions/min_terminated_length': 0.0, 'completions/max_terminated_length': 0.0, 'rewards/compute_reward/mean': 0.45229679346084595, 'rewards/compute_reward/std': 0.1502978801727295, 'reward': 0.45229679346084595, 'reward_std': 0.1502978801727295, 'frac_reward_zero_std': 0.5, 'sampling/sampling_logp_difference/mean': 0.0025451024994254112, 'sampling/sampling_logp_difference/max': 0.4972257614135742, 'sampling/importance_sampling_ratio/min': 0.9453347325325012, 'sampling/importance_sampling_ratio/mean': 0.9988322854042053, 'sampling/importance_sampling_ratio/max': 1.5761094093322754, 'entropy': 0.022952809929847717, 'clip_ratio/low_mean': 0.0, 'clip_ratio/low_min': 0.0, 'clip_ratio/high_mean': 0.0, 'clip_ratio/high_max': 0.0, 'clip_ratio/region_mean': 0.0, 'step_time': 6.130447333998745, 'epoch': 0.01}

Saving checkpoint at step 60
Path: /home/aayguade/simplification/training/trainer_output/checkpoint-60

[LOG 60] loss=0.0855 lr=4.99e-06 

Saving checkpoint at step 60
Path: /home/aayguade/simplification/training/trainer_output/checkpoint-60

[STEP    60] step=4.57s | avg=0.89s | 1.12 step/s | elapsed=16.8m | ETA=310.6m
[STEP    60] step=199.95s | avg=10.66s | 0.09 step/s | elapsed=16.8m | ETA=3722.1m
[STEP    60] step=0.24s | avg=0.89s | 1.12 step/s | elapsed=16.8m | ETA=311.0m
[STEP    60] step=0.25s | avg=10.66s | 0.09 step/s | elapsed=16.8m | ETA=3722.3m
[STEP    60] step=0.27s | avg=0.89s | 1.12 step/s | elapsed=16.8m | ETA=311.4m
[STEP    60] step=0.27s | avg=10.66s | 0.09 step/s | elapsed=16.8m | ETA=3722.5m
[STEP    60] step=0.29s | avg=0.89s | 1.12 step/s | elapsed=16.8m | ETA=311.8m
[STEP    60] step=0.28s | avg=10.66s | 0.09 step/s | elapsed=16.8m | ETA=3722.8m
[STEP    60] step=0.27s | avg=0.68s | 1.47 step/s | elapsed=16.8m | ETA=236.7m
[STEP    60] step=0.27s | avg=10.45s | 0.10 step/s | elapsed=16.8m | ETA=3648.4m
[STEP    60] step=0.29s | avg=0.68s | 1.47 step/s | elapsed=16.8m | ETA=238.1m
[STEP    60] step=0.29s | avg=10.45s | 0.10 step/s | elapsed=16.8m | ETA=3648.8m
[STEP    60] step=0.24s | avg=0.68s | 1.47 step/s | elapsed=16.8m | ETA=237.2m
[STEP    60] step=0.22s | avg=10.45s | 0.10 step/s | elapsed=16.8m | ETA=3648.6m
[STEP    60] step=0.27s | avg=0.68s | 1.47 step/s | elapsed=16.8m | ETA=237.6m
[STEP    60] step=0.30s | avg=10.45s | 0.10 step/s | elapsed=16.8m | ETA=3649.6m
[LOG 61] loss=-0.0625 lr=4.99e-06 
[LOG 61] loss=-0.0625 lr=4.99e-06 
{'loss': -0.0625, 'grad_norm': 4.75, 'learning_rate': 4.985720405540483e-06, 'num_tokens': 326314.0, 'completions/mean_length': 31.25, 'completions/min_length': 22.0, 'completions/max_length': 36.0, 'completions/clipped_ratio': 1.0, 'completions/mean_terminated_length': 0.0, 'completions/min_terminated_length': 0.0, 'completions/max_terminated_length': 0.0, 'rewards/compute_reward/mean': 0.4839550852775574, 'rewards/compute_reward/std': 0.15454669296741486, 'reward': 0.4839550852775574, 'reward_std': 0.15454669296741486, 'frac_reward_zero_std': 0.0, 'sampling/sampling_logp_difference/mean': 0.007409585639834404, 'sampling/sampling_logp_difference/max': 0.4896097183227539, 'sampling/importance_sampling_ratio/min': 0.8704044818878174, 'sampling/importance_sampling_ratio/mean': 0.9756836295127869, 'sampling/importance_sampling_ratio/max': 1.7681694030761719, 'entropy': 0.09143155440688133, 'clip_ratio/low_mean': 0.0, 'clip_ratio/low_min': 0.0, 'clip_ratio/high_mean': 0.0, 'clip_ratio/high_max': 0.0, 'clip_ratio/region_mean': 0.0, 'step_time': 6.441943000987521, 'epoch': 0.01}
[STEP    61] step=4.39s | avg=0.89s | 1.13 step/s | elapsed=16.9m | ETA=309.8m
[STEP    61] step=4.43s | avg=10.66s | 0.09 step/s | elapsed=16.9m | ETA=3722.4m
[STEP    61] step=0.24s | avg=0.89s | 1.13 step/s | elapsed=16.9m | ETA=310.3m
[STEP    61] step=0.25s | avg=10.66s | 0.09 step/s | elapsed=16.9m | ETA=3721.5m
[STEP    61] step=0.24s | avg=0.89s | 1.13 step/s | elapsed=16.9m | ETA=310.2m
[STEP    61] step=0.24s | avg=10.66s | 0.09 step/s | elapsed=16.9m | ETA=3721.6m
[STEP    61] step=0.24s | avg=10.66s | 0.09 step/s | elapsed=16.9m | ETA=3721.2m
[STEP    61] step=0.28s | avg=0.89s | 1.13 step/s | elapsed=16.9m | ETA=309.4m
[STEP    61] step=0.23s | avg=0.68s | 1.47 step/s | elapsed=16.9m | ETA=236.9m
[STEP    61] step=0.26s | avg=10.45s | 0.10 step/s | elapsed=16.9m | ETA=3649.1m
[STEP    61] step=0.26s | avg=0.68s | 1.47 step/s | elapsed=16.9m | ETA=237.6m
[STEP    61] step=0.26s | avg=10.45s | 0.10 step/s | elapsed=16.9m | ETA=3649.3m
[STEP    61] step=0.24s | avg=0.68s | 1.47 step/s | elapsed=16.9m | ETA=237.6m
[STEP    61] step=0.26s | avg=10.45s | 0.10 step/s | elapsed=16.9m | ETA=3649.6m
[STEP    61] step=0.28s | avg=0.68s | 1.47 step/s | elapsed=17.0m | ETA=237.7m
[STEP    61] step=0.27s | avg=10.45s | 0.10 step/s | elapsed=17.0m | ETA=3649.2m
[LOG 62] loss=0.0000 lr=4.99e-06 
[LOG 62] loss=0.0000 lr=4.99e-06 
{'loss': 0.0, 'grad_norm': 0.0, 'learning_rate': 4.985482412299491e-06, 'num_tokens': 331402.0, 'completions/mean_length': 23.5, 'completions/min_length': 22.0, 'completions/max_length': 25.0, 'completions/clipped_ratio': 1.0, 'completions/mean_terminated_length': 0.0, 'completions/min_terminated_length': 0.0, 'completions/max_terminated_length': 0.0, 'rewards/compute_reward/mean': 0.47130852937698364, 'rewards/compute_reward/std': 0.06159302592277527, 'reward': 0.47130852937698364, 'reward_std': 0.06159302219748497, 'frac_reward_zero_std': 1.0, 'sampling/sampling_logp_difference/mean': 0.0028622557874768972, 'sampling/sampling_logp_difference/max': 0.0712805986404419, 'sampling/importance_sampling_ratio/min': 0.8829258680343628, 'sampling/importance_sampling_ratio/mean': 0.9333465099334717, 'sampling/importance_sampling_ratio/max': 0.9837670922279358, 'entropy': 0.03633097931742668, 'clip_ratio/low_mean': 0.0, 'clip_ratio/low_min': 0.0, 'clip_ratio/high_mean': 0.0, 'clip_ratio/high_max': 0.0, 'clip_ratio/region_mean': 0.0, 'step_time': 6.155081665012403, 'epoch': 0.01}
[STEP    62] step=4.39s | avg=0.89s | 1.13 step/s | elapsed=17.0m | ETA=309.8m
[STEP    62] step=4.42s | avg=10.66s | 0.09 step/s | elapsed=17.0m | ETA=3721.7m
[STEP    62] step=0.23s | avg=10.66s | 0.09 step/s | elapsed=17.0m | ETA=3721.6m
[STEP    62] step=0.27s | avg=0.89s | 1.13 step/s | elapsed=17.0m | ETA=310.3m
[STEP    62] step=0.78s | avg=10.69s | 0.09 step/s | elapsed=17.1m | ETA=3731.5m
[STEP    62] step=0.77s | avg=0.91s | 1.09 step/s | elapsed=17.1m | ETA=319.2m
[STEP    62] step=0.75s | avg=0.94s | 1.07 step/s | elapsed=17.1m | ETA=327.8m
[STEP    62] step=0.83s | avg=10.71s | 0.09 step/s | elapsed=17.1m | ETA=3740.8m
[STEP    62] step=0.30s | avg=0.73s | 1.38 step/s | elapsed=17.1m | ETA=253.2m
[STEP    62] step=0.26s | avg=0.73s | 1.37 step/s | elapsed=17.1m | ETA=255.1m
[STEP    62] step=0.26s | avg=0.73s | 1.38 step/s | elapsed=17.1m | ETA=253.5m
[STEP    62] step=0.26s | avg=0.73s | 1.37 step/s | elapsed=17.1m | ETA=255.2m
[STEP    62] step=0.25s | avg=0.73s | 1.38 step/s | elapsed=17.1m | ETA=253.2m
[STEP    62] step=0.26s | avg=0.73s | 1.37 step/s | elapsed=17.1m | ETA=255.1m
[STEP    62] step=0.25s | avg=0.72s | 1.38 step/s | elapsed=17.1m | ETA=252.6m
[STEP    62] step=0.28s | avg=0.73s | 1.37 step/s | elapsed=17.1m | ETA=255.1m
[LOG 63] loss=0.0117 lr=4.99e-06 
[LOG 63] loss=0.0117 lr=4.99e-06 
{'loss': 0.0117, 'grad_norm': 5.65625, 'learning_rate': 4.985244419058499e-06, 'num_tokens': 336678.0, 'completions/mean_length': 29.75, 'completions/min_length': 21.0, 'completions/max_length': 37.0, 'completions/clipped_ratio': 1.0, 'completions/mean_terminated_length': 0.0, 'completions/min_terminated_length': 0.0, 'completions/max_terminated_length': 0.0, 'rewards/compute_reward/mean': 0.6424758434295654, 'rewards/compute_reward/std': 0.08167162537574768, 'reward': 0.6424758434295654, 'reward_std': 0.08167161792516708, 'frac_reward_zero_std': 0.5, 'sampling/sampling_logp_difference/mean': 0.002565954811871052, 'sampling/sampling_logp_difference/max': 0.07130646705627441, 'sampling/importance_sampling_ratio/min': 0.9182583093643188, 'sampling/importance_sampling_ratio/mean': 0.9453481435775757, 'sampling/importance_sampling_ratio/max': 0.9792762994766235, 'entropy': 0.05641615018248558, 'clip_ratio/low_mean': 0.0, 'clip_ratio/low_min': 0.0, 'clip_ratio/high_mean': 0.0, 'clip_ratio/high_max': 0.0, 'clip_ratio/region_mean': 0.0, 'step_time': 7.2467013010027586, 'epoch': 0.01}
[STEP    63] step=4.38s | avg=0.94s | 1.07 step/s | elapsed=17.2m | ETA=326.9m
[STEP    63] step=4.40s | avg=0.93s | 1.08 step/s | elapsed=17.2m | ETA=324.7m
[STEP    63] step=0.28s | avg=0.94s | 1.07 step/s | elapsed=17.2m | ETA=326.8m
[STEP    63] step=0.29s | avg=0.93s | 1.08 step/s | elapsed=17.2m | ETA=324.6m
[STEP    63] step=0.25s | avg=0.93s | 1.08 step/s | elapsed=17.2m | ETA=324.7m
[STEP    63] step=0.31s | avg=0.94s | 1.06 step/s | elapsed=17.2m | ETA=328.3m
[STEP    63] step=0.26s | avg=0.93s | 1.08 step/s | elapsed=17.2m | ETA=324.6m
[STEP    63] step=0.25s | avg=0.94s | 1.07 step/s | elapsed=17.2m | ETA=327.3m
[STEP    63] step=0.23s | avg=0.73s | 1.37 step/s | elapsed=17.2m | ETA=254.0m
[STEP    63] step=0.29s | avg=0.72s | 1.38 step/s | elapsed=17.2m | ETA=252.9m
[STEP    63] step=0.26s | avg=0.73s | 1.37 step/s | elapsed=17.2m | ETA=254.2m
[STEP    63] step=0.25s | avg=0.72s | 1.38 step/s | elapsed=17.2m | ETA=253.0m
[STEP    63] step=0.24s | avg=0.73s | 1.37 step/s | elapsed=17.2m | ETA=254.3m
[STEP    63] step=0.24s | avg=0.72s | 1.38 step/s | elapsed=17.2m | ETA=253.1m
[STEP    63] step=0.29s | avg=0.73s | 1.37 step/s | elapsed=17.2m | ETA=255.1m
[STEP    63] step=0.30s | avg=0.73s | 1.38 step/s | elapsed=17.2m | ETA=253.5m
[LOG 64] loss=0.0275 lr=4.99e-06 
[LOG 64] loss=0.0275 lr=4.99e-06 
{'loss': 0.0275, 'grad_norm': 5.28125, 'learning_rate': 4.9850064258175075e-06, 'num_tokens': 341865.0, 'completions/mean_length': 26.6875, 'completions/min_length': 26.0, 'completions/max_length': 29.0, 'completions/clipped_ratio': 1.0, 'completions/mean_terminated_length': 0.0, 'completions/min_terminated_length': 0.0, 'completions/max_terminated_length': 0.0, 'rewards/compute_reward/mean': 0.552422821521759, 'rewards/compute_reward/std': 0.06401259452104568, 'reward': 0.552422821521759, 'reward_std': 0.06401259452104568, 'frac_reward_zero_std': 0.5, 'sampling/sampling_logp_difference/mean': 0.006715417839586735, 'sampling/sampling_logp_difference/max': 0.37408447265625, 'sampling/importance_sampling_ratio/min': 0.8515686392784119, 'sampling/importance_sampling_ratio/mean': 1.020078182220459, 'sampling/importance_sampling_ratio/max': 1.5848726034164429, 'entropy': 0.05577821051701903, 'clip_ratio/low_mean': 0.0, 'clip_ratio/low_min': 0.0, 'clip_ratio/high_mean': 0.0, 'clip_ratio/high_max': 0.0, 'clip_ratio/region_mean': 0.0, 'step_time': 6.276616245988407, 'epoch': 0.01}
[STEP    64] step=4.50s | avg=0.94s | 1.06 step/s | elapsed=17.3m | ETA=329.2m
[STEP    64] step=4.51s | avg=0.94s | 1.06 step/s | elapsed=17.3m | ETA=328.3m
[STEP    64] step=0.27s | avg=0.94s | 1.06 step/s | elapsed=17.3m | ETA=329.2m
[STEP    64] step=0.27s | avg=0.94s | 1.06 step/s | elapsed=17.3m | ETA=328.5m
[STEP    64] step=0.23s | avg=0.94s | 1.06 step/s | elapsed=17.3m | ETA=328.4m
[STEP    64] step=0.31s | avg=0.95s | 1.06 step/s | elapsed=17.3m | ETA=330.1m
[STEP    64] step=0.27s | avg=0.94s | 1.06 step/s | elapsed=17.3m | ETA=328.3m
[STEP    64] step=0.26s | avg=0.94s | 1.06 step/s | elapsed=17.3m | ETA=329.8m
[STEP    64] step=0.25s | avg=0.74s | 1.36 step/s | elapsed=17.3m | ETA=257.0m
[STEP    64] step=0.30s | avg=0.74s | 1.36 step/s | elapsed=17.3m | ETA=256.8m
[STEP    64] step=0.25s | avg=0.74s | 1.36 step/s | elapsed=17.3m | ETA=257.4m
[STEP    64] step=0.28s | avg=0.74s | 1.36 step/s | elapsed=17.3m | ETA=256.9m
[STEP    64] step=0.26s | avg=0.71s | 1.40 step/s | elapsed=17.3m | ETA=248.5m
[STEP    64] step=0.27s | avg=0.71s | 1.41 step/s | elapsed=17.3m | ETA=248.1m
[STEP    64] step=0.30s | avg=0.69s | 1.46 step/s | elapsed=17.3m | ETA=239.3m
[STEP    64] step=0.27s | avg=0.69s | 1.46 step/s | elapsed=17.3m | ETA=239.9m
[LOG 65] loss=0.2346 lr=4.98e-06 
{'loss': 0.2346, 'grad_norm': 7.90625, 'learning_rate': 4.984768432576515e-06, 'num_tokens': 347066.0, 'completions/mean_length': 27.0625, 'completions/min_length': 23.0, 'completions/max_length': 32.0, 'completions/clipped_ratio': 1.0, 'completions/mean_terminated_length': 0.0, 'completions/min_terminated_length': 0.0, 'completions/max_terminated_length': 0.0, 'rewards/compute_reward/mean': 0.5179421901702881, 'rewards/compute_reward/std': 0.12033474445343018, 'reward': 0.5179421901702881, 'reward_std': 0.12033474445343018, 'frac_reward_zero_std': 0.0, 'sampling/sampling_logp_difference/mean': 0.009500988759100437, 'sampling/sampling_logp_difference/max': 1.3428831100463867, 'sampling/importance_sampling_ratio/min': 0.9449709057807922, 'sampling/importance_sampling_ratio/mean': 1.0706446170806885, 'sampling/importance_sampling_ratio/max': 1.7401422262191772, 'entropy': 0.060015826718881726, 'clip_ratio/low_mean': 0.0, 'clip_ratio/low_min': 0.0, 'clip_ratio/high_mean': 0.0, 'clip_ratio/high_max': 0.0, 'clip_ratio/region_mean': 0.0, 'step_time': 6.401448966003954, 'epoch': 0.01}
[LOG 65] loss=0.2346 lr=4.98e-06 
[STEP    65] step=4.43s | avg=0.89s | 1.12 step/s | elapsed=17.4m | ETA=312.0m
[STEP    65] step=4.44s | avg=0.89s | 1.12 step/s | elapsed=17.4m | ETA=312.3m
[STEP    65] step=0.26s | avg=0.89s | 1.12 step/s | elapsed=17.4m | ETA=312.0m
[STEP    65] step=0.25s | avg=0.89s | 1.12 step/s | elapsed=17.4m | ETA=312.1m
[STEP    65] step=0.23s | avg=0.89s | 1.12 step/s | elapsed=17.4m | ETA=311.6m
[STEP    65] step=0.27s | avg=0.89s | 1.12 step/s | elapsed=17.4m | ETA=312.4m
[STEP    65] step=0.26s | avg=0.90s | 1.12 step/s | elapsed=17.4m | ETA=312.5m
[STEP    65] step=0.33s | avg=0.90s | 1.12 step/s | elapsed=17.4m | ETA=312.6m
[STEP    65] step=0.29s | avg=0.69s | 1.45 step/s | elapsed=17.4m | ETA=240.7m
[STEP    65] step=0.28s | avg=0.69s | 1.45 step/s | elapsed=17.4m | ETA=241.0m
[STEP    65] step=0.26s | avg=0.69s | 1.45 step/s | elapsed=17.4m | ETA=240.2m
[STEP    65] step=0.23s | avg=0.69s | 1.45 step/s | elapsed=17.4m | ETA=240.1m
[STEP    65] step=0.27s | avg=0.69s | 1.45 step/s | elapsed=17.4m | ETA=240.6m
[STEP    65] step=0.29s | avg=0.69s | 1.46 step/s | elapsed=17.4m | ETA=239.6m
[STEP    65] step=0.30s | avg=0.69s | 1.45 step/s | elapsed=17.4m | ETA=241.4m
[STEP    65] step=0.32s | avg=0.69s | 1.45 step/s | elapsed=17.4m | ETA=240.9m
[LOG 66] loss=0.1960 lr=4.98e-06 
{'loss': 0.196, 'grad_norm': 11.3125, 'learning_rate': 4.984530439335523e-06, 'num_tokens': 352172.0, 'completions/mean_length': 24.125, 'completions/min_length': 17.0, 'completions/max_length': 32.0, 'completions/clipped_ratio': 1.0, 'completions/mean_terminated_length': 0.0, 'completions/min_terminated_length': 0.0, 'completions/max_terminated_length': 0.0, 'rewards/compute_reward/mean': 0.4818980395793915, 'rewards/compute_reward/std': 0.11155097931623459, 'reward': 0.4818980395793915, 'reward_std': 0.11155097931623459, 'frac_reward_zero_std': 0.5, 'sampling/sampling_logp_difference/mean': 0.0051987795159220695, 'sampling/sampling_logp_difference/max': 0.495206356048584, 'sampling/importance_sampling_ratio/min': 0.8754388689994812, 'sampling/importance_sampling_ratio/mean': 0.9872109889984131, 'sampling/importance_sampling_ratio/max': 1.9879423379898071, 'entropy': 0.05595115898177028, 'clip_ratio/low_mean': 0.0, 'clip_ratio/low_min': 0.0, 'clip_ratio/high_mean': 0.0, 'clip_ratio/high_max': 0.0, 'clip_ratio/region_mean': 0.0, 'step_time': 6.345835198982968, 'epoch': 0.01}
[LOG 66] loss=0.1960 lr=4.98e-06 
[STEP    66] step=4.40s | avg=0.90s | 1.11 step/s | elapsed=17.5m | ETA=313.6m
[STEP    66] step=4.45s | avg=0.90s | 1.11 step/s | elapsed=17.5m | ETA=313.9m
[STEP    66] step=0.22s | avg=0.90s | 1.11 step/s | elapsed=17.5m | ETA=313.5m
[STEP    66] step=0.28s | avg=0.90s | 1.11 step/s | elapsed=17.5m | ETA=313.9m
[STEP    66] step=0.22s | avg=0.90s | 1.11 step/s | elapsed=17.5m | ETA=313.5m
[STEP    66] step=0.26s | avg=0.90s | 1.11 step/s | elapsed=17.5m | ETA=313.9m
[STEP    66] step=0.23s | avg=0.90s | 1.12 step/s | elapsed=17.5m | ETA=312.6m
[STEP    66] step=0.28s | avg=0.90s | 1.11 step/s | elapsed=17.5m | ETA=313.4m
[STEP    66] step=0.24s | avg=0.68s | 1.47 step/s | elapsed=17.5m | ETA=238.0m
[STEP    66] step=0.24s | avg=0.69s | 1.46 step/s | elapsed=17.5m | ETA=239.2m
[STEP    66] step=0.25s | avg=0.68s | 1.47 step/s | elapsed=17.5m | ETA=237.6m
[STEP    66] step=0.24s | avg=0.68s | 1.46 step/s | elapsed=17.5m | ETA=238.8m
[STEP    66] step=0.24s | avg=0.68s | 1.47 step/s | elapsed=17.5m | ETA=237.8m
[STEP    66] step=0.24s | avg=0.68s | 1.47 step/s | elapsed=17.5m | ETA=237.6m
[STEP    66] step=0.27s | avg=0.68s | 1.47 step/s | elapsed=17.6m | ETA=237.8m
[STEP    66] step=0.28s | avg=0.68s | 1.47 step/s | elapsed=17.6m | ETA=238.1m
[LOG 67] loss=0.0000 lr=4.98e-06 
{'loss': 0.0, 'grad_norm': 0.0, 'learning_rate': 4.984292446094531e-06, 'num_tokens': 357516.0, 'completions/mean_length': 31.5, 'completions/min_length': 27.0, 'completions/max_length': 36.0, 'completions/clipped_ratio': 1.0, 'completions/mean_terminated_length': 0.0, 'completions/min_terminated_length': 0.0, 'completions/max_terminated_length': 0.0, 'rewards/compute_reward/mean': 0.5285547971725464, 'rewards/compute_reward/std': 0.08980544656515121, 'reward': 0.5285547971725464, 'reward_std': 0.08980543911457062, 'frac_reward_zero_std': 1.0, 'sampling/sampling_logp_difference/mean': 0.0007849675603210926, 'sampling/sampling_logp_difference/max': 0.007542518898844719, 'sampling/importance_sampling_ratio/min': 0.9712944030761719, 'sampling/importance_sampling_ratio/mean': 0.9754799604415894, 'sampling/importance_sampling_ratio/max': 0.9796655774116516, 'entropy': 0.011787235736846924, 'clip_ratio/low_mean': 0.0, 'clip_ratio/low_min': 0.0, 'clip_ratio/high_mean': 0.0, 'clip_ratio/high_max': 0.0, 'clip_ratio/region_mean': 0.0, 'step_time': 6.164224840016686, 'epoch': 0.01}
[LOG 67] loss=0.0000 lr=4.98e-06 
