doc_id,sent_id,original_sent,simplified_sent
1,0,"Álex de la Iglesia , Premio Nacional de Cine "," Álex de la Iglesia , Premio Nacional de Cine "
1,1,"Álex de la Iglesia , Premio Nacional de Cine ", Álex de la Iglesia gana el Premio Nacional de Cine . 
1,2,"El realizador y presidente de la Academia de Cine Álex de la Iglesia fue galardonado con el Premio Nacional de la Cinematografía , que concede el Ministerio de Cultura , "" por su incuestionable trayectoria profesional innovadora y transgresora , que ha enriquecido el lenguaje de nuestro cine "" . ", Álex de la Iglesia es director de cine y presidente de la Real Academia de cine .  El Ministerio de Cultura le ha dado el Premio Nacional de Cine .  El Ministerio le ha dado el premio por su carrera profesional .  También le ha dado el premio por hacer un cine original y por su buen trabajo en la Academia de Cine . 
1,3,"Según el departamento que dirige Angeles González-Sinde , De la Iglesia también merece este galardón dotado con 30.000 euros por "" su papel a el frente de la Academia de las Artes y las Ciencias Cinematográficas de España , y su clara labor a favor de el consenso y acercamiento entre todos los que forman parte de el cine español y de ellos con la sociedad "" . ",
1,4,"El Premio de la Cinematografía y de las Artes Audiovisuales está destinado a recompensar la aportación más sobresaliente en el ámbito cinematográfico español puesta de manifiesto a través de una obra hecha pública durante 2009 , o de una labor profesional desarrollada durante ese mismo año . ", El Premio Nacional de Cine se da a la mejor película o trabajo de el año 2009 . 
1,5,En casos excepcionales también podrá otorgar se como reconocimiento a una trayectoria profesional . ,
2,0,ABRE EN MADRID SU PRIMERA SUCURSAL EL MAYOR BANCO DE CHINA Y DEL MUNDO., El banco más importante de China y del mundo abre una oficina en Madrid.  El Banco Industrial y Comercial de China es el banco más grande e importante del mundo. 
2,1,"El ministro de Industria, Turismo y Comercio, Miguel Sebastián, asistió en el Círculo de Bellas Artes a la inauguración de la primera sucursal en España del Industrial and Comercial Bank of China (ICBC), el banco más grande del mundo en capitalización bursátil. ", El ministro de Industria asistió a la apertura de la primera oficina en Madrid de este banco. 
2,2,"Acompañó al ministro, que acudió en representación del Gobierno español, el presidente y director ejecutivo del banco, Jianqing Jiang, quien ejerció de anfitrión de las distintas personalidades que de los ámbitos político y financiero, tanto de España como de China, asistieron a este acto."," El presidente y director del Banco en China, Jianqing Jiang,  acompañó al ministro de Industria durante la apertura de la oficina de Madrid.  También asistieron a este acto otras personas de la política y la economía española. "
2,3,"El ICBC ha abierto ya 203 sucursales en un total de 28 países de todo el mundo, también en España desde este lunes."," El Banco de China tiene oficinas en muchos países del mundo.  Ahora, también tiene una oficina en España. "
2,4,"La sucursal, que ocupa una superficie de 1.100 metros cuadrados, se ubica en el número 3 del Paseo de Recoletos de Madrid.", La oficina del Banco de China en Madrid está en el Paseo de Recoletos.
2,5,"Como muestra de su envergadura, según datos de 2009, el ICBC tenía en nómina a un total de 386.723 empleados, sólo en China, en un total de 16.232 sucursales.",
3,0,"EL MEDIO AMBIENTE FINALIZA 2010 EN PEOR SITUACIÓN QUE EN 2009, SEGÚN LOS ECOLOGISTAS.", El medio ambiente español está peor en 2010 que en 2009. 
3,1,"El medio ambiente español finalizó el año 2010 en peor situación que en 2009, pese a que se han registrado ""avances"" y a que las Naciones Unidas lo declararon Año Internacional de la Biodiversidad. ", También ha dicho que el Gobierno español ha tenido algunos éxitos sobre sobre la situación del medio ambiente.
3,2,"Así opina la Sociedad Española de Ornitología/BirdLife, que ha analizado las 10 acciones más importantes registradas tanto a favor como en contra de la biodiversidad de España durante 2010.", La Sociedad Española de Ornitología ha analizado las actividades en el medio ambiente de España durante el año 2010.
3,3,"Opina que, ""pese a los avances conseguidos"", el balance de esta organización es ""negativo"", al considerar que ""la naturaleza española está en peor situación a finales de 2010 que a finales de 2009"".", Esta Sociedad ha dicho que el medio ambiente español está peor en 2010 que en 2009.
3,4,"Entre los principales ""éxitos"" obtenidos, valora cómo el Gobierno español ""ha defendido posturas ambiciosas"" en las cumbres de Nagoya (Convenio de Diversidad Biológica) y Cancún (Cumbre del Clima), ""que propiciaron mejores acuerdos que favorecerán a la biodiversidad"", y la prohibición en 2010 de las capturas de fringílidos (jilgueros, verderones, verdecillo y pardillos) en Cataluña.", Uno de los éxitos ha sido un acuerdo internacional que ayuda a cuidar el medio ambiente. Otro éxito ha sido prohibir la caza de algunas especies de pájaros en Cataluña.
4,0,Alex de la Iglesia dimitirá como presidente de la Academia de Cine , Alex de la Iglesia dimitirá como presidente de la Academia de Cine 
4,1,Alex de la Iglesia dimitirá como presidente de la Academia de Cine , El director de cine Alex de la Iglesia deja la presidencia de la Academia de Cine . 
4,2,El director Alex de la Iglesia presentará su dimisión como presidente de la Academia de Cine tras la próxima gala de los Goya de el próximo 13 de febrero . , Alex de la Iglesia dejará la presidencia de la Academia de Cine después de los Goya . 
4,3,"Lo anuncia en un artículo publicado en la edición digital de "" El País "" , en el que no vincula claramente su salida con su desacuerdo respecto a la "" Ley Sinde "" , algo que sí ha sugerido en su página en Twitter . ", Alex de la Iglesia anunció su decisión en un artículo de el periódico El País .  En su página web ha explicado que deja la Academia de Cine por no estar de acuerdo con la Ley Sinde . 
4,4,Explica que ha hablado últimamente con representantes de sectores contrarios a su posición sobre las descargas en la Red y ha dialogado con ellos con fluidez . ,
4,5,""" En este país , cambiar de opinión es el mayor de los pecados . ",
4,6,"Creo que tenemos instalado el chip de la intransigencia desde hace tiempo "" , asegura . ",
4,7,""" Lo coherente es dejar lo "" , seña el cineasta , que promete que seguirá defendiendo sus posiciones simplemente como director y que no "" empañará "" la gala de los Goya con su posición sobre la polémica de la Red . ",
5,0,"ACUSAN A LAS AUTORIDADES DE ESTADOS UNIDOS DE PROPOCIONAR UN TRATO INHUMANO a el soldado acusado de filtrar""cables"""," ACUSAN A LAS AUTORIDADES DE ESTADOS UNIDOS DE PROPOCIONAR UN TRATO INHUMANO a el soldado acusado de filtrar""cables"""
5,1,"ACUSAN A LAS AUTORIDADES DE ESTADOS UNIDOS DE PROPOCIONAR UN TRATO INHUMANO a el soldado acusado de filtrar""cables""", Estados Unidos trata muy mal a un soldado detenido .
5,2,"Amnistía Internacional acusó a las autoridades estadounidenses de proporcionar un""trato inhumano""a Bradley Manning , un soldado acusado de filtrar""cables""de la diplomacia norteamericana a el portal Wikileaks .", El soldado se llama Bradley Manning . Estados Unidos cree que Bradley Manning ha dado información a Wikileaks . Bradley Manning está detenido por dar información de el gobierno de Estados Unidos a Wikileaks .
5,3,"La asociación desveló que escribió a el secretario de Defensa , Robert Gates , para pedir le que las autoridades alivien las""duras condiciones""de detención preventiva en la que se encuentra Manning .",
5,4,"Según Amnistía , este soldado , de 23 años , permanece en una celda de aislamiento durante 23 horas a el día con pocos muebles y privado de almohada , sábanas y objetos personales desde julio .", Bradley Manning está en una celda vacía durante 23 horas a el día .
5,5,"El pasado martes fue clasificado como detenido con""riesgo de suicidio"", por lo que fue despojado de su ropa y se le confiscaron sus gafas para la mayor parte de el día , medidas levantadas dos días después ante las quejas de Manning y sus abogados .",
5,6,"Amnistía subrayó que Manning se encuentra detenido en""custodia máxima"", pese a carecer de antecedentes por violencia o infracciones disciplinarias durante la detención , lo que significa que está atado de pies y manos durante todas las visitas y se le niega la oportunidad de trabajar y salir de su celda ."," Sin embargo , Bradley Manning está atado durante las visitas . Tampoco puede trabajar ni salir de su celda . Bradley Manning ha tenido un buen comportamiento en la cárcel ."
6,0,"BALEARES CIERRA 2010 CON DATOS TURÍSTICOS POSITIVOS, PESE A LA CRISIS."," A pesar de la crisis, las Islas Baleares tienen datos positivos de turismo en 2010. "
6,1,"El presidente del Gobierno balear, Francesc Antich, y la consejera de Turismo y Trabajo, Joana Barceló, informaron de que Baleares cerró 2010 con unos datos turísticos positivos, a pesar de la crisis, incluyendo la creación de empleo en este sector. "," El presidente del Gobierno de las Islas Baleares y la responsable de Turismo informan de que los datos sobre el turismo de 2010 son positivos.  A pesar de la crisis, se ha creado empleo relacionado con el turismo en las Islas. "
6,2,Este fue el balance que hicieron este jueves de los principales datos turísticos de 2010 durante la rueda de prensa que ofrecieron en motivo del Día de Baleares en Fitur.,
6,3,"Así, Baleares cierra el año con resultados positivos en los principales indicadores turísticos y confirman el cambio de tendencia iniciado en el mes de julio.",
6,4,El balance turístico de 2010 muestra dos velocidades: , El estudio sobre el turismo de las Islas Baleares en 2010 tiene dos resultados diferentes: 
6,5,"un primer semestre del año dejó cifras negativas, que se explican por fenómenos externos como la nube volcánica."," En los primeros 6 meses del año, los datos sobre el turismo eran negativos.  Estos datos se se explican por la nube volcánica. "
6,6,"Y un segundo semestre, iniciado con la temporada turística, que supuso un cambio de tendencia que se tradujeron en crecimientos importantes especialmente en el turismo internacional."," Con el verano, la situación del turismo de las Islas cambió.  Muchos turistas extranjeros visitaron las Islas  Baleares y, por eso, los datos sobre turismo al final del año 2010 son positivos. "
7,0,"2011, AÑO INTERNACIONAL DE LA QUÍMICA.", El 2011 es el Año Internacional de la Química.
7,1,"La ONU celebra en 2011 el Año Internacional de la Química para fomentar el interés de los jóvenes por esta ciencia y mostrar cómo, gracias a ella, se puede ""responder a las necesidades del mundo"". ", En 2011 se celebra el Año Internacional de la Química.
7,2,"La Asamblea General de las Naciones Unidas proclamó el Año de la Química durante su 63ª reunión, en diciembre de 2008, y confió su organización a la Unesco y a la Unión Internacional de Química Pura y Aplicada.",
7,3,"Sus principales objetivos serán ""aumentar la concienciación y comprensión por parte del gran público de cómo la química puede responder a las necesidades del mundo"", fomentar su interés entre los jóvenes y celebrar las contribuciones de las mujeres a este campo.", Se celebra para: mostrar cómo la química puede ayudar al mundo. interesar a los jóvenes por la química. celebrar el trabajo de las mujeres en esta ciencia.
7,4,"También se conmemorarán los principales hitos históricos de la química y, especialmente, el primer centenario de la concesión del Premio Nobel a Marie Curie y de la creación de la Asociación Internacional de Sociedades Químicas.", celebrar los momentos importantes de la historia de la química.
8,0,"ANA JUAN, PREMIO NACIONAL DE ILUSTRACIÓN.", Ana Juan gana el Premio Nacional de Ilustración.
8,1,"Ana Juan fue galardonada con el Premio Nacional de Ilustración correspondiente a 2010, por el conjunto de su obra. ", Ana Juan gana el Premio Nacional de Ilustración de 2010.
8,2,El Ministerio de Cultura concede este galardón con el objetivo de reconocer y distinguir el conjunto de la labor realizada por un ilustrador español en el ámbito del libro y la literatura., El Ministerio de Cultura da este premio a los ilustradores españoles.
8,3,"Está dotado con 20.000 euros, es indivisible, y no puede declararse desierto ni concederse a título póstumo.",
8,4,"Licenciada en Bellas Artes por la Universidad Politécnica de Valencia, Ana Juan es ilustradora, escritora y pintora."," Ana Juan es ilustradora, escritora y pintora. Estudió Bellas Artes en la universidad de Valencia."
8,5,"Ha colaborado en numerosas  revistas  y ha expuesto su obra en ciudades como Ginebra, Madrid, Sevilla, Nueva York, Valencia y Barcelona, entre otras."," Ana Juan trabajó en muchas revistas. También hizo exposiciones de sus ilustraciones en Madrid, Sevilla, Valencia, Nueva York y Barcelona."
8,6,"El jurado de esta edición ha sido presidido por Rogelio Blanco, director general del Libro, Archivos y Bibliotecas, y ha estado compuesto por Mónica Fernández, subdirectora general de Promoción del Libro, la Lectura y las Letras Españolas, y Miguel Ángel Teso, designado por la Asociación Profesional de Ilustradores de Madrid, entre otros.",
9,0,Amnistía denuncia que 700 crímenes de guerra en Croacia en la guerra de los Balcanes siguen sin resolver, Amnistía denuncia que 700 crímenes de guerra en Croacia en la guerra de los Balcanes siguen sin resolver
9,1,Amnistía denuncia que 700 crímenes de guerra en Croacia en la guerra de los Balcanes siguen sin resolver," 700 crímenes de esta guerra de Croacia están sin resolver , según ha dicho Amnistía Internacional . 700 crímenes de la guerra de Croacia están sin resolver ."
9,2,Amnistía Internacional exigió a las autoridades de Croacia que aceleren el procesamiento de presuntos autores de casi 700 crímenes de guerra cometidos durante la guerra de los Balcanes entre 1991 y 1995 y que continúan pendientes de enjuiciamiento ., La guerra en Croacia sucedió entre los años 1991 y 1995 .
9,3,"En un informe titulado""Detrás de el muro de silencio : persecución de crímenes de guerra en Croacia"", la organización no gubernamental muestra la""incapacidad""de Croacia para""hacer justicia""a muchas de las víctimas de la guerra , ya que abundan""continuos retrasos , amenazas a testigos e incumplimiento de las normas internacionales""."," Amnistía Internacional ha dicho que los crímenes están sin resolver porque Croacia es incapaz de hacer justicia . Además , en Croacia no se cumplen las normas internacionales ."
9,4,"Amnistía subrayó que , según las estadísticas de el Gobierno croata , cada año se cierran una media de 18 casos de crímenes de guerra , pero quedan pendientes de resolver casi 700 y""puede que la mayor parte de los responsables nunca tengan que enfrentar se a un juicio""."," Por esto , Amnistía Internacional dice que muchos criminales nunca irán a juicio ."
10,0,CAE UNA BANDA QUE USABA TAPAS DE ALCANTARILLAS PARA ROMPER ESCAPARATES Y ROBAR., La Guardia Civil detiene a cuatro personas que utilizaban tapas de alcantarillas para robar. 
10,1,"Agentes de la Guardia Civil de Villaviciosa de Odón (Madrid) han detenido a cuatro personas que utilizaban tapas de alcantarillas para romper las lunas de los establecimientos que posteriormente desvalijaban, según informa el Instituto Armado. ", La Guardia Civil detiene a cuatro personas que utilizaban tapas de alcantarillas para romper los cristales de las tiendas y robar.  Los detenidos cogían las tapas de las alcantarillas y rompían los cristales de las tiendas para entrar y robar. 
10,2,"Ante las similitudes detectadas entre varias denuncias recogidas por la Guardia Civil en la zona suroeste de la Comunidad de Madrid, los agentes decidieron la apertura de la denominada operación ""Alcantarilla"" durante el pasado mes de junio."," La Guardia Civil recibió denuncias similares sobre robos similares en Madrid y pensó que todos los robos los hacía el mismo grupo de personas.  Así, la Guardia Civil abrió la operación llamada Alcantarilla y comenzó a buscar a los detenidos en junio."
10,3,"En los casos analizados, la totalidad de los robos denunciados se habían producido en establecimientos de hostelería y perfumerías mediante la rotura de ventanas, cerramientos o escaparates con el uso de una tapa de alcantarilla o registro."," Los robos siempre eran en bares o en tiendas.  Para entrar, siempre utilizaban una tapa de alcantarilla y rompían el cristal."
10,4,En los bares robados sustraían la recaudación de las máquinas tragaperras.,
10,5,"Los delincuentes, siempre en horario nocturno, se desplazaban a municipios poco poblados o a ciudades dormitorio, donde sustraían un coche para la comisión del robo y se apoderaban de algún tipo de tapa de alcantarilla o de registro en las proximidades del establecimiento donde iban a cometer el delito, utilizando ésta para entrar en el mismo.",
11,0,"ACTORES CON DISCAPACIDAD ESTRENAN EN MADRID ""COCKTAIL"", UN BRINDIS POR LA DIFERENCIA.", Actores con y sin discapacidad representan en Madrid la obra Cocktail.
11,1,"Un total de once actores con y sin discapacidad representan en Madrid ""Cocktail"", un brindis por la diferencia que mira a las necesidades del otro, dirigido por Patricia Ruiz y David Ojeda. ", Once actores con y sin discapacidad representan en Madrid la obra Cocktail. La obra de teatro Cocktail trata sobre las diferencias y las necesidades de las personas.
11,2,"La representación, que tendrá lugar en la Casa Encendida de Madrid a partir de las 22.00 horas del sábado 18 y del domingo 19 de septiembre, es el resultado de un taller de creación escénica y discapacidad que impartieron Ruiz y Ojeda el año pasado en el centro social y cultural de Caja Madrid.", La obra se representa en la Casa Encendida de Madrid. La obra es el resultado de un curso de teatro y discapacidad de la Casa Encendida.
11,3,"Todo empezó como una experiencia entre actores y personas con discapacidad o relacionadas con ella y con contactos previos también con el mundo artístico, que concluyó de forma ""muy positiva"" y que por ello han convertido su trabajo en una propuesta profesional que quiere llegar ""hasta donde sea"".", En este curso participaban actores y personas con discapacidad a las que les gusta el arte y el teatro.
11,4,"Así lo explicó este viernes a los medios Ojeda, quien indicó que ""Cocktail"" es una ""performance"" que quiere incorporar a la escena las diferencias y peculiaridades de cada actor, válidas todas ellas.", La obra Cocktail quiere ser una representación que incluya las diferencias y las características de cada actor.
12,0,"Ana María Matute , Premio Cervantes "," Ana María Matute , Premio Cervantes "
12,1,"Ana María Matute , Premio Cervantes ",
12,2,"La escritora y académica Ana María Matute obtuvo el Premio Cervantes 2010 , el mayor galardón de las letras españolas , que concede el Ministerio de Cultura con una dotación de 125.000 euros . ", La escritora Ana María Matute gana el Premio Cervantes de el año 2010 .  El Premio Cervantes es el premio más importante de la literatura en español . 
12,3,"Matute ( Barcelona , 1926 ) figuraba en las quinielas como la principal aspirante de este año a el Cervantes , y se confirma la ley no escrita de alternancia en la consecución de el premio entre un escritor de Hispanoamérica y otro de España , después de que el año pasado lo obtuviera el autor mexicano José Emilio Pacheco . ", El escritor mexicano Emilio Pacheco ganó el premio el año pasado . 
12,4,"Es la tercera mujer que gana el Cervantes , después de la española María Zambrano ( 1988 ) y la cubana Dulce María Loynaz ( 1992 ) . ", Ana María Matute es la tercera mujer que gana el Premio Cervantes . 
12,5,"Ana María Matute ha sido premiada anteriormente con el Nacional de Literatura Infantil ( "" Sólo un pie descalzo "" , 1987 ) y el Premio Nacional de las Letras Españolas ( 2007 ) . ", Ana María Matute ha ganado otros muchos premios . 
12,6,"La autora de "" Olvidado rey Gudú "" se convirtió en 1996 en la tercera mujer que ingresa en la Real Academia Española . ", Ana María Matute es académica en la Real Academia Española de la Lengua . 
13,0,Amnistía denuncia que el Gobierno egipcio ha detenido a 150 opositores antes de las elecciones, Amnistía denuncia que el Gobierno egipcio ha detenido a 150 opositores antes de las elecciones
13,1,Amnistía denuncia que el Gobierno egipcio ha detenido a 150 opositores antes de las elecciones, El Gobierno de Egipto detiene a personas de el partido de la oposición antes de las elecciones . La organización Amnistía Internacional ha denunciado que el Gobierno egipcio ha detenido a 150 personas de la oposición .
13,2,"Amnistía Internacional denunció que más de 150 personas de el grupo opositor Hermandad Musulmana han sido detenidos este mes y antes de las elecciones parlamentarias , previstas para el 29 de noviembre .",
13,3,La organización pidió a las autoridades egipcias que pongan inmediatamente en libertad a los más de 70 miembros de Hermandad Musulmana detenidos esta semana si no van a ser acusados de delitos comunes reconocibles .,
13,4,El resto de los detenidos han sido puestos en libertad .,
13,5,"Según Amnistía , esta campaña de represión comenzó desde que el presidente de Hermandad Musulmana , Mohamed Badie , anunciara el pasado 9 de de octubre que este grupo se presentaría a los comicios parlamentarios .", El Gobierno de Egipto ha detenido a estas personas de la oposición porque se presentaban a las elecciones .
13,6,"El director de el Programa Regional de Amnistía Internacional para Oriente Medio y Norte de África , Malcolm Smart , subrayó que ,""aparentemente , los han detenido por la única razón de su relación con la organización Hermandad Musulmana .", Amnistía Internacional ha dicho que han detenido a estas personas solo por ser de la organización Hermandad Musulmana .
13,7,"Estas detenciones parecen dirigidas a perturbar la campaña electoral de la Hermandad Musulmana y a impedir que los ciudadanos apoyen a esta organización en las próximas elecciones"".", El Gobierno de Egipto no quiere que los ciudadanos apoyen a esta organización .
14,0,CASI UN MILLAR DE AYUNTAMIENTOS NO OFRECEN SUS WEBS EN CASTELLANO., Casi mil ayuntamientos no ofrecen sus páginas web en castellano. 
14,1,"Un total de 868 ayuntamientos de los casi 9.000 municipios que hay en España no tienen sus portales web disponibles en castellano, de acuerdo con un informe elaborado por la Asociación Nacional por la Libertad Lingüística. ", La Asociación Nacional por la Libertad Lingüística ha hecho un informe sobre las lenguas de las páginas web de los ayuntamientos de España.  Este informe afirma que casi mil ayuntamientos de España no ofrecen sus páginas web en castellano. 
14,2,"El informe, al que tuvo acceso Servimedia y que hoy entregó al Defensor del Pueblo el presidente de la asociación, Pablo Yáñez, examina la información referente a la composición de los plenos, trámites administrativos, noticias de interés, convocatorias de empleo público, etcétera, en los portales de Internet de 2.118 ayuntamientos de Galicia, País Vasco, Cataluña, Comunidad Valenciana y Baleares;"," El informe analiza las páginas web de los ayuntamientos de lugares en las que hay dos lenguas oficiales.  Hay dos lenguas oficiales en algunos ayuntamientos de Galicia, País Vasco, Cataluña, Valencia, Islas Baleares y Navarra. "
14,3,"es decir, las autonomías donde hay régimen de cooficialidad de lenguas, y 271 ayuntamientos en Navarra, donde rige el régimen de zonalidades establecido en la Ley del Vascuence de 1983. "," El informe analiza las páginas web de los ayuntamientos de lugares en las que hay dos lenguas oficiales.  Hay dos lenguas oficiales en algunos ayuntamientos de Galicia, País Vasco, Cataluña, Valencia, Islas Baleares y Navarra. "
14,4,"Según aclara la asociación, ""no se han tenido en cuenta"" en el informe ""aquellas deficiencias que bien por motivos técnicos o de otra naturaleza provocan situaciones en las que las versiones en castellano no son de la misma calidad que las de las lenguas autonómicas.", La versión en la otra lengua oficial es de mejor calidad que la versión en castellano.
15,0,AGUILAR VINCULA LA LUCHA CONTRA EL CAMBIO CLIMÁTICO A LA ERRADICACIÓN DE LA POBREZA.," Rosa Aguilar, ministra de Medio Ambiente, relaciona el cambio climático con la pobreza del mundo."
15,1,"La Ministra de Medio Ambiente, y Medio Rural y Marino, Rosa Aguilar, aseguró que la lucha contra el cambio climático ""ha de vincularse a un modelo de desarrollo sostenible y a la lucha contra la desigualdad y la pobreza al formar parte de los grandes cambios geopolíticos que estamos viviendo"". ",
15,2,"Estas declaraciones fueron ralizadas por la nueva ministra de Medio Ambiente en la inauguración de la jornada organizada por Gas Natural bajo el título Cambio Climático, la ruta hacia 2050.", Rosa Aguilar relaciona la lucha contra el cambio climático con la lucha contra la pobreza. Estas luchas se relacionan porque las dos son grandes cambios que pasan ahora en el mundo.
15,3,"Para alcanzar el objetivo de no superar un incremento de la temperatura por encima de los 2ºC, Aguilar manifestó que debemos hacer más por menos y convertir nuestros necesidades en oportunidades impulsoras del cambio, así como liderar una transición social y económica justa."," Rosa Aguilar también dice que no debemos aumentar más la temperatura del mundo. Para eso, hay que cambiar nuestras necesidades. Para eso, hay que luchar por un cambio social y económico más justo en el mundo."
15,4,"""El futuro es renovable, limpio y eficiente, dijo y recordó que Europa está trabajando en cómo hacer viable la senda de disminución de emisiones, cómo pasar de la reducción del 20%, al 95% en 2050.", Europa trabaja para reducir la temperatura en el mundo. La ministra Rosa Aguilar dice que el futuro del mundo debe ser limpio.
16,0,"Barbara Probst Solomon , Luis Rojas Marcos y José Andrés , condecorados con la Orden de las Artes "," Barbara Probst Solomon , Luis Rojas Marcos y José Andrés , condecorados con la Orden de las Artes "
16,1,"Barbara Probst Solomon , Luis Rojas Marcos y José Andrés , condecorados con la Orden de las Artes "," Barbara Probst Solomon , Luis Rojas Marcos y José Andrés reciben el premio de la Orden de las Artes . "
16,2,"El Consejo de Ministros concedió hoy la Orden de las Artes y las Letras de España a el restaurador José Andrés , a la escritora estadounidense Barbara Probst Solomon y a el psiquiatra Luis Rojas Marcos . "," Hoy el Gobierno de España ha dado el premio de la Orden de las Artes de España a tres personas .  A el cocinero José Andrés , a la escritora de Estados Unidos Barbara Probst Solomon y a el médico Luis Rojas Marcos . "
16,3,"A el cocinero asturiano José Andrés se le concede este reconocimiento "" por su incansable actividad de divulgación de la tradición gastronómica española a través de sus restaurantes , libros de cocina y especialmente de su programa de televisión  Made in Spain  , que han contribuido decisivamente a el creciente interés de los medios de comunicación americanos por la actual cocina española . "," El cocinero José Andrés ha recibido el premio por sus restaurantes , sus libros de cocina y su programa de cocina en la televisión . "
16,4,"A Probst Solomon se le premia por "" manifestar a través de sus libros y colaboraciones periodísticas su compromiso cívico y su voluntad de mejorar la sociedad en que vivimos , así como por haber contribuido a el acercamiento de dos países y dos culturas "" . ", Barbara Probst Solomon ha recibido el premio por querer mejorar la sociedad en que vivimos . 
16,5,"El Gobierno galardona a Luis Rojas Marcos "" por la proyección internacional de su trayectoria médica y literaria , que le ha convertido en un brillante representante de la ciencia y la cultura de nuestro país "" . ", Luis Rojas Marcos ha recibido el premio por su trabajo como médico y escritor en España y en el mundo . 
17,0,Amnistía denuncia tortura y malos tratos en 111 países, Amnistía denuncia tortura y malos tratos en 111 países
17,1,Amnistía denuncia tortura y malos tratos en 111 países, Amnistía Internacional denuncia la tortura y los malos tratos en 111 países .
17,2,"Amnistía Internacional ha documentado durante 2010 casos de tortura y otros malos tratos en a el menos 111 países , juicios injustos en 55 , restricciones a la libertad de expresión en 96 y presos de conciencia encarcelados en 48 ."," También ha probado la reducción de la libertad de expresión y la existencia de presos de conciencia . Esta organización ha probado casos de tortura , malos tratos y juicios injustos en 2010 ."
17,3,"Con motivo de el Día de los Derechos Humanos , que se celebra el 10 diciembre , activistas de la organización saldrán a la calle en más de 50 países durante 24 horas para participar en un maratón de recogida de firmas en defensa de los derechos humanos .", El día 10 de diciembre es el día de los Derechos Humanos . Ese día Amnistía Internacional recogerá firmas en defensa de los derechos humanos .
17,4,"En España , Amnistía estará presente en más de 50 ciudades , entre las cuales se encuentran Madrid , Barcelona , Logroño , Valencia , Burgos , Huesca , Guadalajara , Sevilla , Tenerife , Palencia , A Coruña y Palma de Mallorca ."," En España , Amnistía Internacional recogerá firmas en más de 50 ciudades ."
17,5,"El director de Amnistía Internacional en España , Esteban Beltrán , señaló a los periodistas en Madrid que""los derechos humanos son demasiado importantes como para dejar los en manos de los gobiernos"".", El director de Amnistía Internacional en España ha dicho que los derechos humanos no pueden depender de los gobiernos .
18,0,CIU DICE QUE HAY QUE MANTENER ABIERTO EL GRIFO DE LA FINANCIACIÓN PARA QUE ESPAÑA SALGA DE LA CRISIS., Josep Sánchez Llibre dice que hay que mantener la financiación  para que España salga de la crisis. 
18,1,El diputado de CiU Josep Sánchez Llibre insistió en que es necesario que se mantenga abierto el grifo de la financiación para que la economía española vuelva a la senda de la reactivación del empleo. , Josep Sánchez Llibre es diputado de Convergencia y Unión.  Josep Sánchez Llibre insiste en que hay que mantener la financiación para recuperar la economía española. 
18,2,"Durante la comparecencia del presidente del Gobierno, José Luis Rodríguez Zapatero, para informar sobre la última reunión del Consejo Europeo, Sánchez Llibre aseguró que la economía española puede salir de la crisis con celeridad, pero para ello es necesario que Europa tenga más flexibilidad con la política monetaria."," Josep Sánchez Llibre aseguró que la economía española puede salir de la crisis.  Para eso, es necesario que el Gobierno de Europa sea menos duro con la política económica de España. "
18,3,"En este sentido, añadió que no se trata de pedir más subvenciones, sino de crear nuevos mecanismos de refinanciación, pues estamos todos en el mismo barco del euro.", También añadió que no se trata de pedir dinero a Europa sino de crear nuevas formas de crear dinero y empleo. 
18,4,Insistió en que la economía española puede volver a la senda de reactivación del empleo.,
18,5,"Pero necesitamos financiación, reiteró.", Pero España necesita financiación para crear empleo.
18,6,"Somos conscientes de que nunca más habrá la alegría financiera de la última década, pero necesitamos que el grifo de la financiación no se cierre ni para la Administración Pública ni para tejido productivo español.",
19,0,ALREDEDOR DE 30.000 ESPAÑOLAS DE ENTRE 15 Y 19 AÑOS SE QUEDARÁN EMBARAZADAS SIN QUERERLO EN 2011., 30 mil jóvenes españolas se quedarán embarazadas sin querer en 2011.
19,1,"Alrededor de 30.000 chicas de entre 15 y 19 años se quedarán embarazadas sin quererlo en 2011 y más o menos la mitad abortarán, según vaticinó el director general del Instituto de la Juventud de España (Injuve), Gabriel Alconchel. ", Gabriel Alconchel ha dicho que 30 mil jóvenes españolas se quedarán embarazadas sin querer en 2011. Gabriel Alconchel es el director del Instituto de la Juventud de España. También ha dicho que la mitad de las jóvenes abortarán.
19,2,"El dirigente del Injuve hizo esta afirmación en la presentación de una campaña dirigida a prevenir embarazos no deseados en la población de entre 16 y 25 años, la edad de ""mayor propensión"" a implicarse en conductas sexuales de riesgo.", Gabriel Alconchel ha presentado una campaña de información para que las jóvenes no se queden embarazadas sin querer.
19,3,"A este respecto, tanto Alconchel como la directora del Instituto de la Mujer, Laura Seara, subrayaron que la edad media de inicio de las relaciones sexuales en España se sitúa actualmente en los 16 años y nueve meses, es decir, se ha reducido casi un año desde 2004."," Durante la campaña, Gabriel Alconchel ha dicho que los jóvenes empiezan a tener relaciones sexuales a los 16 años en España."
19,4,"Concretamente, indicaron estos responsables, los últimos datos señalan que casi el 60% de los jóvenes españoles de entre 15 y 17 años mantuvieron relaciones sexuales completas en 2009.",
20,0,César Antonio Molina dirigirá el Centro Internacional de Lectura , César Antonio Molina dirigirá el Centro Internacional de Lectura 
20,1,César Antonio Molina dirigirá el Centro Internacional de Lectura , César Antonio Molina dirigirá el Centro Internacional de Lectura . 
20,2,"El ex ministro de Cultura César Antonio Molina será director de el futuro Centro Internacional para la Investigación , el Desarrollo y la Innovación de la Lectura / Casa de el Lector , promovido por la Fundación Germán Sánchez Ruipérez . "," Ahora , César Antonio Molina dirigirá el Centro Internacional de Lectura . "
20,3,"Así lo ha aprobado el patronato de la entidad , que prevé poner en marcha este centro en octubre de 2011 y cuya sede está ahora en fase de construcción en el Matadero de Madrid . ", El Centro Internacional de Lectura funcionará en octubre de 2011 .  El Centro estará en el Matadero de Madrid . 
20,4,César Antonio Molina cesó como titular de Cultura en abril de el año pasado y en septiembre abandonó su escaño en el Congreso de los Diputados . , César Antonio Molina fue ministro de Cultura hasta abril de 2010 . 
20,5,Previamente a su paso por la política fue director de el Círculo de Bellas Artes y responsable de Cultura en varios medios de comunicación . ,
20,6,"La fundación que lleva el nombre de el fundador de la editorial SM aseguró en una nota que el centro "" significará la puesta en marcha de un nuevo proyecto cultural , educativo y social que , haciendo de la lectura su verdadero núcleo , pretende abrir se a todas las manifestaciones que ésta y sus soportes presentan en nuestra contemporaneidad "" . "," Sus protagonistas serán la lectura y el mundo de el libro .  El Centro de Lectura es un proyecto cultural , educativo y social . "
21,0,"Amnistía exige un cambio real en túnez , no cosmético"," Amnistía exige un cambio real en túnez , no cosmético"
21,1,"Amnistía exige un cambio real en túnez , no cosmético", Amnistía Internacional exige un cambio real en Túnez .
21,2,"Amnistía Internacional pidió a las autoridades tunecinas que , como parte de el plan de acción en materia de derechos humanos que se presentará a el nuevo Gobierno , introduzcan cambios fundamentales en el""represivo""aparato de seguridad de el país y en el sistema de justicia .", Esta organización ha pedido a el nuevo Gobierno de Túnez cambios reales en el país . La seguridad y la justicia de Túnez deben cambiar .
21,3,"El director general de Investigación y Programas Regionales de la asociación , Claudio Cordone , afirmó que la población de Túnez""se merece un cambio real , no uno meramente cosmético"".", La población de Túnez necesita cambios reales .
21,4,"""A quienes ahora ocupan el poder se les presenta una oportunidad sin precedentes de introducir reformas fundamentales y duraderas y romper con el legado de décadas de abusos de Ben Ali"", añadió .", El nuevo Gobierno puede hacer esos cambios .
21,5,"AI realizó este llamamiento mientras la agitación y la incertidumbre política atenazan a Túnez y amenazan a el nuevo Gobierno provisional , formado tras la huida , hace diez días , de el expresidente Ben Ali y su familia .",
21,6,"Amnistía propuso cambios en las fuerzas de seguridad , de manera que""ningún miembro de el aparato de seguridad debe estar por encima de la ley"", y que las autoridades condenen públicamente la tortura .", Amnistía Internacional ha propuesto que los policías estén sujetos a la ley . También ha propuesto que el Gobierno condene públicamente la tortura .
22,0,"CONDUCIR SIN CARNÉ, BEBIDO O CON EXCESO DE VELOCIDAD PUEDE SUPONER LA PÉRDIDA DEL COCHE."," Las personas que conducen sin carné, con mucha velocidad o que han bebido antes de conducir pueden perder el coche. "
22,1,"Los jueces decomisarán los coches o las motos de los conductores condenados por exceso de velocidad, por circular con una tasa de alcohol superior a la permitida o sin carné, debido a una reforma del Código Penal. "," Ha habido una reforma de las leyes.  Debido a esta reforma, los jueces quitarán el coche a las personas que conducen sin carné, con mucha velocidad o por beber alcohol antes de conducir. "
22,2,"Esta reforma prevé que todos los delitos relacionados con la seguridad vial (como exceso de velocidad o conducir bajo los efectos del alcohol, las drogas, sin carné o sin puntos) pueden conllevar el decomiso del vehículo, si bien la decisión dependerá del juez.",
22,3,"Esta situación estaba prevista inicialmente sólo para los conductores kamikazes, es decir, los que ""con manifiesto desprecio por la vida de los demás"", manejaran un vehículo ""con temeridad manifiesta y poniendo en peligro la vida o la integridad de las personas""."," Antes, los jueces sólo quitaban el coche a las personas que conducían de forma peligrosa. "
22,4,"Ahora se amplía, aunque siempre según el parecer del juez, a conducir con un exceso de velocidad superior en 60 kilómetros por hora en vía urbana o en 80 kilómetros por hora en vía interurbana, o conducir bajo la influencia de las drogas o con una tasa de alcohol superior a 1,2 gramos por litro en sangre.", Ahora los jueces también podrán quitar el coche a las personas condenadas por otras causas.  Algunas causas son conducir muy rápido dentro de las ciudades o beber alcohol o tomar drogas antes de conducir.
23,0,"ANDRÉS INIESTA, IMAGEN DE LAS PERSONAS CON ENFERMEDADES RARAS TAMBIÉN EN 2011.", Andrés Iniesta representa con su imagen la campaña de enfermedades raras en 2011.
23,1,El jugador del Fútbol Club Barcelona Andrés Iniesta colaborará de nuevo con la Federación Española de Enfermedades Raras y pondrá cara a su campaña de sensibilización de 2011. , Andrés Iniesta es jugador de fútbol en el Fútbol Club Barcelona. Andrés Iniesta ayudará este año a la Federación Española de Enfermedades Raras. También prestará su imagen a la campaña de esta Federación.
23,2,"Según informó la federación, esta iniciativa pretende reivindicar igualdad de oportunidades para las personas con patologías poco frecuentes y un trato más justo hacia ellas y sus familias.", La campaña quiere conseguir que las personas con enfermedades raras y sus familias tengan las mismas oportunidades que otras personas.
23,3,"Entre otros aspectos, la campaña reclama equidad en el acceso al tratamiento, en el ejercicio de derechos sociales básicos y en la asistencia sociosanitaria.", La campaña también quiere conseguir los mismos derechos sociales y la atención médica para estas personas.
23,4,"Se desarrollará a lo largo de febrero de 2011 en coincidencia con el Día Internacional de las Enfermedades Raras, y prevé la organización de más de 100 eventos, como talleres y charlas, durante todo el mes.", La campaña será en febrero de 2011.
23,5,"Según la federación, el acto principal tendrá lugar el 27 de febrero y consistirá en una nueva edición de la Carrera por la Esperanza de las Familias con Enfermedades Raras, a la que Iniesta también prestará su imagen.", El acto más importante de la campaña será una carrera por las familias de personas con enfermedades raras. Andrés Iniesta también será la imagen de esta carrera.
24,0,COMIENZA LA I MUESTRA DE CINE PALESTINO EN LA FILMOTECA NACIONAL., Comienza la primera exposición de Cine Palestino en Madrid.
24,1,"El estreno de la película Zindeeq en la Filmoteca Nacional de Madrid será el punto de partida de la I Muestra de Cine Palestino, con la presencia de su director, el palestino Michel Khleifi, y de la cineasta española Inés Paris. ", La primera exposición de Cine Palestino en Madrid empieza con la película Zindeeq. Michel Khleifi es de Palestina y es el director de la película Zindeeq. Michel Khleifi  estará en la exposición cuando la película Zindeeq se vea por primera vez.
24,2,"La inauguración contará también con la presencia de Musa Amer Odeh, representante de la misión diplomática palestina en España. ", También estará en la exposición la representante de Palestina en España.
24,3,"Por primera vez Madrid acoge una muestra de cine dedicada exclusivamente a la filmografía realizada por profesionales palestinos, dentro y fuera de su territorio.", Por primera vez hay una exposición de cine palestino en Madrid.
24,4,"Del 19 al 30 de noviembre se proyectarán un total de 54 películas, con el propósito, según los organizadores, de mostrar la identidad y la cultura árabe palestina a través del cine y exponer su heterogeneidad vista desde dentro, a través de la variedad de sus prácticas, géneros e historias cinematográficas.", La exposición de cine estará en Madrid desde el 19 al 30 de noviembre. En la exposición se verán más de 50 películas. El objetivo de la exposición es mostrar la cultura de Palestina.
24,5,"La programación, agregaron, pretende mostrar perspectivas diferentes de la realidad cinematográfica y temática desde los enfoques conceptuales y experimentales de innovación artística, hasta el cine sociopolítico y de activismo social.", La exposición también muestra los diferentes tipos de cine: el cine artístico y el cine social.
25,0,"Ban Ki-moon :""Las necesidades humanitarias son cada vez mayores"""," Ban Ki-moon :""Las necesidades humanitarias son cada vez mayores"""
25,1,"Ban Ki-moon :""Las necesidades humanitarias son cada vez mayores""", Ban Ki-Moon dice que las necesidades humanitarias aumentan .
25,2,"El secretario general de la ONU , Ban Ki-moon , reclamó una mayor financiación mundial para atender las necesidades humanitarias de 2011 , con un llamamiento de casi 7.400 millones de euros ( unos 5.400 millones de euros ) , la mayor petición realizada jamás por Naciones Unidas .", Es la mayor petición de dinero hecha por la ONU . Ban Ki-Moon es el secretario general de la ONU . El secretario general de la ONU ha pedido más de 7000 millones de euros para las necesidades humanitarias .
25,3,"""Las necesidades humanitarias son cada vez mayores .",
25,4,Cada vez más personas confían en nosotros para salvar la vida y llevar una vida sostenible ., Cada vez más personas dependen de la ONU para vivir .
25,5,"Se necesita más apoyo que nunca antes"", apuntó , según informó la Oficina de las Naciones Unidas para la Coordinación de Asuntos Humanitarios .", Por eso la ONU necesita más apoyo .
25,6,"Ban indicó que ,""en conjunto , todos tenemos que hacer esfuerzos adicionales para asegurar una financiación suficiente y previsible para el trabajo humanitario .", Todos tenemos que hacer un esfuerzo para financiar la acción humanitaria .
25,7,"No debemos dejar la dotación de recursos de la acción humanitaria a la casualidad"".",
25,8,"El secretario general de la ONU hizo esta petición en la Conferencia Humanitaria de Financiación , en Ginebra ( Suiza ) , después de que Naciones Unidas hiciera público el pasado mes de noviembre su""Llamamiento Humanitario 2011"", con el que pide casi 7.400 millones de dólares ( unos 5.400 millones de euros ) para ofrecer ayudar a unos 50 millones de personas .", El secretario general de la ONU pidió el dinero para ayudar a 50 millones de personas .
26,0,COSPEDAL RECHAZA LA EUFORIA Y PIDE RESPONSABILIDAD PARA EL FUTURO., María Dolores de Cospedal pide responsabilidad para el futuro. 
26,1,"La secretaria general del Partido Popular, María Dolores de Cospedal, afirmó que la Convención Nacional celebrada en Sevilla este fin de semana ha servido para convocar a todos los españoles a confiar en un proyecto de recuperación nacional y lanzar un mensaje carente de euforia y lleno de responsabilidad. "," María Dolores de Cospedal es la secretaria general del Partido Popular.  Cospedal afirma que estos resultados han servido para unir a los españoles. Así, todolos españoles estarán unidos para recuperar España de la crisis.  "
26,2,"Cospedal hizo este balance en una rueda de prensa en la sede nacional del PP, donde compareció después de analizar con Mariano Rajoy el transcurso del cónclave político que ha servido para meterse de lleno en la precampaña de las elecciones municipales y autonómicas de mayo, así como reclamar un adelanto de las generales con la tesis de que España tiene sed de urnas.",
26,3,"A su juicio, el acto ha servido para demostrar que es el momento de la recuperación nacional y convocar a todos los españoles, vengan de donde vengan, para un programa conjunto que permita sacar al país de la crisis.", Cospedal piensa que es el momento de recuperar España.  También ha dicho que todos los españoles deben estar unidos para sacar a España de la crisis.
27,0,"ARRANCA LA LIGA MASCULINA DE GOALBALL, EL ÚNICO DEPORTE ESPECÍFICO PARA CIEGOS.", Comienza la liga masculina de Goalball. El Goalball es el único deporte específico para ciegos.
27,1,"Comienza la nueva temporada de la Primera División Masculina de Goalball, con la disputa de la primera jornada en Madrid, en la que participarán los siete mejores equipos de la pasada temporada: Alicante A, Barcelona, Castellón, Chamartín (Madrid), Girona, Innova Canarias Cludeón y Valencia. ", Comienza la nueva temporada de la liga masculina de Goalball. En esta liga participarán los mejores equipos de la pasada temporada.
27,2,"La competición, organizada por la Federación Española de Deportes para Ciegos (FEDC), se disputará a doble vuelta durante tres fines de semana.", La liga está organizada por la Federación Española de Deportes para Ciegos. Esta liga durará tres fines de semana y se jugará en las instalaciones de la ONCE en Madrid.
27,3,"Los cuatro primeros equipos clasificados disputarán después el Campeonato de España, en tanto que los dos últimos descenderán a la Segunda División.", Los cuatro mejores equipos de la liga irán al torneo de España.
27,4,"El Complejo Deportivo y Cultural de la ONCE en Madrid será el escenario del comienzo de la liga, en la que el Valencia defenderá su título de vigente campeón basando su juego en Jesús Santana, paralímpico en Pekín 2008, al que se ha sumado el también internacional Javier Serrato.", El actual campeón de liga es el Valencia y luchará por ganarla otra vez.
27,5,"Por su parte, el Castellón, ganador de los dos últimos campeonatos de España, aspira a convertirse en la alternativa, de la mano de sus dos jugadores paralímpicos: Vicente Galiana y Ricardo Fernández.", El Castellón ha sido campeón de España en otros años y también quiere ganar la liga este año.
28,0,Cada año nacen unos 370.000 niños con sida, Cada año nacen unos 370.000 niños con sida
28,1,Cada año nacen unos 370.000 niños con sida, Cada año nacen más de 300 mil niños con sida .
28,2,"La ONU calcula que unos 370.000 niños nacen con sida cada año y considera que todos estos casos se pueden prevenir y lograr una generación sin esta enfermedad si la comunidad internacional se esfuerza en ofrecer prevención , tratamiento y protección social universal .", Necesitamos medicamentos y protección universal para evitar el sida . Cada año nacen más de 300 mil niños con sida . La ONU cree que esta enfermedad puede evitar se .
28,3,"Así figura en el informe""Niños y VIH / Sida : quinto inventario de la situación 2010"", presentado con motivo de el Día Mundial de el Sida por cinco agencias de la ONU :"," Así lo afirma el informe""Niños y Sida""."
28,4,"Programa Conjunto de las Naciones Unidas sobre el VIH / Sida ; Fondo de las Naciones Unidas sobre la Infancia ; Organización Mundial de la Salud ; Organización de las Naciones Unidas para la Educación , la Ciencia y la Cultura , y Fondo de Población de las Naciones Unidas .",
28,5,"El informe señala que , en general , los niños se han beneficiado de el progreso alcanzado en la respuesta ante el VIH / Sida , pero aún hay millones de mujeres y menores que se han contagiado por desigualdades arraigadas de género , situación económica , localización geográfica , nivel educativo y estatus social ."," Estas mujeres y niños tienen esta enfermedad porque viven en países pobres y no tienen educación . Sin embargo , todavía hay muchas mujeres y niños que tienen sida . El informe señala que la situación de los niños con sida mejora ."
29,0,AUMENTAN LOS PROBLEMAS DE FERTILIDAD POR EL CONSUMO DE ESTEROIDES., Las personas que consumen esteroides pueden tener problemas de fertilidad.
29,1,"Ferran García, director de la Unidad de Andrología del Institut Marquès, ha advertido de los peligros que entraña el consumo abusivo de anabolizantes para la salud sexual y reproductiva de los varones, que, según su experiencia, los utilizan cada vez más para ganar musculatura.", El doctor Ferrán García advierte del peligro que tiene el consumo de esteroides.
29,2,"El doctor García alertó de que en los últimos años el consumo de esteroides, especialmente en varones jóvenes, ""ha ido extendiéndose hasta convertirse en un peligro para la salud, cuyas consecuencias pueden ser, en algunos casos, irreversibles"".", El doctor García también dice que el consumo de esteroides ha crecido en los últimos años entre los hombres jóvenes.
29,3,"Algunos de los efectos que los anabolizantes pueden provocar en el varón que recurre a ellos para conseguir una mayor masa corporal por razones puramente estéticas son la azoospermia (ausencia de espermatozoides en el eyaculado), ginecomastia (desarrollo de la mama masculina) o disfunción eréctil, entre otros trastornos sexuales."," Sin embargo, el consumo de esteroides puede ser peligroso para la salud sexual. También puede provocar problemas de fertilidad."
29,4,"Aunque este especialista dice no disponer de datos concretos sobre el porcentaje de consumidores de anabolizantes con problemas sexuales o de fertilidad, sí asegura haber notado en su consulta un incremento de este tipo de situaciones en los últimos años."," El doctor García no tiene datos concretos sobre el consumo de esteroides. Sin embargo, ha observado en su consulta un aumento de personas que consumen esteroides y tienen problemas de fertilidad."
30,0,Descubren en Valencia una nueva especie de pez prehistórico , Descubren en Valencia una nueva especie de pez prehistórico 
30,1,Descubren en Valencia una nueva especie de pez prehistórico , Unos investigadores descubren un pez prehistórico en Valencia . 
30,2,El estudio de un lago salino que existió hace 10 millones de años en Bicorb ( Valencia ) ha permitido descubrir el fósil de una nueva especie de pez prehistórico y de sus heces . , El pez existió hace 10 millones de años . 
30,3,"Según informó este martes el Instituto Geológico y Minero de España , este pez depredador ha sido bautizado por los investigadores como "" Aphanius bicorbensis "" , en honor a la población de Bicorb . "," Le han llamado así porque el pez estaba en un pueblo llamado Bicorb .  Los investigadores han descubierto el pez y lo han llamado "" Aphanius bicorbensis "" . "
30,4,"La investigación ha sido realizada por Enrique Peñalver , experto en insectos fósiles de el Instituto Geológico y Minero , y por Jean Gaudant , especialista en peces fósiles de el Museo Nacional de Historia Natural de París , gracias a la financiación de la Consejería de Cultura de la Generalitat Valenciana . ", La Generalitat Valenciana ha financiado la investigación . 
30,5,"El estudio de el contenido de las heces de estos peces , que también quedaron fosilizadas en la roca , ha permitido a los investigadores saber que este depredador se alimentaba de los foraminíferos y de las larvas de mosquito , especialmente abundantes en el lago . ", Los investigadores también han descubierto que este pez comía insectos de agua . 
31,0,Casi 400.000 personas desplazadas en Pakistán han vuelto a casa tras las inundaciones, Casi 400.000 personas desplazadas en Pakistán han vuelto a casa tras las inundaciones
31,1,Casi 400.000 personas desplazadas en Pakistán han vuelto a casa tras las inundaciones, Casi medio millón de personas de Pakistán vuelven a casa después de las inundaciones .
31,2,Alrededor de 390.000 personas han regresado a sus casas desde que vieran obligadas a desplazar se por las inundaciones causadas por las lluvias monzónicas de el pasado verano en Pakistán ., El verano pasado llovió mucho en Pakistán . Ahora estas personas vuelven a sus casas . Por este motivo muchas personas se fueron de sus casas en Pakistán .
31,3,"Según la Oficina de la ONU para la Coordinación de Asuntos Humanitario , esta cifra supone un 26 % de los 1,5 millones de pakistaníes desplazados por las inundaciones .",
31,4,"Por otro lado , la ONU ha logrado recaudar un 34 % de los 2.000 millones de dólares ( cerca de 1.400 millones de euros ) solicitados como llamamiento de urgencia ante la catástrofe de Pakistán , la mayor petición realizada nunca por Naciones Unidas ante un desastre natural .", La Organización de Naciones Unidas ha conseguido dinero para disminuir los efectos de las inundaciones .
31,5,"Esta catástrofe ha matado a unas 2.000 personas , ha afectado a más de 20 millones , ha destruido cerca de 1,9 millones de hogares y ha devastado a el menos 160.000 kilómetros cuadrados , una quinta parte de el país .", Estas inundaciones han matado a 2000 personas y han destruido 2 millones de casas . También han destruido por completo una quinta parte de Pakistán .
31,6,"Ante esta tesitura , el secretario general de la ONU , Ban Ki-moon , ha urgido a la comunidad internacional a responder""con generosidad y rapidez""a las necesidades humanitarias de Pakistán .", La Organización de Naciones Unidas ha pedido a todos los países que ayuden rápidamente para atender las necesidades humanitarias de Pakistán .
32,0,DESCUBIERTO UN TALLER ILEGAL DE ARMAS EN ALICANTE., La Policía descubre un taller ilegal de armas en Alicante. 
32,1,"La Policía Nacional ha desmantelado en Orihuela (Alicante) un taller ilegal para la fabricación, manipulación y venta de armas de fuego, en una operación en la que han sido detenidas tres personas. "," La Policía Nacional ha descubierto un taller  donde se fabricaban armas. El taller era ilegal, por eso la Policía lo ha cerrado.  La Policía también ha detenido a tres personas que trabajaban en el taller. "
32,2,"Según informó la Policía, los arrestados adquirían las armas inutilizadas en subastas de España y otros países extranjeros y después las manipulaban y alteraban para venderlas en el mercado negro."," Estas personas compraban las armas, las modificaban y las vendían de forma ilegal. "
32,3,"En el marco de la operación se han localizado 54 armas de fuego, entre las que hay 39 pistolas de diversos calibres, cinco revólveres, dos subfusiles, un mosquetón y una escopeta, así como miles de cartuchos de diferente calibre, visores nocturnos y telescópicos y como maquinaria necesaria para la manipulación y fabricación de armas."," La Policía ha cerrado el taller y ha recogido de allí muchas armas diferentes, máquinas y material para fabricar las armas."
32,4,"Las investigaciones se iniciaron el pasado mes de octubre, al tener conocimiento la Policía de la existencia, en la localidad de Orihuela, de un individuo que se dedicaba a comprar armas de fuego inutilizadas, modificarlas para hacerlas operativas ilegalmente y, posteriormente, venderlas a otras personas.",
33,0,"ÁVILA Y BARCELONA, ENTRE LAS CUATRO FINALISTAS DEL PREMIO CIUDAD EUROPEA ACCESIBLE.", Ávila y Barcelona están entre las cuatro ciudades finalistas para el premio Ciudad Europea Accesible.
33,1,Ávila y Barcelona han sido designadas entre las cuatro ciudades finalistas del premio europeo de Ciudades Accesibles convocado por la Comisión Europea. ,
33,2,"Las otras dos ciudades que han llegado a la final han sido Grenoble, en Francia, y Turku, en Finlandia, según informa el Comité Español de Personas con Discapacidad."," Las otras dos ciudades elegidas son Grenoble, en Francia, y Turku, en Finlandia."
33,3,"De este modo, dos ciudades de un mismo país llegan a la fase final de un concurso convocado por la Comisión Europea para reconocer a aquellas urbes que más se han destacado en todo el continente en promover la accesibilidad universal y el diseño para todos.",
33,4,"España presentó tres candidaturas (Ávila, Barcelona y Málaga), de las que dos han pasado a la fase final europea, lo que indica el buen nivel de las ciudades españolas en materia de políticas de accesibilidad.", España tiene dos ciudades elegidas entre las 4 ciudades finalistas. Esto significa que las ciudades españolas tienen buenas políticas que promueven la accesibilidad.
33,5,"El fallo definitivo con la ciudad ganadora del concurso se conocerá el próximo 3 de diciembre de 2010, fecha en la que se celebra el Día Internacional y Europeo de las Personas con Discapacidad.", El premio se entregará el 3 de diciembre de 2010. El 3 de diciembre es el Día Internacional y Europeo de las Personas con Discapacidad.
33,6,El Cermi fue la entidad designada por la Comisión Europea para seleccionar las candidaturas españolas participantes en este certamen europeo.,
34,0,Descubren una estrella capaz de mover moléculas más rápido que el gran acelerador de Suiza , Descubren una estrella capaz de mover moléculas más rápido que el gran acelerador de Suiza 
34,1,Descubren una estrella capaz de mover moléculas más rápido que el gran acelerador de Suiza , Descubren una nueva estrella . 
34,2,Un resto de supernova en la constelación de Tauro puede imprimir mayor velocidad a las moléculas que el Gran Acelerador de Partículas instalado en Suiza . , Esta estrella es importante porque mueve moléculas de el universo a gran velocidad . 
34,3,"Así lo demuestra un estudio interdisciplinar en el que han participado investigadores de el Consejo Superior de Investigaciones Científicas , cuyos resultados se publican en el próximo número de la revista "" Sciencie "" . ", El descubrimiento de esta estrella se publicará en una revista científica . 
34,4,"Según dicho trabajo , el hallazgo tuvo lugar en la nebulosa de el Cangrejo , situada a 6.300 años luz de la Vía Láctea , en la constelación de Tauro y en la Vía Láctea . ",
34,5,"En ella se encuentra un pulsar ( estrella joven que emite radiaciones muy intensas a intervalos regulares y cortos ) , que según pudieron observar los autores de el estudio protagonizó dos incrementos altísimos en las emisiones de rayos gamma durante varios días . ", Esta estrella es muy joven y mueve las moléculas con gran fuerza .  También se ha descubierto que la estrella ha aumentado su fuerza en dos ocasiones . 
34,6,"El primero tuvo lugar en febrero de 2009 y duró 16 jornadas , mientras que el segundo se visualizó a lo largo de cuatro días en septiembre de 2010 . ", La segunda ocasión fue en 2010 y pudo ver se la estrella durante 4 días .  La primera ocasión fue en 2009 . 
35,0,Chacón anuncia que se endurecerán las autorizaciones a aviones norteamericanos militares para hacer escalas en España, Chacón anuncia que se endurecerán las autorizaciones a aviones norteamericanos militares para hacer escalas en España
35,1,Chacón anuncia que se endurecerán las autorizaciones a aviones norteamericanos militares para hacer escalas en España, Nuevas medidas para los aviones militares norteamericanos que vuelen por España .
35,2,"La ministra de Defensa , Carme Chacón , anunció que a partir de el 1 de febrero de 2011 se endurecerán los requisitos para autorizar escalas y sobrevuelos de aeronaves norteamericanas militares sobre cielo español ."," Carme Chacón , ministra de Defensa de España , ha dicho que habrá nuevas normas para los aviones militares norteamericanos que vuelen en España . Las nuevas normas se aplicarán desde febrero ."
35,3,"Así lo anunció en el Pleno de el Congreso de los Diputados , a el ser interpelada por el portavoz de IU en la Cámara Baja , Gaspar Llamazares , acerca de""la expiración de la vigencia de el Convenio de Cooperación para la Defensa entre España y los Estados Unidos"", que vence el 12 de febrero , y su revisión .", LO anunció cuando le preguntaron por el Acuerdo de Cooperación que tienen España y Estados Unidos . Carme Chacón anunció la medida en el Congreso de los Diputados .
35,4,"Chacón señaló que España ha decidido no denunciar el convenio de Estados Unidos porque hacer lo implicaría iniciar un proceso parlamentario allí para aprobar un nuevo acuerdo que obligaría a prorrogar el citado convenio anualmente""durante mucho tiempo""hasta alcanzar el nuevo texto .",
35,5,"Por ende , el Ministerio de Defensa y Estados Unidos han decidido mejorar el vigente convenio ,""a través de la introducción de mejoras"", como las relativas a las autorizaciones de escalas y sobrevuelos de aeronaves militares .", Este acuerdo permite a los aviones de Estados Unidos volar por España . La Ministra ha dicho que España y Estados Unidos han decidido mejorar dicho acuerdo .
36,0,DETENIDAS 16 PERSONAS POR ROBAR CABLE DE COBRE DEL TENDIDO TELEFÓNICO., La Guardia Civil detiene a 16 personas por robar cables de cobre de la red telefónica. 
36,1,"La Guardia Civil ha detenido en Ciudad Real a 16 personas a las que se acusa de robar cable de cobre de las líneas del tendido telefónico, lo que llegó a dejar incomunicadas a algunas localidades. "," La Guardia Civil ha detenido a 16 personas por robar cables de la red telefónica en Ciudad Real.  Cuando robaron los cables, algunas localidades se quedaron sin teléfono. "
36,2,"Según informó la Benemérita, en el marco de la denominada operación Sanko, se ha desarticulado un grupo al que se acusa de más de 20 robos de cable de cobre en la provincia de Ciudad Real.", La Guardia Civil ha informado de que estas personas habían robado cables más de 20 veces en Ciudad Real. 
36,3,"A los detenidos se les imputará la presunta comisión de los delitos de robo con fuerza en las cosas, receptación y asociación ilícita.", Estas personas están acusadas de varios delitos relacionados con robar el cable de la red telefónica. 
36,4,"Esta banda sustrajo cable de cobre en las localidades de Porzuna, Malagón, Fuente El Fresno, Los Cortijos, Horcajo de los Montes, Villarrubia de los Ojos, Corral de Calatrava, Pozuelo de Calatrava, Alcoba de los Montes, Piedrabuena y Abenojar.",
36,5,"Las investigaciones se iniciaron a mediados del mes de mayo, tras haberse cometido en la localidad de Porzuna diferentes robos en el cable de hilo telefónico, lo cual dejó incomunicadas a varias localidades de la zona.", La investigación de la guardia Civil comenzó cuando estas personas robaron cables de cobre y varias localidades se quedaron sin teléfono.
37,0,CASI EL 20% DE LAS AGRESIONES QUE SUFREN LOS MÉDICOS CAUSAN LESIONES., Muchos de los ataques a los médicos causan lesiones.
37,1,"El 18,55% de las agresiones que sufrieron los médicos españoles en sus consultas el año pasado tuvieron como consecuencia una lesión, según los datos del Observatorio de Agresiones de la Organización Médica Colegial, que indican también que el 13,4% de los facultativos afectados por esta situación pidieron por esta causa la baja laboral. ", Muchos de los ataques a los médicos españoles el año pasado les causaron lesiones.
37,2,"En virtud de estas cifras, difundidas este martes en rueda de prensa, en 2010 se registraron en España un total de 451 agresiones a facultativos, es decir, 2,07 por cada mil médicos, lo que supone, a juicio de la organización médica, un ""grave problema social"" para el que se pide ""tolerancia cero"" y que se produce en el 90,63% de los casos en el sector público.", Una organización de médicos ha calculado cuántos médicos sufrieron ataques en 2010. La organización ha descubierto casi 500 ataques. La organización afirma que estos ataques son un grave problema social. También ha descubierto que la mayoría de los ataques son hacia médicos del sector público.
37,3,"El ámbito médico más afectado por las agresiones de pacientes, es, en virtud del observatorio creado por los colegios de facultativos, el de Atención Primaria, donde se contabilizaron en 2010 el 65% de los atentados a profesionales sanitarios.", Los médicos que sufren más ataques son los de alrededor de 50 años y los que trabajan en centros médicos pequeños.
37,4,"Y el grupo de edad más castigado, el que va desde los 46 a los 55 años.", Los médicos que sufren más ataques son los de alrededor de 50 años y los que trabajan en centros médicos pequeños.
38,0,"El acceso de las personas con discapacidad a la cultura , prioridad de González-Sinde para 2011 "," El acceso de las personas con discapacidad a la cultura , prioridad de González-Sinde para 2011 "
38,1,"El acceso de las personas con discapacidad a la cultura , prioridad de González-Sinde para 2011 "," Para la ministra de Cultura , el acceso a la cultura de las personas con discapacidad es muy importante . "
38,2,"La potenciación de el acceso a la cultura de las personas con discapacidad es uno de los objetivos prioritarios que se ha marcado el Gobierno para la elaboración de los presupuestos de el Ministerio de Cultura para 2011 , según aseguró la titular de este departamento , Angeles González-Sinde . ", La ministra ha dicho que el presupuesto de el Ministerio de Cultura favorecerá el acceso a la cultura de las personas con discapacidad .  Ángeles González Sinde es la ministra de Cultura . 
38,3,"Durante la presentación en rueda de pensa de las partidas de Cultura , González-Sinde enumeró como prioridades para 2011 el fortalecimiento de el acceso de los ciudadanos en general a la cultura , la reapertura de museos en obras , el fomento de las industrias culturales y el impulso a el acceso de los discapacitados a la cultura . ", La ministra ha dicho también que se abrirán los museos que están en obras y se fomentarán las industrias culturales . 
38,4,""" Es importante para nosotros seguir trabajando en las medidas de apoyo a el acceso a la cultura por las personas con discapacidad "" , explicó . ", La ministra de Cultura ha dicho que trabaja para que las personas con discapacidad accedan a la cultura . 
38,5,""" Estamos desarrollando áreas de trabajo con la colaboración de la ONCE y el Comité Español de Representantes de Personas con Discapacidad . "" En el original , espacio antes de coma . ", También ha dicho que el Ministerio de Cultura colabora con la ONCE y el CERMI . 
38,6,En el original 11CULT las comillas no están cerradas . ,
39,0,China ha detenido a 20 activistas y arrestado a otros 120 tras el anuncio de el Nobel para Liu Xiaobo, China ha detenido a 20 activistas y arrestado a otros 120 tras el anuncio de el Nobel para Liu Xiaobo
39,1,China ha detenido a 20 activistas y arrestado a otros 120 tras el anuncio de el Nobel para Liu Xiaobo,
39,2,"Tres expertos independientes de la ONU expresaron su preocupación por los ataques que defensores de derechos humanos reciben en China desde que se otorgara el Premio Nobel de la Paz a el activista preso Liu Xiaobo , el pasado 8 de octubre .", Liu Xiaobo ha recibido el Premio Nobel de la Paz de 2010 . China detiene a más de 100 defensores de los derechos humanos . Liu Xiaobo está preso en China por defender los derechos humanos .
39,3,"Así lo expresaron en un comunicado conjunto la relatora especial sobre la situación de los derechos humanos , Margaret Sekaggya ; la relatora especial sobre la promoción y la protección de el derecho a la libertad de opinión y de expresión , Frank La Rue , y el presidente-relator de el Grupo de Trabajo sobre la Detención Arbitraria , El Hadji Malick Sow .",
39,4,"""Desde el 8 de octubre de 2010 , hemos recibido informes de más de 20 detenciones de defensores de los derechos humanos , y otros 120 casos de arrestos domiciliarios , entre ellos el de la esposa de Liu Xiaobo , Liu Xia ; restricciones a los viajes , desplazamientos forzados , actos de intimidación y el bloqueo de los medios de comunicación , como la eliminación de contenidos en Internet sobre el Nobel de la Paz"", apuntaron ."," Desde que concedieran el premio Nobel a Liu Xiaobo , China ha detenido a muchos defensores de los derechos humanos . China ha eliminado también la información en internet de el premio Nobel de la paz . Entre los detenidos está la esposa de Liu Xiaobo ."
40,0,DETENIDOS CON MÁS DE DOS KILOS DE HACHÍS EN LA ESTACIÓN DE AUTOBUSES DE MÉNDEZ ÁLVARO., La Policía detiene en la estación de Méndez Álvaro a dos hombres que llevaban droga en sus maletas. 
40,1,"La Policía Nacional detuvo el pasado domingo en la Estación Sur de Autobuses de Méndez Álvaro, en Madrid, a dos hombres con más de dos kilogramos de hachís que portaban en sus maletas.", La Policía detuvo a dos hombres en la estación de autobuses de Méndez Álvaro el pasado domingo. Estos hombres llevaban gran cantidad de droga en sus maletas.
40,2,Acababan de apearse de un autocar procedente de Almería y su nerviosismo y actitud vigilante levantó las sospechas de los agentes. , Los dos hombres se bajaron de un autobús nerviosos y mirando a todos lados. Los policías se fijaron en ellos debido a su actitud nerviosa.
40,3,"Según informó la Jefatura Superior de Policía de Madrid, los hechos tuvieron lugar en torno a las cuatro de la tarde del pasado domingo dentro del dispositivo establecido para intensificar los controles del tráfico de estupefacientes en las principales vías de transporte de la capital. ", Los policías estaban en la estación para controlar la entrada de drogas en Madrid.
40,4,"Los agentes del Grupo de Atención al Ciudadano de la Brigada Provincial de Seguridad Ciudadana advirtieron la presencia en los andenes de la estación de dos hombres que portaban sendas maletas tipo trolley y que levantaron sus sospechas porque caminaban mirando hacia todos los lados, de forma precavida y vigilando constantemente a aquellos que se les acercaban.",
40,5,"En las maletas fueron halladas diez fichas, con forma rectangular y de diferentes tamaños, de una sustancia marrón que resultó ser hachís.",
41,0,CIENTÍFICOS ESPAÑOLES DESCUBREN UN MECANISMO DE REGENERACIÓN CUTÁNEA., Científicos españoles descubren un mecanismo para crear piel.
41,1,"Un estudio internacional en el que ha colaborado el Consejo Superior de Investigaciones Científicas ha descubierto uno de los mecanismos implicados en la renovación de la cutícula del gusano ""caenorhabditis elegans"", lo que abre nuevas vías de investigación contra el envejecimiento y en el tratamiento de cánceres cutáneos, heridas y algunas enfermedades parasitarias de los países en vías de desarrollo. "," Un grupo de científicos del Consejo Superior de Investigaciones Científicas descubre un mecanismo para recuperar o volver a crear piel. Este mecanismo ayudará a curar enfermedades de la piel, cánceres y heridas. Los científicos han descubierto el mecanismo gracias a un gusano que cambia de piel."
41,2,"Para el Consejo, el estudio constata que el proceso de muda en este gusano está asociado a cambios en el estado de oxidación de proteínas presentes en su cutícula.",
41,3,"Cuando se bloquea la actividad de estas proteínas, la cutícula vieja no se debilita lo suficiente para que el animal la rompa y pase a la siguiente fase del estado larvario, por lo que acaba muriendo atrapado dentro de su propia cutícula."," Cuando el gusano no tiene algunas sustancias, su piel vieja no se rompe y no puede cambiarla por una nueva."
41,4,"Por el contrario, la aplicación de glutatión, una molécula presente en todos los organismos vivos y que regula el equilibrio de oxidación celular, favorece la muda y el paso al siguiente estadio larvario, ya que ayuda al gusano a degradar la cutícula vieja y a separarse de ella.", Los científicos han descubierto las sustancias que ayudan al gusano a romper su piel vieja y cambiarla por una nueva.
42,0,El Ayuntamiento de Segovia y cultura acondiciona el entorno de el Acueducto , El Ayuntamiento de Segovia y cultura acondiciona el entorno de el Acueducto 
42,1,El Ayuntamiento de Segovia y cultura acondiciona el entorno de el Acueducto , El ayuntamiento de Segovia y el Ministerio de Cultura arreglan el entorno de el Acueducto . 
42,2,"El Ayuntamiento de Segovia , a través de su Concejalía de Patrimonio Histórico , desarrolla trabajos de conservación de el entorno de el Acueducto , en concreto en la zona en la que el monumento se conexiona con la muralla . "," Ahora , el gobierno de Segovia está arreglando el entorno de el Acueducto . "
42,3,Se trata de un espacio que presentaba un avanzado estado de deterioro por lo que era necesaria una intervención para potenciar la imagen de ambos monumentos . ," A el arreglar lo , el Acueducto tendrá mejor imagen .  El entorno de el Acueducto estaba muy estropeado . "
42,4,"Según informó el Consistorio en un comunicado de prensa , el proyecto que se ejecuta en este punto incluye la renovación de el pavimento de las canaletas laterales , la demolición de la antigua escalera de acceso a el adarve de piedra y su sustitución por otra de hierro y madera , una escalera que se reubicará , la instalación de nueva iluminación ambiente en el conjunto de la Plaza Avendaño , la demolición de el peto en el intradós de la muralla , el picado y rejuntado de el intradós de la muralla . ", También se instalarán nuevas luces para iluminar el Acueducto y su entorno .  El arreglo mejorará el suelo y la escalera de acceso . 
43,0,Cientos de miles de pakistaníes viven en campamentos seis meses después de las inundaciones, Cientos de miles de pakistaníes viven en campamentos seis meses después de las inundaciones
43,1,Cientos de miles de pakistaníes viven en campamentos seis meses después de las inundaciones, Miles de personas de Pakistán viven en campamentos
43,2,Cientos de miles de personas permanecen en campamentos y otros miles viven en tiendas de campaña a el lado de sus casas destruidas seis meses después de las devastadoras inundaciones que afectaron a más de 20 millones de personas en Pakistán ., Miles de personas de Pakistán viven en campamentos 6 meses después de las inundaciones .
43,3,"Así lo afirmó Intermón Oxfam , en un informe titulado""Seis meses después de las inundaciones : redefiniendo las prioridades en la reconstrucción"", en el que alerta de que la situación de emergencia en Pakistán podría empeorar en los próximos meses .", La situación de las personas de Pakistán puede ser peor en los próximos meses .
43,4,"Oxfam señaló que las bajas temperaturas de este invierno han aumentado el número de infecciones respiratorias , como la gripe y la neumonía , con más de 200.000 casos notificados en la segunda semana de este mes de enero , y grandes extensiones de tierra de el sur de Pakistán continúan bajo el agua contaminada ."," Debido a el frío de el invierno , las enfermedades han aumentado entre las personas de Pakistán ."
43,5,"Además , han aumentado las""preocupantes""tasas de desnutrición de antes de las lluvias y millones de personas siguen aún en una situación de extrema necesidad ."," Por eso , millones de personas en Pakistán están en una situación de extrema necesidad ."
44,0,DETENIDOS DOS PROPIETARIOS DE WEBS DE DESCARGAS DE ESTRENOS CINEMATOGRÁFICOS., La Policía Nacional detiene a dos propietarios de páginas web de cine ilegales.
44,1,"La Policía Nacional ha detenido en Andalucía y Valencia a dos propietarios de webs de descargas de estrenos cinematográficos como presuntos responsables de un delito contra la propiedad intelectual, en su modalidad de piratería cinematográfica. ", La Policía Nacional detiene a dos propietarios de páginas web de cine en Andalucía y Valencia.
44,2,"Según informó la Policía, los arrestados dirigían los principales grupos en Andalucía y Valencia de personas encargadas de grabar en cines los últimos estrenos.", Los dos hombres dirigían grupos de personas que grababan con cámaras en los cines las películas más nuevas.
44,3,Las grabaciones eran montadas y subidas a un total de seis sitios web en cuestión de horas tras su aparición en las salas comerciales., Las películas aparecían en las páginas web muy pocas horas después de que aparecieran en el cine.
44,4,"Los arrestados habrían copiado y difundido durante 2010 más de 100 películas, que se habrían descargado en 2,5 millones de ocasiones, lo que les habría reportado importantes beneficios a través de publicidad.", Los detenidos pusieron en sus páginas web más de 100 películas durante el año 2010. Los detenidos consiguieron mucho dinero gracias a la publicidad en sus páginas web.
44,5,"En el marco de la operación han sido desmantelados cuatro laboratorios audiovisuales ubicados en Sevilla y Valencia y arrestados también dos screeners que, en horarios de baja afluencia de público, realizaban las grabaciones en alta definición.", La Policía ha detenido también a dos personas que grababan las películas en los cines.
45,0,"EL BRAILLE, HERRAMIENTA ESENCIAL PARA QUE MILLONES DE PERSONAS CIEGAS ACCEDAN A LA CULTURA.", El braille es fundamental para que las personas ciegas accedan a la cultura.
45,1,"El 4 de enero celebra el Día Mundial del Braille, que conmemora el nacimiento del inventor de este sistema de lectoescritura, Louis Braille, hace 202 años.", El 4 de enero es el día Mundial del Braille porque ese día nació Louis Braille. Louis Braille es el creador del braille.
45,2,"Según informó la ONCE, el sistema braille juega actualmente un papel esencial en las vidas de millones de personas ciegas y deficientes visuales, al ser la herramienta por excelencia para acceder a la alfabetización, la comunicación y otros materiales escritos. "," El braille es fundamental para que millones de personas ciegas puedan leer. Con este sistema de lectura, las personas ciegas pueden acceder a la cultura, a la información y a la comunicación."
45,3,"Además, los libros táctiles permiten a los niños ciegos acceder a la literatura y los estudiantes de Educación Secundaria y los universitarios trabajan con documentos técnicos en braille para tener éxito en sus programas de formación y en sus futuras carreras."," Con los libros en braille, los niños ciegos pueden acceder a la literatura. Los jóvenes ciegos también pueden estudiar y trabajar con documentos en braille."
45,4,"Según informó la ONCE, esta organización impulsa el uso del braille en todos los ámbitos, con el fin de que las personas ciegas logren mayores cotas de autonomía personal.", La ONCE apoya el uso del braille para que las personas ciegas sean autónomas.
45,5,"El etiquetado de productos farmacéuticos, de alimentación o de limpieza, la señalización de ascensores, la publicación de folletos de información y de catálogos de museos o la transcripción al braille de cartas de restaurantes y otros servicios que facilitan enormemente la vida de las personas ciegas."," Ahora, se escriben en braille los nombres de los productos, la información o las cartas de los restaurantes. Esto hace más fácil la vida de las personas ciegas."
46,0,Cientos de víctimas de los rebeldes de el Congo piden a Obama que acaben los ataques, Cientos de víctimas de los rebeldes de el Congo piden a Obama que acaben los ataques
46,1,Cientos de víctimas de los rebeldes de el Congo piden a Obama que acaben los ataques, Las víctimas de el Congo piden a Obama el fin de los ataques de los rebeldes .
46,2,"Centenares de víctimas de ataques cometidos por el grupo rebelde Ejército de Resistencia de el reclaman a el presidente de Estados Unidos , Barack Obama , medidas urgentes para que acaben estas acciones ofensivas contra la población civil de la República Democrática de el Congo y la República Centroafricana .", 3En el Congo hay un grupo de rebeldes que luchan contra el Gobierno . A veces los rebeldes atacan a la población de el Congo . Obama es el presidente de Estados Unidos . Las víctimas piden a Obama el fin de los ataques .
46,3,"Así lo afirmó Human Rights Watch , que llevó a cabo cinco misiones de investigación en estos dos países entre mayo y septiembre de este año , en zonas donde pocos extranjeros han viajado .",
46,4,"Los investigadores hablaron con cientos de víctimas y grabaron sus mensajes para Obama y otros líderes mundiales , a través de vídeos y cartas , en los que las víctimas claman por el fin de el sufrimiento causado por el grupo rebelde .",
46,5,"Anneke van Woudenberg , investigadora principal de África para la organización humanitaria , señaló que""Obama y otros líderes mundiales deben responder a los gritos desesperados de las víctimas . En el original falta punto .", Obama y otros presidentes de el mundo deben ayudar a la población de el Congo .
47,0,DETENIDOS DOS TRAFICANTES DE HACHÍS COMO RESPONSABLES DEL ATROPELLO MORTAL DE UN GUARDIA CIVIL., La Guardia Civil detiene a dos traficantes por atropellar a un agente.
47,1,"La Guardia Civil, en una operación conjunta con la Gendarmería francesa, ha detenido a dos traficantes de hachís que atropellaron mortalmente a un guardia civil el pasado mes de octubre, en Baza (Granada). ", Dos traficantes atropellaron a un agente de la Guardia Civil en Granada y lo mataron.
47,2,"Según informó la Benemérita, estos arrestos se han producido en el marco de una operación hispano-francesa contra un grupo organizado dedicado a la distribución de estupefacientes.", La Guardia Civil ha detenido a un grupo de traficantes.
47,3,Esta actuación policial se ha saldado con ocho detenciones en Cannes.,
47,4,"Dos de los arrestados están relacionados con el atropello mortal del guardia civil Carlos David La Paz Ruiz, ocurrido el pasado 31 de octubre en la autovía A-92N, en las inmediaciones de Baza (Granada).", En este grupo estaban los dos traficantes que atropellaron al agente.
47,5,"El atropello se produjo cuando la Guardia Civil intentó interceptar a un turismo con matrícula francesa, ocupado por dos personas, al que se iba persiguiendo por la autovía A-92N."," Los dos traficantes atropellaron al agente porque el agente intentó detener el coche en una carretera. Para no detener el coche, los traficantes  atropellaron al agente y lo mataron."
47,6,"A la altura del kilómetro 34 de dicha autovía, varios agentes estaban reteniendo el tráfico para intentar detener el vehículo.",
47,7,"El turismo paró inicialmente, pero cuando el conductor vio a un guardia civil, aceleró y lo arrolló."," Los dos traficantes atropellaron al agente porque el agente intentó detener el coche en una carretera. Para no detener el coche, los traficantes  atropellaron al agente y lo mataron."
48,0,DESCIENDE EL NÚMERO DE ABORTOS EN ESPAÑA., El número de abortos se reduce en España.
48,1,"El número de abortos registrados en España en 2009 fue de 115.812, lo que supone alrededor de un cuatro por ciento menos que en 2008, cuando se contabilizaron un total de 111.482, según anunció la ministra de Sanidad, Política Social e Igualdad, Leire Pajín, en el Fórum Europa. "," Según la ministra de Sanidad, en 2010 hubo menos abortos que en 2009."
48,2,"En su intervención en este acto, organizado por Nueva Economía Fórum en Madrid, Pajín destacó que es la primera vez que desciende la cifra de interrupciones voluntarias de embarazos en España desde 1999, año en el que se inician las estadísticas.", La ministra dijo que es la primera vez que el número de abortos se reduce.
48,3,"En la misma línea, la ministra indicó que el ""dato más alentador"" de la disminución de los abortos es el referido a las menores de 19 años, una franja de edad en la que se contabilizaron el año pasado 543 interrupciones voluntarias de embarazos menos que en 2008.", También informó de que los abortos de las chicas jóvenes también se han reducido.
48,4,"Teniendo en cuenta estos resultados y el hecho de que la venta sin receta de la píldora poscoital ""ha sido tremendamente eficaz"", el medicamento seguirá dispensándose sin prescripción facultativa en las farmacias, aseguró Pajín."," La ministra aseguró que el número de abortos se ha reducido gracias a la píldora. Por eso, la píldora seguirá vendiéndose en las farmacias sin receta."
49,0,EL CONSEJO DE MINISTROS PREMIA AL DIFUSOR DEL CINE ESPAÑOL EN NUEVA YORK., El Gobierno da un premio a un director de cine español que trabaja en Nueva York.
49,1,"El Consejo de Ministros concedió la Orden de las Artes y las Letras de España a Richard Peña, en reconocimiento a una trayectoria profesional al servicio de la difusión de la cultura cinematográfica española en Estados Unidos. ", El Gobierno dio un premio a Richard Peña por mostrar el cine español en Estados Unidos.
49,2,"Richard Peña (Nueva York, 1953) es director del Festival de Cine de Nueva York y del programa de cine de la Film Society, Sociedad Cinematográfica del Lincoln Center.", Richard Peña también es director de la Fiesta del Cine de Nueva York.
49,3,"Responsable del ""Spanish Cinema Now!"", Peña es el responsable de la selección de títulos del más reciente cine español que desde hace años desembarca cada mes de diciembre en el Lincoln Center de Nueva York."," Además, Richar Peña es el responsable de la fiesta Cine Español Actual. Esta fiesta se celebra en diciembre y en ella se muestran películas españolas."
49,4,"Esta muestra, denominada ""Spanish Cinema Now!"", es una cita obligada para el público cinéfilo de Nueva York.", Todas las personas de Nueva York aficionadas al cine van a esta fiesta.
49,5,Ningún género queda excluido de este panorama:," En la fiesta se muestran muchos tipos de películas. Sin embargo, todas las películas de la fiesta están hechas en España."
49,6,"la ficción, los experimentos de vanguardia, el cine de terror, las películas de ciencia ficción, los documentales y los cortometrajes seleccionados comparten la etiqueta común de ser ""Made in Spain/Hecho en España""."," En la fiesta se muestran muchos tipos de películas. Sin embargo, todas las películas de la fiesta están hechas en España."
50,0,"Costa de Marfil vive un""régimen de terror"", según Human Rights"," Costa de Marfil vive un""régimen de terror"", según Human Rights"
50,1,"Costa de Marfil vive un""régimen de terror"", según Human Rights"," Costa de Marfil vive un""régimen de terror"""
50,2,"Human Rights Watch afirmó que las fuerzas de seguridad y las milicias de apoyo a Laurent Gbagbo , presidente derrotado en las elecciones de el pasado 28 de noviembre y que se niega a reconocer la victoria de su oponente , Alassane Ouattara , han impuesto un""régimen de terror""en Abiyán , la principal ciudad de el país .", El antiguo Presidente perdió las elecciones pero no quiere dejar el Gobierno . Este Presidente ha creado un régimen de terror en Abiyán . Abiyán es la principal ciudad de el país . En Costa de Maril hubo elecciones a Presidente de el País .
50,3,"Desde finales de el pasado mes de noviembre de 2010 , las fuerzas de seguridad y las milicias afines a Gbagbo han cometido ejecuciones extrajudiciales , desapariciones forzadas , torturas y violaciones , según una investigación de la citada organización .", Un informe de una organización en favor de los derechos humanos ha dicho que el ejército de el Congo ha cometido muchos crímenes .
50,4,"Las víctimas de esta campaña en la capital comercial de Costa de Marfil , Abiyán , son miembros de partidos políticos de la oposición , grupos étnicos de el norte de el país , musulmanes e inmigrantes de países vecinos de África occidental .", También los extranjeros son víctimas de el ejército de el Congo . Las víctimas de este ejército son personas de el partido político que ganó las elecciones .
50,5,"El director para África de la organización , Daniel Bekele , exhortó a la comunidad internacional a""hacer todo lo posible para proteger a los civiles y aumentar la presión sobre Gbagbo y sus aliados para poner fin a esta campaña organizada de violencia"".", Una persona de la organización en favor de los derechos humanos ha pedido a los países de el mundo que protejan a los civiles .
51,0,DETENIDOS TRES MENORES POR AMENAZAR E INJURIAR A OTRA MENOR A TRAVÉS DE UNA RED SOCIAL., La Guardia Civil detiene a tres chicos menores de edad por decir amenazas e insultos a otra chica menor a través de una red social.
51,1,Agentes de la Guardia Civil del Área de Investigación de Mejorada del Campo han detenido a tres menores de edad a quienes se les imputan delitos de amenazas e injurias., La Guardia Civil ha detenido a tres chicos menores de edad por decir amenazas e insultos a otra menor.
51,2,"Según informó este miércoles la Comandancia de la Guardia Civil de Madrid, los tres jóvenes amenazaron e injuriaron a una menor a través de una red social. ", Los tres menores dijeron las amenazas a través de una red social.
51,3,"La investigación comenzó el pasado mes de diciembre, tras recibirse una denuncia en la que una menor ponía en conocimiento de la Guardia Civil que sus datos personales habían sido publicados en una red social acusándola de un hecho delictivo que no había cometido, además de estar recibiendo a través de la misma red social amenazas de muerte."," En la red social, los tres menores acusaron a la chica de un delito que no había hecho. También le escribieron amenazas de muerte. La chica los denunció y la Guardia Civil comenzó una investigación."
51,4,"Con los datos aportados por la denunciante, los agentes iniciaron la oportuna investigación y el rastreo a través de la red social, logrando localizar a los presuntos autores, que resultaron ser tres jóvenes menores de edad."," Gracias a los datos en la red social, la Guardia Civil encontró a los tres menores que dijeron las amenazas."
52,0,DESCIENDE LA TASA DE DONACIÓN DE ÓRGANOS EN ESPAÑA., Se reducen las donaciones de órganos en España.
52,1,"La tasa de donación de órganos registrada en España el año pasado fue de 32 donantes por millón de ciudadanos, lo que significa un descenso de 2,4 puntos con respecto a 2009, cuando esta cifra fue de 34,4 donantes por millón de habitantes, inferior, también, a la contabilizada en 2005, año que tuvo el máximo histórico con 35,1 donantes por millón de población. ", En 2010 se han reducido las donaciones.
52,2,"Pese a este descenso, el secretario general de Sanidad, José Martínez Olmos, dijo en rueda de prensa que el Gobierno ""no está preocupado"" por el descenso en más de dos puntos de la tasa de donación en España, aunque sí ""ocupado"" en buscar vías alternativas a la donación tradicional para permitir que este país siga manteniendo el liderazgo mundial en donaciones, como viene haciendo desde hace 19 años."," El secretario general de Sanidad dice que el Gobierno no está preocupado porque las donaciones se reduzcan. Sin embargo, el Gobierno está buscando otras formas de conseguir órganos. Así, España seguirá siendo el país con más donaciones del mundo."
52,3,"Martínez Olmos atribuyó la disminución en el número de donantes al descenso de las muertes encefálicas y, por lo tanto, al número de ciudadanos que pueden ser donantes tras su fallecimiento en un hospital, además de al aumento en un punto en 2010 de la tasa de negativas familiares, situada el año pasado en un 18%.", El secretario general de Sanidad afirma que las donaciones se han reducido porque hay menos familias que quieren dar los órganos de sus familiares.
53,0,"EL ESCRITOR JOSÉ LUIS SAMPEDRO, CONDECORADO CON LA ORDEN DE LAS ARTES Y LAS LETRAS.", El escritor José Luis Sampedro recibe el premio Orden de las Artes y las Letras de España.
53,1,"El Consejo de Ministros acordó la concesión de la Orden de las Artes y las Letras de España al novelista y ensayista José Luis Sampedro, por ""su sobresaliente trayectoria literaria y por su pensamiento lúcido y comprometido con los problemas de su tiempo, lo que ha contribuido a una difusión internacional de nuestra cultura al haber sido traducido a múltiples idiomas, siempre con el reconocimiento del público y la crítica"". "," El Gobierno dio un premio a José Luis Sampedro por su trabajo como escritor y como profesor. Los libros de Sampedro se traducen a muchos idiomas. Por eso, Sampedro ayuda a mostrar la cultura española en otros países. Sampedro también recibió el premio por su compromiso con los problemas de la sociedad."
53,2,"Según la referencia del Consejo de Ministros, Sampedro ha desarrollado una intensa labor como profesor, novelista y humanista, ""que lo cualifican como uno de los más importantes escritores vivos en lengua castellana, así como una referencia intelectual y moral de primer orden en la España de la segunda mitad del siglo veinte""."," Según el Gobierno, Sampedro desarrolla un intenso trabajo como profesor y escritor. Por eso, Sampedro es uno de los escritores más importantes de la lengua española."
53,3,"Polifacético en su vida profesional y literaria, ha conciliado el desempeño de altos cargos administrativos y académicos en el área económica con una reconocida producción literaria.", El Gobierno también dijo que Sampedro unió su carrera como escritor a su trabajo en puestos importantes como profesor. José Luis Sampedro tuvo mucho éxito en su trabajo de escritor y de profesor.
53,4,"""En todas estas facetas ha alcanzado la aceptación del gran público y el reconocimiento y respeto de la crítica especializada"", señaló.", Mucha gente compra sus libros y los especialistas respetan mucho su trabajo.
54,0,cRITICAN la devolución de un preso de Guantánamo a Argelia, cRITICAN la devolución de un preso de Guantánamo a Argelia
54,1,cRITICAN la devolución de un preso de Guantánamo a Argelia, Critican la devolución de un preso de Guantánamo .
54,2,"Human Rights Watch censuró que Estados Unidos haya anunciado la liberación a un preso de la base naval de guantánamo ( Cuba ) para que sea repatriado a Argelia , donde el detenido no quería regresar por temor a ser expuesto a tortura o malos tratos .", Una organización de defensa de los derechos humanos ha criticado a Estados Unidos por anunciar que devolverá un preso de Guantánamo a Argelia .
54,3,"""Estados Unidos no debería agravar las detenciones ilegales en Guantánamo enviando a la gente a lugares donde pueden ser maltratados"", afirmó Andrea Prasow , abogado especializado en lucha antiterrorista de la organización internacional .", La abogada Andrea Prasow ha dicho que Estados Unidos no debe enviar los presos a países donde pueden tratar los mal .
54,4,"El preso , Saiid Farhi , de 49 años , trabajó en GranBretaña , Francia e Italia en la década de los 90 y se trasladó a Afganistán un mes antes de los atentados de el 11-S de 2001 .", Tiene 49 años y trabajó mucho tiempo en Europa . Luego el preso se fue a vivir a Afganistán . El preso que quieren enviar a Argelia se llama Saiid Farhi .
54,5,"Después de la intervención de Estados Unidos en Afganistán , huyó a Pakistán , donde fue detenido y trasladado a Guantánamo en 2002 .", El preso huyo a Pakistán cuando Estados Unidos llegó a Afganistán . Está en Guantánamo desde el año 2002 . En Pakistán fue detenido y enviado a Guantánamo .
54,6,"Farhi había comunicado a sus abogados que deseaba su liberación , pero no quería volver a Argelia porque temía ser perseguido por el Gobierno de su país y por militantes islamistas .", El preso quería salir de la cárcel pero no quiere ir a Argelia . En Argelia tenía miedo a ser perseguido .
55,0,EDUCACIÓN ESTUDIA PRORROGAR LA POSIBILIDAD DE QUE LOS PROFESORES SE JUBILEN A LOS 60 AÑOS., El Ministerio de Educación estudia que los profesores sigan retirándose a los 60 años. 
55,1,"El ministro de Educación, Ángel Gabilondo, que su departamento estudia la posibilidad de ampliar la prórroga del sistema de jubilaciones voluntarias que establece la Ley Orgánica de Educación (LOE), que hasta el 31 de agosto de 2011 permite a los docentes retirarse de forma anticipada a los 60 años. "," Ahora hay una ley que permite a los profesores retirarse a los 60 años.  Pero esta ley acaba en agosto de 2011.  El Ministerio de Educación quiere ampliar este plazo. Así, los profesores seguirán jubilándose a los 60 años si quieren.  "
55,2,"En declaraciones a la prensa en un acto celebrado en Madrid, Gabilondo admitió que estamos considerando la viabilidad o posibilidad de establecer una prórroga en la edad de jubilación para los profesores como está estipulada hasta el momento.",
55,3,"Estamos pensando seriamente si puede hacerse, recalcó, pero destacó que esto no son políticas de Educación, sino políticas generales de país."," Sin embargo, el ministro de Educación dice que el Ministerio de Educación no puede ampliar el plazo de la ley.  El ministro dice que es el Gobierno el que debe ampliar el plazo."
55,4,"En el caso de que pueda hacerse tendríamos que hablar con las administraciones públicas y con Hacienda, y quizás sería una prórroga temporal (de un año de duración), en espera de que el debate del Pacto de Toledo llegue a una conclusión, declaró Gabilondo.",
55,5,"Según el ministro, estamos ante una reflexión sobre la edad de jubilación general del país, y el sistema educativo no puede permanecer al margen.",
56,0,EL EUSKERA YA PUEDE ESTUDIARSE EN NUEVA YORK., La lengua vasca ya se enseña en Nueva York.
56,1,El Instituto Vasco Etxepare y el Instituto Cervantes han alcanzado un acuerdo por el que el euskera ya puede estudiarse en Nueva York. , El Instituto Vasco y el Instituto Cervantes firmaron un acuerdo.
56,2,"Un convenio que ha permitido que el Instituto Cervantes de Nueva York arrancase las clases de euskera en la Gran Manzana, un día por semana con tres horas de duración."," Gracias a este acuerdo, el vasco se enseñará en el Instituo Cervantes de Nueva York. Gracias al acuerdo, el vasco se enseñará en la escuela del Instituto Cervantes de Nueva York."
56,3,"Además, la Euskal Etxea de esta misma ciudad de EEUU está dando los primeros pasos para abrir una cátedra de estudios vascos en la New York City University."," Además, el Instituto Vasco quiere firmar un acuerdo con la Universidad de Nueva York. El Instituto Vasco también quiere que se enseñe vasco en la Universidad de Nueva York."
56,4,"Este mediodia la sede del Instituto Vasco Etxepare en San Sebastián ha acogido la firma entre esta entidad y el Instituto Cervantes de un convenio marco de colaboración en un acto presidido por la Consejera de Cultura , Blanca Urgell.", Hoy se firmó el acuerdo entre el Instituto Vasco y el Instituto Cervantes. La consejera de cultura estuvo en la firma del acuerdo.
56,5,Este acuerdo sienta las bases para la colaboracion entre ambas instituciones en materia de promoción del euskera y la cultura vasca.,
57,0,Cruz Roja ayuda a 500.000 somalíes afectados por los combates y la sequía, Cruz Roja ayuda a 500.000 somalíes afectados por los combates y la sequía
57,1,Cruz Roja ayuda a 500.000 somalíes afectados por los combates y la sequía, Cruz Roja ayuda a Somalia .
57,2,El Comité Internacional de la Cruz Roja y la Media Luna Roja Somalí acaban de terminar el suministro de alimentos y de artículos para el hogar a más de 540.000 personas desplazadas y colectivos vulnerables de las grandes ciudades afectados por los combates entre el ejército de Somalia y los rebeldes y por la sequía .," En Somalia , la Cruz Roja ayuda a las personas afectadas por la guerra y la falta de agua . La Cruz Roja acaba de terminar de dar alimentos y cosas para el hogar a medio millón de personas en Somalía ."
57,3,"El jefe de el citado Comité en Somalia , Pascal Mauchle , afirmó que este país se encuentra""cada vez peor""debido a la guerra civil de los últimos 20 años .", La Cruz Roja ha dicho que Somalia está cada vez peor debido a la guera .
57,4,"""Decenas de miles de personas han huido de Mogadiscio en los últimos meses .", Miles de personas huyen de el país .
57,5,"La producción de alimentos ha disminuido , los precios se han disparado y mucha gente no puede permitir se el lujo de comprar alimentos y otros productos esenciales , incluso cuando están disponibles en el mercado"", apuntó .", Los alimentos que hay están muy caros y la gente no puede comprar los . En Somalia no hay casi alimentos .
57,6,"Mauchle señaló que""la situación económica sigue deteriorando se y la gente lucha por su supervivencia diaria , no sólo en las zonas afectadas por el conflicto , sino también en las principales ciudades en el norte de el país""."," Por eso , las personas luchan por sobrevivir cada día ."
58,0,ECOLOGISTAS EN ACCIÓN PIDE UNA RESERVA MARINA EN EL GOLFO DE CÁDIZ., Ecologistas en Acción pide una reserva marina en Cádiz.
58,1,"Ecologistas en Acción HA SOLICITADO al Ministerio de Medio Ambiente y Medio Rural y Marino que DECLARE una reserva marina de interés pesquero en el área comprendida entre cabo de Trafalgar y el islote de Sancti-Petri, en Cádiz. ",
58,2,"Según los ecologistas, esta propuesta NACE del sector pesquero de artes menores de la zona y ESTÁ SIENDO ya planificada por el propio sector.",
58,3,"Para la ONG, esta área marina SE ENCUENTRA en un enclave natural ""privilegiado"",",
58,4," por ""la productividad de sus aguas y sus características geográficas"", que HACEN de ella ""un lugar estratégico para el alevinaje, cría y alimentación de las principales especies de interés pesquero del Golfo de Cádiz""."," Ecologistas en Acción afirma que esta zona del mar es un lugar natural excelente por su agua y su situación. Gracias a ello, en esta zona los peces crecen muy bien. Estos peces luego se pescarán. Por eso los peces son tan importantes para la pesca de Cádiz."
58,5,"Ecologistas en Acción EXIGE al Gobierno ""una respuesta"" a la Cofradía de Pescadores de Conil (Cádiz), que FORMALIZÓ una petición de declaración de Reserva Marina de Interés Pesquero en la zona en febrero de 2010.", Ecologistas en Acción quiere que el Gobierno convierta la zona de Cádiz en reserva marina.
59,0,EL FESTIVAL VIVAMÉRICA SE CELEBRA DESDE HOY EN CUATRO CIUDADES., La fiesta Vivamérica se celebra hoy en cuatro ciudades.
59,1,"La Casa de América de Madrid acoge el Festival Vivamérica, que este año se celebra también simultáneamente en las ciudades de Cádiz, Zaragoza y Barranquilla (Colombia)."," La fiesta Vivamérica se celebra hoy en 4 ciudades: Madrid, Cádiz, Zaragoza y en Barranquilla. La fiesta de Madrid se celebrará en la Casa de América."
59,2,La iniciativa pretende dar a conocer la cultura y el pensamiento iberoamericanos. , La fiesta mostrará la cultura y el pensamiento de Latinoamérica.
59,3,"En la Casa de América se darán cita más de 70 pensadores, artistas, escritores, cineastas, políticos, científicos, tecnólogos y creadores iberoamericanos, que compartirán sus ideas."," En la fiesta de Madrid estarán artistas, escritores, directores de cine, políticos y científicos latinoamericanos. Todas estas personas compartirán sus ideas en la fiesta."
59,4,"Además, tendrá lugar la fiesta final, La Marcha, que cada año congrega a miles de personas y que en esta edición contará con la actuación del grupo puertorriqueño Calle 13."," Al final de la fiesta, tocará un grupo de música de Puerto Rico llamado Calle 13."
59,5,"El pistoletazo de salida lo pondrá el Festival de Ideas que este martes contará con la presencia de Dan Restrepo, uno de los asesores especiales de Barack Obama para los asuntos relacionados con América Latina, y con la intervención de Héctor Abad Faciolince."," La fiesta comenzará este martes. El martes, estará un consejero del Gobierno de estados Unidos en la fiesta. Este consejero se ocupa de las relaciones entre Estados Unidos y Latinoamérica."
59,6,"La edición de este año está dedicada fundamentalmente a la literatura, el cómic, el cine, el arte contemporáneo, la política y la economía, sin olvidarse de temas como la inmigración o la igualdad."," Este año, la fiesta está dedicada a la literatura, al cine, a la política y a la economía. Sin embargo, no se olvidarán los temas sociales."
60,0,"Cruz Roja denuncia que hay""montañas de escombros""EN haití un año después de el terremoto"," Cruz Roja denuncia que hay""montañas de escombros""EN haití un año después de el terremoto"
60,1,"Cruz Roja denuncia que hay""montañas de escombros""EN haití un año después de el terremoto", La Cruz Roja denuncia la situación de Haití .
60,2,"Cruz Roja Española ha denunciado la""insostenible""lentitud en las tareas de remover las""montañas de escombros""que continúan en Haití después de el terremoto de el 12 de enero de el año pasado , lo cual dificulta las tareas de reconstrucción de el país .", Hace un año hubo un terremoto en Haití . Ahora hay montañas de escombros en Haití . Los escombros impiden limpiar y volver a construir ciudades en Haití .
60,3,"A el hacer balance de la actuación de la organización un año después de el seísmo , el coordinador general de la organización , Antoni Bruel , explicó que la situación de Haití ya era""muy crítica""antes de el temblor de tierra , pero consideró""insostenible""que el país""esté sin desescombrar""a los 12 meses de que fuera sacudido por el terremoto .", La Cruz Roja dice que la situación de Haití era muy mala antes de el terremoto y ahora es peor .
60,4,"Además , apuntó que esta labor no le corresponde a las organizaciones no gubernamentales , sino a la comunidad internacional y a el Gobierno haitiano .",
60,5,"""Los gobiernos no lo hacen y es una de las cosas que están fallando en esta operación humanitaria"", añadió .", Por eso la ayuda humanitaria está fallando . El Gobierno de Haití no los quita y el resto de países tampoco .
60,6,"Bruel afirmó que las organizaciones humanitarias españolas actúan de forma""coordinada"", pero se encuentran con el""problema""de que no existe""una respuesta potente a el desescombro"".",
61,0,EL GOBIERNO QUIERE QUE CIERTAS LLAMADAS DE ATENCIÓN AL CLIENTE SEAN GRATUITAS PARA EL CONSUMIDOR., El Gobierno quiere que las llamadas de atención al cliente por teléfono sean gratis.
61,1,"La ministra de Sanidad, Política Social e Igualdad, Leire Pajín, anunció que ""en breve"" comenzará la tramitación de la Ley sobre Servicios de Atención al Cliente, que fijará, entre otros aspectos, los tiempos máximos que podrán esperar los ciudadanos al teléfono hasta ser atendidos o la gratuidad de ciertas llamadas. ", El Gobierno ha creado una nueva ley sobre la atención al cliente por teléfono. La nueva ley fija el tiempo de espera y el precio de las llamadas.
61,2,"Pajín, que compareció por primera vez desde que está en el cargo ante la Comisión de Sanidad del Senado para informar de las líneas de actuación que seguirá su departamento, recordó que la norma relativa a la atención al cliente establecerá los requisitos mínimos que deben tener ciertos servicios para proteger al consumidor.", La ministra de Políticas Sociales afirma que esta ley protegerá a los clientes.
61,3,"En su intervención, la ministra afirmó también que ""próximamente"" el Consejo de Ministros aprobará el proyecto de Ley General de Salud Pública y que lo esperable es que ""antes del verano"" se dé luz verde en el Congreso a la Ley de Seguridad Alimentaria y Nutrición.",
62,0,"EL 10% DE LOS ADOLESCENTES ESPAÑOLES QUE BEBEN ALCOHOL LO HACEN PARA ""COLOCARSE"".", Los jóvenes españoles menores de 18 años beben mucho y con frecuencia.
62,1,"El 61% de los españoles de entre 12 y 18 años consumen habitualmente bebidas alcohólicas y de ellos el 10% lo hacen para ""colocarse"", según afirmó la Fundación Alcohol y Sociedad, que presentó un libro en el que apuesta por cambiar la prohibición por la educación para abordar el problema de la ingesta alcohólica entre menores. ", La Fundación Alcohol y Sociedad ha presentado un libro sobre los jóvenes y el alcohol. El libro dice que los jóvenes españoles de menos de 18 años beben alcohol con frecuencia. También dice que la educación debe cambiar para que los jóvenes beban menos.
62,2,"El trabajo, titulado ""Hablemos de alcohol. Por un nuevo paradigma en el beber adolescente"", señala que pese a que en España está prohibido vender bebidas alcohólicas a los menores -en algunas comunidades hasta los 18 años y en otras hasta los 16-, el 94% de ellos aseguran que no tienen problemas para adquirir estos productos."," El libro señala que los jóvenes de menos de 18 años no pueden comprar alcohol en las tiendas. Sin embargo, los jóvenes consiguen bebidas con alcohol en las tiendas."
62,3,"En la misma línea, el texto, presentado por su coordinador, Javier Elzo, sostiene que la mitad de los jóvenes que beben hoy en España dicen emborracharse como mínimo una vez cada dos meses y que el 69% se iniciaron en este hábito entre los 13 y los 16 años.", El libro explica que los jóvenes empezaron a beber desde pequeños.
63,0,EL GOBIERNO ACEPTA TRASPASAR LOS TOROS DEL MINISTERIO DE INTERIOR AL DE CULTURA., El Ministerio de Interior pasa la gestión de los toros al Ministerio de Cultura.
63,1,"El Gobierno está dispuesto a traspasar la competencia estatal de las corridas de toros del Ministerio de Interior al de Cultura, algo que venían reclamando los principales matadores y profesionales de la fiesta nacional. ", El Gobierno pasará la gestión de los toros al Ministerio de Cultura. Los toreros pedían que la gestión de los toros pasara del Ministerio de Interior al de Ministerio de Cultura.
63,2,"La decisión del Ejecutivo fue dada a conocer por el ministro del Interior, Alfredo Pérez Rubalcaba, quien se reunió en la sede de su departamento con una delegación formada por ocho de los toreros más conocidos."," Por eso, el ministro de Interior se reunió con 8 toreros muy conocidos."
63,3,Fuentes de Interior explicaron a Servimedia que Rubalcaba ha transmitido a sus interlocutores que Interior es partidario de que los toros dependan del Ministerio de Cultura., El ministro dijo a los toreros que el Ministerio de Interior quiere pasar la gestión de los toros al Ministerio de Cultura.
63,4,"El titular de Interior dijo a los toreros que ahora sólo hay que resolver las ""cuestiones técnicas"" para que este traspaso de competencias pueda hacerse efectivo.", También dijo que sólo faltaba resolver las cuestiones técnicas para pasar la gestión de los toros al Ministerio de Cultura.
63,5,"En la delegación de toreros que se han reunido con Rubalcaba estaban Cayetano Rivera Ordóñez, el Juli, Enrique Ponce y Morante de la Puebla."," Por ejemplo, estaban los toreros Cayetano Rivera Ordóñez, El Juli y Enrique Ponce."
64,0,Cruz Roja pide casi un millón de euros para unos 500.000 vietnamitas afectados por las inundaciones, Cruz Roja pide casi un millón de euros para unos 500.000 vietnamitas afectados por las inundaciones
64,1,Cruz Roja pide casi un millón de euros para unos 500.000 vietnamitas afectados por las inundaciones, Cruz Roja pide un millón de euros para Vietnam .
64,2,"La Federación Internacional de la Cruz Roja y la Media Luna Roja ha lanzado un llamamiento de emergencia de un millón de francos suizos ( unos 770.000 euros ) para ayudar a las víctimas de las inundaciones de Vietnam , que afectan a cerca de 500.000 personas .", Esta organización pide a los países de el mundo un millón de euros para las personas de Vietnam .
64,3,"Las lluvias torrenciales , que comenzaron el pasado 1 de octubre y continuaron durante varios días , hicieron que los ríos y las presas se desbordaran , causando la peor inundación registrada en Vietnam en los últimos 20 años .", Estas lluvias hicieron que los ríos se desbordaran y llenaran de agua las casas y tierras . En Vietnam hubo unas lluvias muy fuertes .
64,4,"""Las inundaciones han retrocedido , pero sigue siendo necesaria la ayuda urgente para muchas personas , que han perdido sus casas , cosechas o ganado ."," Por eso es necesaria la ayuda urgente para muchas personas que han perdido sus casas , cultivos y animales ."
64,5,"Ciertas zonas remotas se han visto especialmente afectadas y , debido a los problemas de acceso , están en una tensión especial"", afirmó Pascal Bourcher , gerente de Operaciones de la organización en Vietnam .",
64,6,"Voluntarios de la Cruz Roja de Vietnam han contribuido a distribuir kits familiares con artículos de uso diario para miles de hogares , junto con pequeñas donaciones de emergencia en efectivo para los más necesitados .", También han repartido artículos para sus hogares . Voluntarios de la Cruz Roja de Vietnam han repartido dinero entre las personas que más ayuda necesitan .
65,0,EL GOBIERNO REGULA EL DINERO ELECTRÓNICO., El Gobierno regula el dinero electrónico.
65,1,"El Gobierno aprobó el proyecto de ley de dinero electrónico, que incorpora al ordenamiento jurídico español los aspectos sustanciales de la directiva comunitaria sobre el acceso a la actividad de las entidades de dinero electrónico y su ejercicio, así como sobre la supervisión prudencial de dichas entidades. ", El Gobierno español ha aprobado una ley sobre el dinero electrónico. Esta ley regula las actividades con dinero electrónico. Regula también las entidades que pueden trabajar con dinero electrónico.
65,2,"Se entiende por dinero electrónico todo valor monetario almacenado por medios electrónicos o magnéticos, que represente un crédito sobre el emisor, que se emita al recibo de fondos con el propósito de efectuar operaciones de pago, y que sea aceptado por una persona física o jurídica distinta del emisor de dinero electrónico.",
65,3,"La nueva normativa trata de aumentar la precisión del régimen jurídico aplicable a la emisión de dinero electrónico, clarificando su definición y el ámbito de aplicación de la norma.",
65,4,"De esta forma, al aumentar la seguridad jurídica de los intervinientes en el mercado, se facilitará el acceso a la actividad de emisión de dinero electrónico y se estimulará la competencia en dicho sector.", La nueva ley aumentará la seguridad de las personas que compran y venden a través de internet. Comprar y vender a través de internet también será más fácil con la nueva ley.
66,0,EL 40% DE LOS MENORES INTERNAUTAS TIENEN SU PROPIO BLOG., Casi la mitad de los jóvenes que utilizan Internet tiene su propia página web.
66,1,"Cerca del 40% de los menores que navegan por Internet han creado su propio blog o página web en la red, según el estudio Menores y Redes Sociales del Foro Generaciones Interactivas. "," Según un estudio sobre jóvenes e Internet, casi la mitad de los jóvenes que utilizan Internet han creado su página web."
66,2,"La investigación ha sido realizada entre 12.919 jóvenes de 10 a 18 años, de los que 8.373 eran usuarios de Internet.", Este estudio ha sido realizado entre más de diez mil jóvenes de 10 a 18 años.
66,3,"Ello implica que el 77,63% de los encuestados utiliza en mayor o menor grado la red, lo que da idea de su gran penetración."," Según el estudio, más de la mitad de estos jóvenes utiliza internet."
66,4,"Estos últimos jóvenes son, de hecho, la base del estudio, y fueron divididos en tres grupos, según su manejo de las redes sociales: No usuarios, usuarios y usuarios avanzados (con dos perfiles o más).", El estudio divide a los jóvenes que utilizan internet en tres grupos: Un grupo de jóvenes que no utilizan redes sociales. Otro grupo que sí utiliza redes sociales. Y otro grupo de jóvenes que utiliza mucho las redes sociales.
66,5,"Según el informe, el 35% de los encuestados eran usuarios avanzados, mientras que los usuarios normales representaban algo menos del 33% y el tercio restante se correspondía con no iniciados.",
66,6,"Dentro de los primeros, el 55% había creado su propio blog o página web, operación que habían llevado a cabo el 36% y el 25% de los usuarios y de los no iniciados, respectivamente.", El estudio también muestra que muchos de los jóvenes que usan Internet han creado su propia página web.
67,0,"EL GOBIERNO APRUEBA 1,8 MILLONES PARA SUBVENCIONES A PROYECTOS CULTURALES.", El Gobierno da 2 millones de euros a 4 proyectos culturales.
67,1,"El Consejo de Ministros aprobó un decreto por el que se concederán subvenciones a cuatro entidades para la realización de proyectos culturales, por valor de 1,87 millones de euros. ", El Gobierno aprobó un acuerdo para dar 2 millones de euros a proyectos culturales en lugares de España.
67,2,"El Ayuntamiento sevillano de Alcalá de Guadaíra recibirá un millón de euros para equipamiento de la nueva Biblioteca Central, y la Real Academia Española recibirá 700.000 euros para la adquisición de fondos bibliográficos relacionados con el proyecto de construcción de un ""Nuevo Diccionario Histórico de la Lengua Española"".", Un pueblo de Sevilla recibirá un millón de euros para comprar libros y muebles para una biblioteca. La Real Academia Española recibirá casi un millón de euros para comprar libros para el proyecto de un diccionario histórico.
67,3,"Para la Fundación El Greco 2014 irán destinados 150.000 euros para gastos de funcionamiento, y al Ayuntamiento de Préjano (La Rioja), 25.000 euros, para cofinanciar la finalización de la construcción de la Biblioteca Municipal.", La fundación El Greco recibirá casi 200 mil euros para funcionamiento. Un pueblo de la Rioja recibirá 25 mil euros para construir una biblioteca.
67,4,"Este tipo de subvenciones tienen como finalidad financiar infraestructuras culturales de carácter singular por razones de interés público, social y cultural y fomentar el disfrute de la cultura por parte de los ciudadanos a través del apoyo a la creación y mantenimiento de las infraestructuras correspondientes.", El dinero del Gobierno tiene como objetivo apoyar proyectos culturales interesantes. El dinero también tiene como objetivo que los ciudadanos disfruten de la cultura.
68,0,Decenas de miles de agricultores en PAKISTÁN siembran día y noche antes de que llegue el invierno, Decenas de miles de agricultores en PAKISTÁN siembran día y noche antes de que llegue el invierno
68,1,Decenas de miles de agricultores en PAKISTÁN siembran día y noche antes de que llegue el invierno, Miles de personas en Pakistán siembran día y noche antes de que llegue el invierno .
68,2,"Decenas de miles de personas desplazadas por las inundaciones en Khyber Pakhtunkhwa ( norte de Pakistán ) se encuentran en una carrera contrarreloj para restaurar sus hogares , eliminar los escombros y sembrar las tierras antes de la llegada de el invierno , según aseguró el Comité Internacional de la Cruz Roja .", Miles de personas afectadas por las lluvias en Pakistán han vuelto a casa . Estas personas construyen sus casas y siembran las tierras antes de que llegue el invierno .
68,3,"""El desafío para los campesinos que regresan y que trabajan en régimen de subsistencia consiste en cultivar las tierras y sembrar los cereales de invierno antes de que las temperaturas desciendan demasiado e impidan una buena germinación"", explicó Peter Shamberger , coordinador de seguridad económica de el comité en Pakistán .", Es necesario poner las semillas en la tierra antes de el invierno para que luego las plantas crezcan bien . Las plantas que siembran son cereales con los que se hace el pan .
68,4,Los agricultores de Khyber Pakhtunkhwa emplean día y noche la maquinaria agrícola donada por el este comité internacional para preparar terrenos cultivables para la siembra y distribuir semillas y fertilizantes .,
68,5,"En Pakistán , los cereales de invierno no sólo alimentan a muchas familias campesinas durante gran parte de el año después de la cosecha , sino que también proporciona un excedente de semillas para vender o intercambiar por otros productos o semillas para la próxima temporada de siembra .", Los cereales son importantes para las familias porque les alimentan durante todo el año . También son importantes porque venden las semillas o las cambian por otros productos .
69,0,EL MUSEO DE LA SELECCIÓN ESPAÑOLA DE FÚTBOL ABRE SUS PUERTAS AL PÚBLICO., El Museo de la Selección Española de Fútbol se abre al público.
69,1,"Abre sus puertas el museo de la selección española de fútbol, ubicado en las instalaciones de la Real Federación Española de Fútbol en Las Rozas (Madrid). "," El museo está en las instalaciones de la Real Federación Española de Fútbol, en Madrid."
69,2,El museo fue inaugurado por el Príncipe de Asturias a finales de mayo ha abierto sus puertas al público. , El museo abrió en mayo.
69,3,Podrá ser visitado de martes a domingo desde las 10 de la mañana hasta las 7 de la tarde., El público podrá visitar el museo de martes a domingo desde las 10 de la mañana hasta las 7 de la tarde.
69,4,"El museo recoge la historia de la selección española con fotos y objetos, muchos de ellos recuerdos de los futbolistas que vistieron la camiseta roja y triunfaron con ella.", El museo recoge la historia de la Selección Española de Fútbol. El museo tiene muchas fotos y objetos de los jugadores de la Selección de fútbol.
69,5,El precio de la entrada general será de 12 euros para adultos y ocho euros para niños (hasta 12 años)., El precio de la entrada para mayores es de 12 euros. El precio de la entrada para niños es de 8 euros.
69,6,"Durante estos meses, el museo fue visitado por jugadores internacionales de todas las épocas que se reunieron en la Ciudad del Futbol para el Homenaje a los Campeones del Mundo, el pasado 15 de noviembre.",
70,0,EL EXPERTO JOSÉ ALCÁNTARA AFIRMA QUE EN TRES AÑOS NADIE HABLARÁ DE LAS DESCARGAS EN INTERNET., José Alcántara afirma que dentro de tres años desaparecerá el problema de las descargas en Internet.
70,1,"La polémica sobre las descargas ilegales de música, libros y contenidos audiovisuales en Internet desaparecerá en unos tres o cuatro años, según José Alcántara, socio de la consultora La Biblioteca de las Indias Electrónicas y autor de La neutralidad de la Red, su segundo libro sobre la sociedad de la información. "," José Alcántara es un experto sobre Internet y ha escrito un libro sobre la información en Internet. Según José Alcántara, el problema sobre las descargas de música y libros en Internet desaparecerá en tres años."
70,2,"En declaraciones a Servimedia, Alcántara afirmó que cuando se generalicen los sistemas de subscripción (muy baratos y de gran calidad) como los que ya existen en Estados Unidos, los contenidos bajados a través de Internet serán una 'commmodity' al alcance de todo el mundo, de la que nadie se preocupará.", José Alcántara dice que el problema de las descargas desaparecerá cuando los sistemas en Internet sean como en Estados Unidos. En Estados Unidos los sistemas de descarga en Internet son seguros y de mucha calidad.
70,3,"El autor considera que los debates sobre esta materia, como por el ejemplo el que ha sucedido recientemente en torno a la llamada Ley Sinde, son ""una escusa  para aprobar leyes durísimas y restrictivas.", José Alcántara también ha dicho que la Ley Sinde es una ley muy dura.
70,4,"Lo que esta norma proponía era cerrar páginas web o en otras palabras, bloquear el acceso a las fuentes de información en base a una supuesta actividad ilegal que se tramitaría por vía administrativa, recordó Alcántara.", La Ley Sinde ha cerrado algunas páginas de descargas de Internet. Para José Alcántara la Ley Sinde impide el acceso a la información.
71,0,"EL INSTITUTO CERVANTES DICE QUE ENRIQUE MORENTE ""ERA LA ELEGANCIA DEL FLAMENCO EN SU MÁXIMA EXPRESIÓN"". ", La directora del Instituto Cervantes dice que Enrique Morente era el cantante de flamenco más elegante.
71,1,"La directora del Instituto Cervantes, Carmen Caffarel, aseguró que la muerte de Enrique Morente supone el adiós ""al cantaor que encarnaba la elegancia del flamenco en su máxima expresión"". ", La directora del Instituto Cervantes dijo que Enrique Morente fue el cantante de flamenco más elegante.
71,2,"""Fue un maestro que supo unir la alta cultura con la tradición popular.", La directora también dijo que Enrique Morente unió la alta cultura con la tradición popular.
71,3,"Investigó en el resto de las artes para nutrir la música y por eso convirtió con naturalidad nuestra gran literatura -la de Lope de Vega, Lorca, Miguel Hernández y hasta el Quijote- en el cante jondo más puro"", dijo Caffarel."," Enrique Morente investigó en otras artes para mejorar el flamenco. Por eso, convirtió parte de la mejor literatura española en un flamenco muy puro."
71,4,"La responsable del Cervantes recuerda que su entidad le organizó conciertos en más de 15 ciudades de todo el mundo, porque ""pocos como él podían representar mejor la pureza estética de nuestro cante."""," Enrique Morente fue un buen representante del flamenco. Por eso, el Instituto Cervantes organizó muchos conciertos de Enrique Morente por todo el mundo."
71,5,"Considerado como uno de los grandes renovadores del flamenco, Morente, que nació en Granada, ha fallecido el 13 de diciembre.",
72,0,Demi Moore y Ashton Kutcher se unen a la ONU contra la trata de personas, Demi Moore y Ashton Kutcher se unen a la ONU contra la trata de personas
72,1,Demi Moore y Ashton Kutcher se unen a la ONU contra la trata de personas, Los actores Demi Moore y Ashton Kutcher se unen a la ONU contra la trata de personas .
72,2,La pareja de actores Demi Moore y Ashton Kutcher participarán en el lanzamiento de el Fondo de las Naciones Unidas de Contribuciones Voluntarias para las Víctimas de la Trata de Personas ., Los actores irán a el acto para recaudar dinero a favor de las víctimas de estos delitos . Los actores Demi Moore y Ashton Kutcher participarán en un acto a favor de las víctimas de la Trata de Personas .
72,3,"Moore y Kutcher estarán en el acto donde se dará a conocer esta iniciativa , que se celebrará en Nueva York ( Estados Unidos ) con la presencia de el secretario general de la ONU , Ban Ki-moon , según informó este miércoles la Oficina de las Naciones Unidas contra las Drogas y el Delito .",
72,4,"El Fondo de las Naciones Unidas de Contribuciones Voluntarias para las Víctimas de la Trata de Personas nace después de que la Asamblea General de Naciones Unidas aprobara el pasado mes de julio el Plan de Acción Mundial para Combatir la Trata de Personas , que insta a los gobiernos a actuar de manera coordinada , integral y coherente para combatir estas prácticas .", La ONU pide a los Gobiernos de el mundo que luchen contra ese delito .
72,5,"El Fondo ayudará a los gobiernos , las organizaciones intergubernamentales y no gubernamentales a proteger y apoyar a las víctimas de la trata de personas para que éstas puedan recuperar se de sus secuelas físicas y psicológicas .", El dinero conseguido será para que las víctimas se recuperen de los problemas físicos o psicológicos que hayan sufrido .
73,0,EL MUSEO DEL EJÉRCITO RECIBIÓ MÁS DE 175.000 PERSONAS EN SEIS MESES., Casi 200 mil personas visitan el Museo del Ejército en seis meses.
73,1,"La ministra de Defensa, Carme Chacón, destacó que el Museo del Ejército ha sido visitado en apenas seis meses por más de 175.000 personas, lo que supone cinco veces más que el número de visitas que acogía su antigua sede en Madrid. "," La Ministra de Defensa ha dicho que casi 200 mil personas han visitado el Museo del Ejército en seis meses. Antes, el Museo estaba en Madrid. La Ministra de Defensa también ha dicho que la gente ha visitado mucho más el Museo en Toledo que en Madrid."
73,2,"Chacón presidió en Toledo la constitución del Patronato del Museo del Ejército, a cuyos miembros agradeció su compromiso, y de quienes dijó que ""son expertos en historia, en cultura, en arte o en defensa, y todos con algo en común:", El Museo de Defensa está ahora en Toledo. La Ministra de Defensa dio las gracias a todos los expertos que trabajan en el Museo del Ejército.
73,3,"entienden el papel esencial que desempeñan nuestras Fuerzas Armadas y la cultura de la Defensa en nuestra memoria, nuestra identidad y nuestro porvenir"".", La Ministra dijo que todos esos expertos entienden la importancia del Ejército en la historia de España y en su futuro.
73,4,"La titular de Defensa anunció que el museo ""poco a poco, ampliará su oferta de actividades y conquistará una mayor presencia en España y fuera de nuestras fronteras afianzándose como uno de los tres más importantes del mundo en su categoría"", según informa Defensa.", La Ministra de Defensa también dijo que el Museo tendrá más actividades para ser más importante en España y en el mundo.
74,0,"EL GASTO FARMACÉUTICO DECRECIÓ EN 2010 UN 2,36% CON RESPECTO A 2009.", En 2010 la gente gastó menos dinero en medicinas.
74,1,"El gasto farmacéutico ascendió en 2010 a un total de 12.211.105.424 euros, lo que supone un decrecimiento del 2,36% con respecto al año anterior, según informó el Minnisterio de Sanidad, Política Social e Igualdad. "," Según el Ministerio de Sanidad, en 2010 la gente gastó menos dinero en medicinas que en 2009."
74,2,"La moderación del crecimiento del gasto farmacéutico se manifestó el año pasado tanto en el gasto medio por receta, que decreció un 4,79% con respecto a 2009, como en el número de recetas facturadas, que se incrementaron un 2,56%, por debajo del 4,94% del año anterior.",
74,3,"Por comunidades autónomas, Canarias (-5,90%), Cantabria (-4,91%) Aragón (-4,43%) y la Comunidad Valenciana (-3,80%) fueron las que registraron una mayor reducción del gasto farmacéutico, mientras que Melilla (2,44%), Murcia (1,93%) y Galicia (0,71%), las que experimentaron mayores incrementos."," Las comunidades autónomas que menos dinero gastaron en medicinas fueron Cantabria, Aragón y la Comunidad Valenciana."
74,4,"En número de recetas facturadas, los menores aumentos se produjeron en Baleares (1,57%), Asturias (3,07%), Cataluña (3,16%) y País Vasco (3,63%), mientras que se situaron por encima del incremento medio las comunidades de Extremadura (8,08%), Canarias (6,74%), Andalucía (6,33%) y Murcia (6,03%).",
75,0,El mundo necesita nueve millones de maestros más para 2015 , El mundo necesita nueve millones de maestros más para 2015 
75,1,El mundo necesita nueve millones de maestros más para 2015 ,
75,2,"El mundo necesitará 9.100.000 profesores en activo más entre 2008 y 2015 para garantizar la educación básica universal prevista en los Objetivos de Desarrollo de el Milenio de Naciones Unidas , según una investigación de el Instituto de Estadística de la Unesco . ",
75,3,"Así lo advirtió la Organización de Naciones Unidas para la Educación , la Ciencia y la Cultura con motivo de el día Mundial de el Docente , que desde 1994 se celebra el 5 de octubre a escala internacional . ",
75,4,"Su objetivo es rendir homenaje a la figura de el profesor y reconocer su contribución a la sociedad , así como llamar la atención sobre sus condiciones laborales , su estatus y los problemas que sufren los maestros en los países en guerra . ",
75,5,"Bajo el lema "" La recuperación empieza por los maestros "" , en su edición de 2010 esta efeméride pretende reivindicar la importancia de el docente en la reconstrucción económica , social e intelectual después de las crisis . ", El mundo necesita 9 millones de maestros más para el año 2015 
76,0,DENUNCIAN UNA OLEADA DE RECLUTAMIENTO DE NIÑOS SOLDADO EN CONGO., La organización Human Rights Watch denuncia que el ejército del Congo recluta a niños para luchar en la guerra. 
76,1,"Human Rights Watch ha denunciado que el pasado mes de septiembre comenzó una oleada de reclutamiento de jóvenes y niños militares a cargo de oficiales del ejército y de grupos armados del este de la República Democrática del Congo, lo que significa una señal del ""colapso del proceso de paz"" en esta región. ", La organización Human Rights Watch denuncia que el ejército del Congo recluta a niños. Esta organización dice que reclutar niños es una señal de que no hay paz en el Congo.
76,2,"Esta organización calcula que más de 1.000 jóvenes y niños han sido reclutados forzosamente en los últimos cuatro meses, de los cuales al menos 261 eran menores de 18 años, si bien muchos de estos niños han sido capturados de nuevo después de escapar o de que abandonaran las armas.",
76,3,"""Los grupos armados en el este de Congo están tirando de los jóvenes de las escuelas, casas y campos para obligarles a pelear"", afirmó Anneke Van Woudenberg, investigadora principal de África para Human Rights Watch, que reclamó al Gobierno congoleño que ponga fin con urgencia a esta práctica y enjuicie a sus responsables.", El ejército del Congo coge a los niños de las casas y de las escuelas y los obliga a luchar. La organización Human Rights Watch pide al Gobierno del Congo que prohíba que el ejército reclute niños. Esta organización también pide que el Gobierno del Congo juzgue a los responsables que reclutan a los niños.
76,4,El derecho congoleño y el derecho internacional aplicable a este país prohíbe el reclutamiento forzoso y de niños menores de 18 años en grupos armados., Las leyes del Congo y las leyes internacionales prohíben que los niños menores de 18 años luchen en una guerra.
77,0,EL OBSERVATORIO CONTRA LA VIOLENCIA DE GÉNERO REIVINDICA LA IMPORTANCIA DE LAS ÓRDENES DE PROTECCIÓN PARA LAS VÍCTIMAS., El Observatorio contra la Violencia de Género dice que las órdenes de protección para las mujeres son muy importantes.
77,1,"La presidenta del Obsevatorio contra la Violencia de Género del Consejo General del Poder Judicial, Inmaculada Montalbán, ha reivindicado la importancia de la orden de protección para salvar a las mujeres víctimas de la violencia de género. ", La presidenta del Observatorio dice que las órdenes de protección son muy importantes para salvar a las mujeres de la violencia.
77,2,"En declaraciones a Servimedia, Montalbán, que asiste a la reunión que la ministra Leire Pajín ha convocado para analizar el incremento de mujeres muertas víctimas de la violencia de género, explicó que ""en 2009 se dictaron 28.000 órdenes que, por desgracia, no pudieron evitar la muerte de ocho mujeres""."," La presidenta del Observatorio dijo que en 2009 hubo casi 30 mil órdenes de protección. Sin embargo, en 2009 murieron ocho mujeres por violencia de género."
77,3,"En su opinión, estos datos son reveladores y ponen de manifesto que, salvo casos minoritarios, las mujeres con órdenes de protección están a salvo.", La presidenta del Observatorio también dijo que las mujeres están protegidas con las órdenes de protección.
77,4,"Sobre la mujer presuntamente asesinada por su compañero en Porzuna (Ciudad Real), que había denunciado malos tratos pero sobre la que el juez desestimó emitir una orden de protección, Montalbán precisó que fue el fiscal quien desaconsejó tales medidas por falta de pruebas, por lo que cuando la causa llegó al Juzgado de Violencia de Género dictó ""sobreseimiento provisional"".",
78,0,EL HOMBRE TAMBIÉN AYUDA A EXPANDIR ESPECIES., El ser humano ayuda a extender las especies de animales.
78,1,"Los asentamientos humanos también pueden aportar beneficios para el fortalecimiento, diversificación y expansión de determinadas especies de la fauna silvestre, según ha demostrado el Consejo Superior de Investigaciones Científicas tras estudiar al alimoche, que se asentó en las Islas Canarias hace unos 2.500 años, coincidiendo con la colonización humana del archipiélago. ", Un grupo de investigadores del Consejo Superior de Investigaciones científicas ha estudiado una especie de pájaros de las Islas Canarias. Esta especie de pájaros llegó a las Islas Canarias hace más de dos mil años. Llegó a las Islas Canarias cuando el ser humano empezó a vivir allí.
78,2,"En concreto, un equipo de investigadores de la Estación Biológica de Doñana (perteneciente al Consejo) ha constatado que la comunidad de alimoches canarios presenta importantes ventajas físicas frente a los grupos de esta especie de otros puntos de la península Ibérica.", Los investigadores han comprobado que los pájaros que viven en las Islas Canarias son más grandes y fuertes que los que viven en la Península.
78,3,"La investigación, publicada en el último número de la revista ""BMC Evolutionary Biology"", revela que los carroñeros canarios son un 16% ciento más pesados y un 3% más grandes que sus semejantes peninsulares.",
78,4,La comparación se ha efectuado entre 242 alimoches de Fuerteventura y otros 143 ejemplares nativos de otros puntos de la Península.,
78,5,"Según los investigadores, se trata de un estudio pionero, ya que demuestra que ""los asentamientos humanos también pueden aportar beneficios para el fortalecimiento, diversificación y expansión"" de determinadas especies de la fauna silvestre.", El estudio demuestra que el ser humano puede ayudar a que las especies animales se extiendan y sean más fuertes.
79,0,El Museo Picasso Málaga expone nuevas obras de el artista junto a su colección permanente , El Museo Picasso Málaga expone nuevas obras de el artista junto a su colección permanente 
79,1,El Museo Picasso Málaga expone nuevas obras de el artista junto a su colección permanente , El museo Picasso de Málaga expone nuevas obras de el pintor Pablo Picasso .  Las nuevas obras se unirán a las que existen en la colección permanente de el Museo Picasso . 
79,2,"El consejero andaluz de Cultura , Paulino Plata , presentó una nueva reorganización de la colección permanente de el Museo Picasso que , coincidiendo con el aniversario de el nacimiento de el pintor , incorpora una amplia selección de obras de Pablo Picasso cedidas en comodato por la Fundación Almine y Bernard Ruiz-Picasso para el Arte . ", Las obras han sido cedidas por la Fundación Almine y Bernard Rui-Picasso para el Arte . 
79,3,"Pinturas , esculturas y cerámicas de diferentes periodos y estilos de el artista conforman este conjunto de 43 piezas cedidas en comodato por 15 años por la citada fundación . "," Las nuevas obras son 43 pinturas , esculturas y objetos de diferentes estilos . "
79,4,"Estas obras se exponen junto a la propia colección de el museo , a los retratos depositados hace tres años por el Ministerio de Cultura y a otras piezas de coleccionistas privados , que permiten a el espectador acercar se a la diversidad temática , gran variedad de técnicas y a la larga y fecunda trayectoria artística de Picasso durante ocho décadas . ", Los espectadores verán en la exposición la gran variedad de obras que Picasso creó durante 80 años . 
79,5,"La incorporación de estas creaciones supone así , según la Junta de Andalucía , una valiosa aportación a la colección permanente de el Museo Picasso Málaga . ",
79,6,"De esta forma , el visitante puede contemplar desde ahora óleos y esculturas que , por primera vez , se exponen en la pinacoteca . ", Algunas de esas obras se ven por primera vez en el museo Picasso de Málaga . 
79,7,"Error tipográfico , en el original hay un espacio antes de la coma . ",
80,0,"EL HAMBRE AZOTA A NÍGER, PESE A QUE HA DUPLICADO SU PRODUCCIÓN DE COMIDA."," Las personas de Níger tienen hambre, aunque aumentó la producción de comida en este país."
80,1,"La producción de cereales en Níger aumentó el año pasado en un 60%, pero la tasa de malnutrición aguda permanecía por encima del 15% en muchas zonas del país en octubre y noviembre, según un informe publicado por la Organización de las Naciones Unidas para la Agricultura y la Alimentación y el Programa Mundial de Alimentos. "," Este país aumentó su producción de alimentos en 2011. La ONU hizo un informe sobre los alimentos en el mundo. El informe dice que las personas en Níger tienen hambre, aunque tienen más alimentos en 2011."
80,2,"El informe señala que el aumento de la producción de comida se debió a una buena temporada de lluvias y a actuaciones realizadas por el Gobierno nigerino y organismos internacionales, pero la tasa de malnutrición aguda permanece alta a pesar de una buena cosecha."," El informe también dice que la producción de alimentos aumentó porque en 2011 hubo más lluvias. Sin embargo, las personas en Níger tienen hambre."
80,3,"Además los citados organismos señalan que la falta de acceso a servicios sanitarios y la extrema pobreza suponen otras amenazas a poblaciones en el límite de una difícil situación de seguridad alimentaria, ya que muchas familias se encuentran endeudadas tras la crisis alimentaria de la temporada 2009-2010."," El informe señala que las personas en Níger tienen pocos servicios médicos y son pobres. Por esto, la situación de las personas en Níger es difícil. Además, en Níger hubo una crisis en 2009. La crisis afectó a la economía de muchas familias. Por eso, muchas personas en Níger ahora tienen hambre."
81,0,EL PP CONTRAPONE EL RÉCORD DE PARO DE ESPAÑA AL DE EMPLEO DE ALEMANIA., El Partido Popular compara el paro de España con el de Alemania.
81,1,"El vicesecretario de Política Autonómica y Local del Partido Popular, Javier Arenas, lamentó que, pese a la buena noticia del descenso del paro en diciembre, se ha cerrado el año 2010 con un récord histórico de paro cuando a estas alturas Alemania ha cerrado el ejercicio con un récord histórico de empleo. "," En 2010 España ha tenido mucho paro. Sin embargo, Alemania ha tenido muy poco paro."
81,2,"Según informó el PP, Arenas hizo estas declaraciones a los medios de comunicación tras un acto de partido en Sevilla, en las que criticó que la única respuesta del Gobierno sea la de más impuestos, recortes sociales y subida de la luz.", El Partido Popular pide al Gobierno que no suba los impuestos para resolver el problema del paro.
81,3,"En su opinión, no vale el triunfalismo ante el descenso del paro en diciembre, porque ""la desconfianza sigue creciendo en la sociedad española, y no volverá la confianza y la credibilidad hasta que haya gobiernos del cambio.", El Partido Popular dice que no es suficiente que el paro bajara en diciembre de 2010. El Partido Popular también dice que la sociedad española necesita cambios para recuperar la confianza en el Gobierno.
81,4,"Por eso, el dirigente popular reclamó al Gobierno realismo, que no siga inventando brotes verdes y que no siga negando la evidencia porque la mayor desconfianza se produce así.",
82,0,EL INSTITUTO DE LA MUJER DESTINA 2.600.000 EUROS A PROYECTOS CONTRA LA VIOLENCIA Y A FAVOR DE LA IGUALDAD., El Instituto de la Mujer concede más de dos millones de euros a proyectos que ayudan a las mujeres.
82,1,"El Instituto de la Mujer ha concedido 2.600.000 euros en ayudas a ONG dedicadas a la igualdad de oportunidades entre mujeres y hombres, la erradicación de la violencia de género y la lucha contra la discriminación. ", El Instituto de la Mujer concede más de dos millones de euros a proyectos contra la violencia hacia las mujeres. También concede dinero a proyectos a favor de la igualdad.
82,2,"Según publica el Boletín Oficial del estado (BOE), los objetivos fundamentales de esta convocatoria son fomentar el movimiento asociativo de mujeres y la igualdad de género, requisitos que deben figurar en los estatutos de aquellas organizaciones solicitantes."," El objetivo del Instituto de la Mujeres es que los proyectos ayuden a las mujeres. Por eso, los proyectos deben luchar contra la violencia hacia las mujeres y trabajar por la igualdad."
82,3,"Los programas que más ayudas han recibido son los dirigidos a la eliminación de la violencia de género (41% del presupuesto total); el impulso del empleo femenino y la igualdad salarial (20%), y la mejora de la inserción social de las mujeres que sufren discriminación múltiple, con especial atención a la discapacidad (16%).", La mitad del dinero se ha dado a proyectos que luchan contra la violencia a las mujeres. El resto del dinero se ha dado a proyectos que: Luchan por la igualdad de las mujeres en el trabajo. Ayudan a las mujeres con discapacidad.
82,4,"Asimismo, se han apoyado proyectos para el desarrollo de la corresponsabilidad y para fomentar y visibilizar las aportaciones de las mujeres en el medio rural.", Ayudan a las mujeres que trabajan en el campo.
83,0,El Museo Sorolla dedicará una exposición a Granada y la Alhambra , El Museo Sorolla dedicará una exposición a Granada y la Alhambra 
83,1,El Museo Sorolla dedicará una exposición a Granada y la Alhambra , El museo Sorolla dedicará una exposición a Granada y la Alhambra . 
83,2,El Ministerio de Cultura y el Ayuntamiento de Granada tienen previsto firmar próximamente un acuerdo de colaboración para dedicar en el Museo Sorolla una exposición monográfica a las obras que el pintor valenciano realizó sobre Granada y la Alhambra . ," Gracias a el acuerdo , el Museo Sorolla dedicará una exposición a las obras de Sorolla sobre Granada .  El Ministerio de Cultura y el Ayuntamiento de Granada han firmado un acuerdo . "
83,3,"Según informó Cultura este lunes , Sorolla pintó cerca de 50 cuadros de la ciudad de Granada , con la Alhambra y Sierra Nevada como principales protagonistas . ",
83,4,"De ellos , el museo conserva 24 . ",
83,5,"Su propia sede ya da testimonio de la "" impresión profunda "" que la ciudad andaluza dejó en el pintor . ", En esa casa también se ve la influencia de Granada . 
83,6,"Así , uno de los jardines que Sorolla diseñó para rodear su casa se inspira directamente en el Generalife , y el propio pintor compró en Granada los arrayanes para sus setos , algunos de los cuales se conservan todavía . ", Sorolla diseñó los jardines de su casa para que se pareciesen a los jardines de la Alhambra de Granada . 
83,7,"Además , la planta baja alberga un patio andaluz y recoge muestras , entre otras , de la cerámica granadina . ",
84,0,EL HAMBRE DESAPARECERÁ EN 2050 SI SUBE UN 70% LA PRODUCCIÓN DE ALIMENTOS.," Si aumenta la producción de alimentos, el hambre desaparecerá del mundo en 2050."
84,1,"El director general de la Organización de las Naciones Unidas para la Alimentación, Jacques Diouf, afirma que el hambre en el mundo desaparecerá en 2050 si la producción de alimentos se incrementa en un 70%, pues para entonces habrá más de 9.000 millones de personas. "," En el Día Mundial de la Alimentación, la ONU habló sobre el hambre en el mundo. La ONU afirmó que el hambre desaparecerá del mundo en 2050 si la producción de alimentos aumenta mucho."
84,2,"En un mensaje difundido con motivo del Día Mundial de la Alimentación, que se celebra bajo el lema ""Unidos contra el hambre"", Diouf señala que, ""debido a la limitación de las tierras, los agricultores se verán obligados a obtener un mayor rendimiento de la tierra ya cultivada""."," La ONU señaló que debido a la reducción de tierras, los agricultores tendrán que producir más alimentos."
84,3,"Diouf recuerda que el año pasado se superó ""el umbral crítico"" de los 1.000 millones de hambrientos en el mundo, en gran medida debido al aumento de los precios de los alimentos y la crisis económica mundial.", La ONU también dice que en el mundo hay mil millones de personas que tienen hambre. Las personas tienen hambre porque el precio de los alimentos aumenta y hay una crisis económica mundial.
84,4,"""La gravedad de la crisis silenciosa del hambre es el resultado de décadas de abandono de la agricultura y de inversión insuficiente en el sector"", añade.", La ONU añadió que hay hambre porque la gente abandonó el trabajo en la tierra hace años. También hay hambre porque ahora no se invierte dinero en el trabajo de la tierra.
84,5,"Actualmente, el hambre ha descendido por primera vez en los últimos 15 años, hasta situarse en los 925 millones de personas con desnutrición.", El hambre ha disminuido en el mundo en los últimos años.
85,0,EL PP CREE QUE EL ACUERDO SOBRE LA LEY SINDE GARANTIZA EL SECRETO DE LAS TELECOMUNICACIONES Y LA LIBERTAD DE EXPRESIÓN.," Según el Partido Popular, la ley Sinde garantiza el secreto de las comunicaciones y la libertad de expresión."
85,1,"El presidente del Partido Popular, Mariano Rajoy, celebró el acuerdo alcanzado con el Gobierno para aprobar la denominada ""Ley Sinde"" contra la piratería, ya que considera que con la enmienda pactada se garantiza ""el secreto de las telecomunicaciones y la libertad de expresión"" de los internautas."," Según el PP, la Ley Sinde protege a las personas que usan Internet porque garantiza el secreto de las comunicaciones. Es decir, la Ley Sinde garantiza que lo que se haga en Internet será secreto."
85,2,"En una entrevista a Antena 3 Televisión, recogida por Servimedia, Rajoy confirmó el acuerdo alcanzado entre socialistas y populares para aprobar una enmienda en el Senado a la Ley de Economía Sostenible que permitirá sacar adelante la reforma impulsada por el Ejecutivo.",
85,3,"Rajoy subrayó que el acuerdo ha sido posible ""después de un año y medio sin que el Gobierno planteara nada en serio"" al PP, ya que sólo ha buscado realmente su apoyo cuando no ha podido sacar adelante la reforma.",
85,4,"Indicó que el acuerdo alcanzado permitirá ""proteger la propiedad intelectual y los derechos de los autores"" a la vez que se garantiza que cualquier página web que fomente la piratería de música y películas de cine sólo se cerrará por decisión de ""un juez""."," El PP dijo que la Ley Sinde también protegerá los derechos de autor. Por eso, las páginas web que ofrezcan música o películas de forma ilegal serán cerradas por un juez."
86,0,EL PARO DE LOS AFECTADOS POR SIDA TRIPLICA AL DE LA POBLACIÓN GENERAL., El paro afecta más a las personas que tienen sida que al resto de la población.
86,1,"Las cifras del desempleo de las personas que tienen VIH o sida triplican a las registradas entre la población general, según han informado el Observatorio de Derechos Humanos y VIH y la Federación Trabajando en Positivo con motivo del Día Mundial de Lucha contra el Sida. "," En el día mundial contra el sida se presentó un estudio sobre el paro de las personas con sida. Según el estudio, el paro afecta más a las personas con sida que al resto de la población."
86,2,El observatorio indica que la discriminación en el ámbito del trabajo sigue siendo la principal fuente de consulta para su asesoría jurídica gratuita., Una organización de Derechos Humanos afirmó que muchas personas con sida sufren rechazo en el trabajo.
86,3,"Así, detalla, si en 2007 el 30% de los casos de discriminación atendidos fueron por cuestiones relacionadas con el empleo, en 2008 la cifra subió un punto, en 2009 llegó al 32% y en lo que va de 2010 se mantiene en torno a una tercera parte de las consultas.", La Organización también dijo que el rechazo a las personas con sida en el trabajo aumentó en 2009.
86,4,"El rechazo sufrido por las personas con VIH/sida les lleva a ocultar su condición, ""algo que para la mayoría supone una presión y un estrés psicológico que no favorece su proceso físico (incluyendo su rendimiento laboral) y que incluso puede poner en riesgo su propia salud"", alertaron estas entidades."," Por miedo al rechazo, estas personas no dicen en el trabajo que tienen sida. Por eso, las personas con sida sienten presión en el trabajo y eso puede afectar a su salud y al trabajo que realizan."
87,0,EL PP PIDE A ZAPATERO QUE DECLARE LAS CORRIDAS DE TOROS BIEN DE INTERÉS CULTURAL., El PP pide a Zapatero que declare las corridas  de toros Bien de Interés Cultural.
87,1,"El PP de la Asamblea de Madrid ha registrado una proposición no de ley en que se insta al Gobierno de la Comunidad de Madrid a que se dirija al Ejecutivo presidido por José Luis Rodríguez Zapatero para que, por parte del Ministerio de Cultura, se incoe expediente de declaración de la Fiesta de los Toros como Bien de Interés Cultural con carácter etnográfico. "," El PP piensa que las corridas de toros deben ser Bienes de Interés Cultural. Por eso, pide al Gobierno que declare las corridas de toros como Bienes de Interés Cultural."
87,2,"El autor de la iniciativa, el portavoz parlamentario del PP, David Pérez, solicita asimismo que se inicien gestiones con las administraciones responsables del fomento y protección de la Cultura en Francia, Portugal, México, Colombia, Ecuador y Perú, así como con los organismos internacionales correspondientes, para que la Convención para la Salvaguardia del Patrimonio Cultural Inmaterial de la Unesco incluya en su listado a la Fiesta de los Toros."," El PP también quiere proteger las corridas de toros en países como Francia, Portugal o México. Además, quiere que las organizaciones internacionales incluyan las corridas de toros en la lista de bienes culturales protegidos."
87,3,"En la exposición de motivos, el PP explica que desde finales del siglo XIX y durante todo el siglo XX grandes figuras de la intelectualidad han mantenido un debate sobre el carácter cultural de la Fiesta de los Toros, pero siempre desde el reconocimiento de su carácter histórico.", El PP también explica que muchos intelectuales consideraron las corridas de toros como parte de la cultura y de la historia de España.
88,0,EL PLANETA TIENE 214 MILLONES DE MIGRANTES., El mundo tiene más de 200 millones de emigrantes.
88,1,"El mundo cuenta actualmente con unos 214 millones de migrantes internacionales, cifra que podrá casi duplicarse hasta llegar a los 405 millones en 2050 si continúa la tendencia de los últimos 20 años."," El número de emigrantes aumentó mucho en los últimos años. Si el número sigue aumentando, en 2050 habrá más de 400 millones de emigrantes."
88,2,"Estos son los datos más recientes de la Organización Internacional para las Migraciones, recogidos por Servimedia con motivo del Día Internacional del Migrante.", Una organización internacional recogió estos datos para presentarlos el Día Internacional del Emigrante.
88,3,"El secretario general de la ONU, Ban Ki-moon, señala, en un mensaje difundido con motivo del Día Internacional del Migrante, que este colectivo siente especialmente ""los efectos de las múltiples crisis"" de la actualidad.", La ONU afirma que los emigrantes sufren mucho los efectos de la crisis actual.
88,4,"""La migración tiene más probabilidades de ser beneficiosa para todos cuando se realiza en condiciones de seguridad y por cauces ordinarios.", La ONU también dice que el movimiento de los emigrantes es bueno para todos. Es bueno si los emigrantes se mueven de manera segura y legal.
88,5,"Sin embargo, las oportunidades para la migración regular se han reducido.",
88,6,El aumento del desempleo ha espoleado la discriminación.," Ahora, sin embargo, la gente no contrata a los emigrantes y los rechaza."
88,7,"Las políticas de polarización están en alza"", añade.",
88,8,"No obstante, Ban recuerda el ""papel fundamental"" de los migrantes, ya que ""contribuyen al crecimiento económico y al desarrollo humano; enriquecen las sociedades mediante la diversidad cultural, los conocimientos y el intercambio tecnológico, y mejoran el equilibrio demográfico de las poblaciones que envejecen""."," A pesar de esto, el papel de los emigrantes en el mundo es muy importante. La ONU recuerda que los emigrantes ayudan al desarrollo de la sociedad, de la economía y de la cultura. Los emigrantes comparten su cultura con las personas de los países a los que van. También trabajan en el país donde van a vivir y por eso desarrollan la economía. Además, ayudan a los países a tener nueva gente joven."
89,0,EL PP REDUCIRÁ EL NÚMERO DE CARGOS POLÍTICOS EN LAS ADMINISTRACIONES AUTONÓMICAS Y MUNICIPALES QUE GOBIERNE., El Partido Popular reducirá los cargos de la administración de los sitios que gobierne.
89,1,"El Partido Popular reducirá el número de cargos políticos y puestos de confianza de libre designación en todas las administraciones públicas que gobierne tras las elecciones autonómicas y municipales del próximo mes de mayo, con el fin de adaptar su estructura a la austeridad que exigen los tiempos actuales de crisis económica. ", El Partido Popular reducirá los cargos de las administraciones los sitios que gobierne. El Partido Popular cree que hay gastar menos dinero debido a la crisis actual.
89,2,"El vicesecretario general de Comunicación del PP, Esteban González Pons, hizo este anuncio durante un encuentro con periodistas para presentar algunas de las iniciativas que se pondrán en marcha en la Convención Nacional que el principal partido de la oposición celebrará este fin de semana en Sevilla.",
89,3,"González Pons, que coordinará una mesa redonda bajo el título ""Más sociedad, mejor gobierno"", adelantó que en la Convención Nacional se aprobará una propuesta para limitar el número de ""consejeros, directores generales y asesores"", entre otros cargos públicos.", Todos los miembros del Partido Popular se reunirán para aprobar la propuesta de reducir cargos en las administraciones.
89,4,"El objetivo es extender el ejemplo que dio el presidente de la Xunta, Alberto Núñez Feijóo, cuando tomó posesión y en abril de 2009 presentó el nuevo organigrama del gobierno autonómico.", El objetivo del Partido Popular es seguir el ejemplo del Gobierno de Galicia.
89,5,"En él, aseguró que había una reducción del 47% de altos cargos."," Cuando el Partido Popular empezó a gobernar en Galicia, el Gobierno redujo los cargos de la administración a la mitad."
90,0,EL SENADO INSTA AL GOBIERNO A CREAR UN REGISTRO DE MUERTE SÚBITA DEL DEPORTISTA., El senado pide al Gobierno que haga un registro de la muerte súbita de deportistas.
90,1,El Pleno del Senado aprobó una moción por la que se insta al Gobierno a crear un registro que recoja la incidencia real de la muerte súbita entre los deportistas que realizan su actividad en España. , El Senado pidió al Gobierno que hiciera un registro para controlar las muertes súbitas de los deportistas españoles.
90,2,"La moción, presentada por CiU y modificada posteriormente por los grupos, otorga la competencia de la creación del citado registro al Consejo Superior de Deportes y al Ministerio de Justicia.", El Senado propone que el Consejo Superior de Deportes y el Ministerio de Justicia se encarguen del registro de deportistas.
90,3,"La iniciativa propone también que los propietarios de instalaciones y organizadores de competiciones deportivas dispongan de material de reanimación cardiopulmonar y estén obligados tanto a su correcto mantenimiento, como a dar la formación necesaria al personal para que pueda utilizarlo.", El Senado también propone que las instalaciones deportivas tengan material médico para atender a los deportistas.
90,4,"Igualmente, la propuesta aboga por la creación de un grupo de trabajo interministerial en el que estén representados también los cardiólogos y la Federación Española de Medicina del Deporte, que analice la situación actual de la muerte súbita de los deportistas en España y que proponga actuaciones para abordarla."," Además, el Senado pide que haya un grupo de expertos que analice la muerte súbita en España y proponga soluciones. Entre estos expertos debe haber médicos del corazón."
91,0,ESPAÑA HA DESTINADO 169 MILLONES A HAITÍ TRAS EL TERREMOTO., España da más de 150 millones de euros a Haití.
91,1,"España ha desembolsado 169,1 millones de euros un año después del terremoto que asoló Haití, tanto en ayuda de emergencia y reconstrucción como en la atención al brote de cólera, con lo que es el tercer país donante, por detrás de Estados Unidos y Canadá."," España dio más de 150 millones de euros a Haití para ayudar a las personas de ese país. El dinero se utilizará para la reconstrucción del país y para servicios médicos. Así, España es uno de los países que más dinero da a Haití."
91,2,"De esta cantidad desembolsada, unos 108,3 millones han ido a proyectos de reconstrucción, con especial mención a agua y saneamiento (91,5 millones) y a subvenciones para ONG para el desarrollo (10,9 millones), según datos difundidos por la Secretaría de Estado de Cooperación Internacional.",
91,3,"Los 61,1 millones desembolsados restantes se destinaron fundamentalmente al Programa Mundial de Alimentos (PMA), con 12 millones, y al Fondo de Naciones Unidas para la Infancia (Unicef), con 10 millones, si bien el Ministerio de Defensa aportó 18,8 millones de euros a labores de rescate de las víctimas del terremoto.", Una parte del dinero se utilizará para construir sistemas que lleven agua a las personas. Otra parte del dinero será para organizaciones que están ayudando en Haití. Otra parte del dinero será para comprar alimentos para las personas de Haití. Otra parte del dinero ayudará a los niños de Haití. Y otra parte del dinero se utilizará para ayudar a las víctimas del terremoto.
91,4,"La secretaria de Estado de Cooperación Internacional, Soraya Rodríguez, afirmó, en un acto en la Casa de América de Madrid, que ""hay motivos para el optimismo"" y que ""no podemos abandonarnos a la desesperanza"" un año después del terremoto de Haití.", El Gobierno español dice que hay que ser positivo con la situación de Haití. Todos debemos tener esperanza en que Haití se recupere después del terremoto.
92,0,EL PRECIO DE LOS JUGUETES PUEDE VARIAR HASTA UN 18% EN FUNCION DEL ESTABLECIMIENTO., El precio de los juguetes varía mucho en función de la tienda.
92,1,"El precio de los juguetes puede variar hasta un 18% en función del establecimiento donde se compren, según un estudio de la Federación de Usuarios y Consumidores Independientes (FUCI). ", Una federación de consumidores hizo un estudio sobre el precio de los juguetes en la época de Navidad. El estudio demostró que el precio de los juguetes varía mucho en función de la tienda donde se compren.
92,2,"Esta organización realizó, durante la primera semana de diciembre, una toma de datos en diferentes establecimientos para conocer las diferencias de precio que hay en una selección de juguetes."," Para realizar el estudio, esta federación de consumidores eligió diferentes tiendas de juguetes y diferentes tipos de juguetes."
92,3,"Para ello, se tomaron muestras de una treintena de juguetes en centros comerciales y tiendas especializadas."," Para realizar el estudio, esta federación de consumidores eligió diferentes tiendas de juguetes y diferentes tipos de juguetes."
92,4,"Los resultados de este muestreo reflejan la existencia de importantes diferencias económicas en más de la mitad de los juguetes analizados, que pueden llegar a suponer hasta 11 euros según la elección del establecimiento, existiendo variaciones de precio de hasta un 18%.", El estudio demostró que el precio de la mitad de los juguetes variaba en función de la tienda.
92,5,Estas oscilaciones de precio varían en función de la edad a la que van dirigidos los artículos.,
92,6,"En los juguetes para bebés, preescolar y en los videojuegos es donde se encuentran mayores precios ""gancho"", con diferencias de hasta 11 euros en algunos de estos productos en función del establecimiento."," El estudio también mostró que los precios que más varían son los precios de los juguetes para niños pequeños. Según el estudio, los precios de los videojuegos también varían mucho."
93,0,EL VERTIDO DE TARRAGONA PUEDE AFECTAR A LAS CAPTURAS DE SARDINA., El petróleo que cayó en el mar de Cataluña puede afectar a algunas especies de peces.
93,1,"El vertido de crudo de Repsol en el delta del Ebro ""pone en riesgo pesquerías importantes de Cataluña"" y podría afectar a las capturas de especies como la sardina el próximo año, según ha advertido Ecologistas en Acción. ", La organización Ecologistas en Acción advirtió que el petróleo en el mar de Cataluña puede poner en peligro a los peces. El petróleo también puede afectar a la pesca.
93,2,"Según esta organización, el vertido del pasado 22 de diciembre ha sido el mayor de los últimos diez años en la zona. "," Según esta organización, la cantidad de petróleo que cayó al mar es muy grande."
93,3,"Afirma que se han derramado entre 120.000 y 180.000 litros de crudo, que llegaron a cubrir un área de 19 kilómetros cuadrados y se acercaron hasta unos 25 kilómetros de la costa.", La organización también dijo que el petróleo se extendió por el mar y se acercó a la costa.
93,4,"""El viento fuerte llevó la mancha mar adentro y después se dispersó, creando fragmentos de crudo muy perniciosos"", señala esta ONG."," Según la organización, el viento extendió el petróleo."
93,5,"Según la dirección del viento, Ecologistas en Acción advierte de que estos fragmentos pueden llegar hasta la costa Balear, ""con un impacto adverso a sus ecosistemas""."," Por la dirección del viento, la organización advirtió que el petróleo podría llegar a las Islas Baleares. Si el petróleo llegara a las Islas, las especies de animales de las islas sufrirían."
94,0,"El programa de RNE "" Historias de papel "" , Premio Nacional a el Fomento de la Lectura "," El programa de RNE "" Historias de papel "" , Premio Nacional a el Fomento de la Lectura "
94,1,"El programa de RNE "" Historias de papel "" , Premio Nacional a el Fomento de la Lectura "," El programa de radio "" Historias de Papel "" gana el Premio Nacional a el Fomento de la Lectura . "
94,2,"El programa "" Historias de Papel "" , de Radio Nacional de España , y la Asociación Feria de el Libro de Sevilla fueron galardonados con el Premio Nacional a el Fomento de la Lectura correspondiente a el año 2010 . "," "" Historias de Papel "" es un programa de Radio Nacional de España .  La Feria de el Libro de Sevilla también ha ganado este premio .  "" Historias de Papel "" ha recibido el Premio Nacional de Fomento de Lectura de el año 2010 . "
94,3,"Este premio lo concede el Ministerio de Cultura y tiene por objeto reconocer el papel que diferentes personas y entidades , especialmente los medios de comunicación , desempeñan en el fomento de el hábito lector . ", Este Premio es para los medios de comunicación que animan a las personas a leer . 
94,4,"Tiene carácter honorífico y , por ello , sin dotación económica . ",
94,5,"El jurado de esta edición ha estado compuesto por Carlos Sanz , designado por la Federación de Asociaciones de Periodistas de España ( FAPE ) ; Federico Sánchez , por la Federación de Asociaciones de Radio y Televisión de España ; Carmen Asenjo , por la Asociación de Revistas Culturales de España ( ARCE ) ; Teresa Úcar , por el Consejo Escolar de Estado ; Eva Díaz , por la ministra de Cultura ; Francisco Luis Córdoba y Manuel Pérez , representantes de "" Cuadernos de el Sur "" y de "" Cosmopoética "" , galardonados en 2009 . ", Dan este premio un conjunto de periodistas y los ganadores de el premio de el año anterior . 
94,6,Falta el punto final en el original . ,
95,0,ESTADOS UNIDOS AVANZA EN LA APROBACIÓN DE LEGISLACIÓN PARA MEJORAR LA ASISTENCIA A ENFERMOS DE ALZHÉIMER., El Gobierno de Estados Unidos va a aprobar una ley sobre el alzheimer.
95,1,"La Cámara de Representantes de Estados Unidos ha dado el visto bueno al proyecto de ley sobre alzhéimer que el Senado aprobó, cuya entrada en vigor supondría la adopción de un amplio plan de medidas para mejorar la asistencia a enfermos de alzhéimer, según informa el diario The New York Times. ",
95,2,"Para la aprobación definitiva del texto solo falta el visto bueno del presidente Barack Obama, que se prevé lo firmará en breve, con lo que el Departamento de Salud pondría en marcha el Plan Nacional del Alzhéimer, que incluiría actuaciones coordinadas para la investigación y la mejora del diagnóstico temprano, las medidas preventivas, el tratamiento y la asistencia a los enfermos."," Esta ley mejorará la atención y el tratamiento de los enfermos de alzheimer. También mejorará la investigación sobre el alzheimer. Cuando el presidente de Estados Unidos apruebe la nueva ley, la atención a los enfermos de alzheimer y la investigación mejoraran."
95,3,"Para coordinar dichas actuaciones se crearía un consejo asesor formado por miembros de instituciones públicas como los Centros para el Control y Prevención de la Enfermedades, los Institutos Nacionales de Salud, la Administración de Alimentos y Medicamentos y los programas de asistencia sanitaria públicos Medicare y Medicaid, así como representantes del sector científico, sanitario, y cuidadores y familiares de enfermos de alzhéimer.",
96,0,EL PSOE ACUSA AL PP DE HACER DEMAGOGIA CON LA SANIDAD PARA ENGAÑAR A LOS CIUDADANOS., El PSOE acusa al PP de engañar a los ciudadanos sobre la Sanidad en España.
96,1,"La secretaria de Bienestar Social del PSOE, Marisol Pérez, afirmó que lo único que saben hacer el PP y su portavoz de Sanidad, Ana Pastor, es demagogia para engañar a los ciudadanos. ", El PP criticó al PSOE por sus políticas de Sanidad.
96,2,"En respuesta a las críticas vertidas por Pastor, Pérez señaló que lo que esta formación tiene que hacer es explicar a qué han destinado el dinero recibido del Gobierno para sanidad, y recordó que en 2001 el PP aprobó un modelo de financiación de las Autonomías y que la propia Pastor lo defendió."," Por eso, el PSOE acusó al PP de recibir dinero del PSOE para Sanidad y de gastarlo mal. Además, el PSOE acusó al PP de aprobar unas medidas que no eran buenas para organizar el dinero para Sanidad."
96,3,"Sin embargo, prosiguió, a los dos años de que entrara en vigor se comprobó que no garantizaba la estabilidad y el Gobierno socialista tuvo que hacer una aportación extraordinaria de casi 10.000 millones de euros, y el año pasado hubo de aprobar un nuevo modelo de financiación, puntualizó Pérez."," El PSOE también recordó que tuvo que cambiar esas medidas sobre Sanidad porque el PP no organizaba bien el dinero. Además, el PSOE tuvo que dar millones de euros para que la Sanidad en España pudiera seguir funcionando bien."
97,0,"EL VIRUS QUE PROVOCA EL SIDA DEJÓ HUÉRFANOS A 17,5 MILLONES DE NIÑOS EN 2008.", El sida mató a los padres de millones de niños en 2008.
97,1,"Unos 17,5 millones de niños perdieron al menos a uno de sus padres en 2008 por culpa del sida, una infección que sufren también en su propia piel los más pequeños, que son portadores, junto a los jóvenes, de la mitad de las nuevas infecciones. ", Los padres de millones de niños en África murieron por sida en 2008. Muchos de esos niños también tienen sida porque sus padres les transmitieron la enfermedad.
97,2,"Así lo pone de manifiesto una resolución del Parlamento Europeo sobre el VIH/sida, que señala que la gran mayoría de estos niños viven en el África subsahariana, que con frecuencia son estigmatizados y discriminados y que se les puede negar el acceso a servicios básicos como la educación o el acogimiento, lo que aumenta su vulnerabilidad a la infección del VIH/sida."," El Parlamento europeo hizo un informe sobre el sida. El informe mostró que la mayoría de afectados por el sida vive en África. El informe también habló sobre los niños que pierden a sus padres por el sida. Estos niños no tienen educación ni cuidados, por eso tienen más riesgo de coger sida."
97,3,"La resolución, actualizada en septiembre de este año, sale ahora a la luz con motivo de la conmemoración hoy del Día Mundial de Lucha contra el Sida, y recuerda que en el mundo hay actualmente más de 33 millones de afectados por esta pandemia.", El Parlamento europeo quiere que todos los países recuerden que hay millones de afectados por el sida en el mundo.
98,0,"El PSOE afirma que España pierde a un "" gigante de la escena "" con la muerte de Manuel Alexandre "," El PSOE afirma que España pierde a un "" gigante de la escena "" con la muerte de Manuel Alexandre "
98,1,"El PSOE afirma que España pierde a un "" gigante de la escena "" con la muerte de Manuel Alexandre ", Muere el actor Manuel Alexandre . 
98,2,"El PSOE expresó hoy su pesar , "" cargado de agradecimiento por la contribución a las artes españolas "" , por la muerte de el actor Manuel Alexandre , un "" gigante de la escena "" . ", El Partido Socialista Obrero Español señaló su pena por la muerte de el actor . 
98,3,"Según informó el Partido Socialista en una nota de prensa , el responsable de Cultura de el PSOE , José Andrés Torres , transmitió el pésame a la familia y amigos de el "" inolvidable intérprete "" . ",
98,4,""" Con la muerte de Manuel Alexandre , hemos perdido a uno de los gigantes de la escena y de el cine español "" , dijo Torres , quien destacó que el actor desaparecido "" ha sido parte de los episodios más notables , creativos y brillantes de el cine español "" . ", Ha sido un actor que ha participado en los momentos más importantes de el cine español .  El Partido Socialista dijo que Manuel Alexandre ha sido un extraordinario actor . 
98,5,"A Manuel Alexandre , dijo , se le debe "" una infatigable carrera que demostraba su amor por el trabajo de la interpretación y que , junto con otros artistas , hicieron cine y teatro en los años difíciles de la posguerra "" . ", El Partido Socialista también ha dicho que el actor amaba su trabajo .  Manuel Alexandre hizo cine en los años más difíciles después de la Guerra Civil . 
99,0,ESTADOS UNIDOS INCREMENTA LA TRANSPARENCIA INFORMATIVA DE LA INDUSTRIA EXTRACTIVA., Estados Unidos crea una nueva ley sobre la industria de minerales. Esta ley obliga a la industria de minerales a dar información clara sobre el origen de sus minerales.
99,1,La Comisión del Mercado de Valores de Estados Unidos ha iniciado el trámite de consulta pública sobre los nuevos requerimientos informativos sociales y medioambientales establecidos por la ley Dodd-Frank para la industria extractiva. , Estados Unidos creó una ley que controla el trabajo de la industria de minerales.
99,2,"Esta ley requiere, entre otros aspectos, nuevos indicadores concernientes a los minerales procedentes de zonas de conflicto, como es el caso de la República Democrática del Congo o países adyacentes.", Esta ley servirá para proteger la tierra de donde se sacan los minerales.
99,3,"En concreto, las empresas estarán obligadas a informar anualmente si utilizan ""minerales procedentes de estas zonas de conflicto"" que sean necesarios para la funcionalidad o la producción"" de un determinado bien o producto."," Por eso, a veces hay conflictos entre las industrias y los países que tienen los minerales."
99,4,"Entre los minerales a los que se hace referencia figuran la casiterita, columbita, talantio, oro, wolframio y sus derivados, que en muchos casos son esenciales para productos de joyería o teléfonos móviles.", Los minerales se utilizan para fabricar joyas. También se utilizan para fabricar teléfonos móviles.
99,5,Las empresas deberán elaborar un informe específico en el que se concrete la procedencia de los minerales que se usan para la fabricación de sus productos.,
100,0,"EL PSOE TILDA DE MEROS ""PLANTEAMIENTOS DE COMBATE"" QUE RAJOY HABLE DE ""HUMILLACIONES"" A ZAPATERO.", Rajoy acusa al PSOE de criticar a Zapatero.
100,1,"El secretario de Organización del PSOE, Marcelino Iglesias, restó trascendencia a la alusión hecha por el presidente del PP, Mariano Rajoy, a supuestas ""humillaciones"" infringidas por los socialistas al jefe del Ejecutivo, José Luis Rodríguez Zapatero.",
100,2,"Para Iglesias, son ""planteamientos de combate"" del rival político que ""no tienen nada que ver con la situación del partido"". ", El PSOE dice que Rajoy sólo busca generar conflictos dentro del PSOE.
100,3,"Preguntado en la rueda de prensa posterior a la Ejecutiva Federal por el pronóstico de Rajoy de que en 2012 se enfrentará en las elecciones al vicepresidente primero, Alfredo Pérez Rubalcaba, a menos que Zapatero se revuelva contra esas presuntas humillaciones desde su propio partido, Iglesias afirmó que al presidente ""no sólo se le respeta, sino que además se le apoya""."," Rajoy dijo que el PSOE no quiere que Zapatero siga como presidente del Gobierno. Rajoy dijo que en las próximas elecciones se enfrentará a Rubalcaba y no a Zapatero. Sin embargo, esos conflictos no existen en el PSOE. Además, el PSOE afirmó que en el partido respetan y apoyan a Zapatero."
100,4,"Para el número tres del PSOE, la demostración de esto se vio en la reunión con los líderes autonómicos el pasado sábado, donde todos los asistentes se manifestaron al respecto y expresaron su ""apoyo cerrado"" a Zapatero y las reformas que está llevando a cabo."," El PSOE también explicó que en la reunión de los líderes del partido, todos demostraron su apoyo a Zapatero."
100,5,Iglesias prevé un respaldo similar en la reunión convocada esta tarde con los secretarios provinciales.,
101,0,ESPAÑA TENDRÁ INVENTARIOS DE VERTIDOS Y CONTAMINACIÓN DE SUS AGUAS., España tendrá un registro de la contaminación de sus aguas.
101,1,"El Consejo de Ministros aprobó un real decreto sobre las normas de calidad ambiental en el ámbito de la política de aguas por el que, entre otras cosas, se elaborarán inventarios de emisiones, vertidos, pérdidas de sustancias prioritarias y contaminantes en las aguas del país. ", El Gobierno aprobó una ley sobre la calidad del agua en España. Gracias a esta ley se elaborará un registro de la contaminación de las aguas de España.
101,2,"Su finalidad es establecer las normas de calidad ambiental para las sustancias prioritarias (las que presentan un riesgo para el medio acuático) y para otros contaminantes de riesgo en el ámbito europeo, así como para sustancias preferentes de riesgo (contaminante que presenta un riesgo significativo para las aguas superficiales españolas) en el ámbito estatal.", El objetivo de esta ley es establecer las normas de calidad del agua.
101,3,"El texto también incorpora las especificaciones técnicas del análisis químico y del seguimiento del estado de las aguas, y fija el procedimiento para calcular las normas de calidad ambiental de los contaminantes."," Así, se podrá controlar la contaminación del agua de España. La ley también controlará los análisis del agua para saber si el agua de España tiene contaminación."
101,4,"Por otra parte, establece la posibilidad de que los órganos competentes puedan fijar normas de calidad ambiental para los sedimentos o la biota (conjunto de seres vivos coexistente en un determinado ecosistema acuático) en determinadas categorías de masa de agua.",
102,0,EL SUPREMO RESPALDA EL ENVÍO DE LOS PAPELES DE SALAMANCA A CATALUÑA., El Tribunal Supremo apoya que los Papeles de Salamanca se lleven a Cataluña.
102,1,"La Sala de lo Contencioso-Administrativo del Tribunal Supremo ha confirmado la sentencia por la que la Audiencia Nacional avaló, el 19 de diciembre de 2008, el envío de los llamados Papeles de Cataluña a Salamanca. ", El Tribunal Supremo apoyó la sentencia de los Papeles de Salamanca.
102,2,"De esta manera, el Alto Tribunal rechaza el recurso que el Ayuntamiento de Salamanca había presentado contra dicha sentencia, que declaró conforme a derecho la orden del Ministerio de Cultura por la que se acordó restituir a la Generalitat de Cataluña los documentos incautados con motivo de la Guerra Civil y que se encontraban en el Archivo de Salamanca."," Gracias a la sentencia del Tribunal Supremo, los Papeles de Salamanca se llevarán a Cataluña. Así, la sentencia del Supremo rechaza la petición del Ayuntamiento de Salamanca. El Ayuntamiento de Salamanca pidió al Tribunal supremo que Cataluña no se llevara los Papeles de Salamanca."
102,3,"La conclusión a que llegó la Sala de instancia para afirmar que correctamente se cumplimentó por la Orden de 18 de enero de 2006, los presupuestos o requisitos formales para proceder al traslado y posterior entrega a la Generalidad de Cataluña de los fondos documentales y otros efectos depositados en el Archivo General de la Guerra Civil Española, es correcta y por ende ajustada a Derecho, dice el Alto Tribunal."," El Tribunal Supremo dice que la sentencia es correcta. Cataluña siguió correctamente el proceso para llevarse los documentos. Por eso, el Tribunal dijo que Cataluña tenía derecho a llevarse los documentos."
103,0,"ETIOPÍA REPRIME A LOS DISIDENTES CON AYUDA DE PAÍSES DONANTES, SEGÚN HUMAN RIGHTS.", Etiopía recibe ayuda de otros países para mejorar su desarrollo.
103,1,"Human Rights Watch afirmó que el Gobierno etíope utiliza habitualmente ayuda al desarrollo de países donantes para reprimir a la disidencia política al condicionar el acceso a programas oficiales si apoyan al partido gobernante, el Frente Revolucionario Democrático del Pueblo Etíope. "," Con la ayuda, el Gobierno de Etiopía castiga a las personas que están en contra de este Gobierno. Human Rights afirma que el Gobierno de Etiopía no utiliza la ayuda de otros países para mejorar su desarrollo. Etiopía utiliza la ayuda para castigar a las personas que no están de acuerdo con el Gobierno. Por eso, esta organización denunció que el Gobierno de Etiopía utiliza mal la ayuda de otros países."
103,2,"Por ello, esta organización instó a los donantes extranjeros a que se aseguren de que su ayuda se emplea de forma responsable y transparente y no respalda la represión política."," Por eso, la organización pidió a los países que ayudan a Etiopía que vigilen cómo se utiliza su ayuda."
103,3,"En un informe de 105 páginas, titulado ""Desarrollo sin libertad: cómo la ayuda sufraga la represión en Etiopía"", HRW documenta las maneras en que el Gobierno etíope utiliza la ayuda oficial al desarrollo para consolidarse en el poder.",
103,4,"""Si no le sigues el juego al partido gobernante, te cierran las operaciones.",
103,5,"Aun así, los donantes extranjeros están recompensando esta conducta con cantidades cada vez mayores de ayuda al desarrollo"", afirmó la directora para África de la organización internacional, Rona Peligal."," A pesar de esto, los demás países quieren ayudar a Etiopía y le han dado más ayudas económicas."
104,0,EL ROSCÓN DE REYES SE IMPONE A LA CRISIS.," Las ventas de roscón de Reyes seguirán igual que el año pasado, a pesar de la crisis."
104,1,"Las ventas de roscones de Reyes se mantendrán en línea con las del año pasado a pesar de la crisis, según las previsiones de la Asociación Empresarial de Pastelería Artesana. "," A pesar de la crisis, las ventas de roscón de reyes no bajarán. Es decir, las ventas de Roscón de reyes serán iguales a las del año pasado."
104,2,"Según explicó a Servimedia el portavoz de esta asociación, Esteban Fernández, ""la gente sigue con la tradición de comprar el roscón"", si bien se opta por piezas más pequeñas que hace un par de años.", Las ventas no bajarán porque comprar roscón de Reyes en Navidad es una tradición.
104,3,"Así, los más vendidos serán los roscones de medio kilogramo (kg) o tres cuartos de kg, mientras que antes eran los de 1 kg o 1,5 kg los más demandados."," Sin embargo, la gente comprará roscones más pequeños y más baratos que otros años."
104,4,"Con todo, los pasteleros creen que la campaña de roscones ""va a funcionar"" y cuentan con estar cociendo este dulce típico hasta el mes de marzo. ", Los vendedores de roscones creen que este año van a vender muchos roscones. También creen que podrán vender roscones de Reyes hasta marzo.
104,5,"Será, no obstante, durante hoy y mañana cuando se vendan la mayoría de los roscones.",
104,6,"El 60% de ellos serán sin relleno (el roscón tradicional), frente a un 40% que irán rellenos de nata (80% de los roscones rellenos) y trufa, chocolate o cabello de ángel (el 20% restante).",
105,0,FEAPS PIDE AL GOBIERNO QUE INCLUYA A LAS PERSONAS CON DISCAPACIDAD INTELECTUAL EN SU NUEVA AGENDA SOCIAL., FEAPS pide a Zapatero que incluya a las personas con discapacidad en los asuntos sociales del Gobierno.
105,1,"La Confederación Española de Organizaciones en Favor de Personas con Discapacidad Intelectual (Feaps) ha pedido al Gobierno que incluya a este colectivo en su anunciada nueva agenda social, que ""debe ser verdaderamente social"". "," Por eso, esta organización pide a Zapatero que el Gobierno ayude a las personas con discapacidad."
105,2,"El pasado 23 de octubre, el presidente del Ejecutivo, José Luis Rodríguez Zapatero, anunció que su nuevo Gobierno asumiría como una de sus tareas principales la preparación de una nueva agenda social con el objetivo de que ""las consecuencias de la crisis no generen más desigualdades sociales"" y de ""atender a aquellos que van a tener más dificultades en la salida de la crisis"", recuerda la entidad."," Zapatero garantizó que la crisis no afectaría a las personas con más dificultades. Entre estas personas, están las personas con discapacidad. Zapatero asegura que el Gobierno ayudará a las personas que tengan más dificultades por la crisis."
105,3,"Asimismo, Zapatero afirmó que dicha agenda se centraría en estos primeros meses en las políticas activas de empleo, en la formación y en la conciliación laboral, prosiguió la federación.", Zapatero dijo que el Gobierno ahora se ocupa de la política sobre empleo. El Gobierno quiere garantizar que las personas tengan empleo y una situación laboral adecuada.
105,4,"Según Feaps, la situación económica actual está teniendo un gran impacto en la integración laboral de las personas con discapacidad y pone en peligro los avances logrados hasta el momento."," Según FEAPS, la situación económica actual afecta mucho al empleo de las personas con discapacidad."
106,0,El teatro y la música en vivo pierden espectadores , El teatro y la música en vivo pierden espectadores 
106,1,El teatro y la música en vivo pierden espectadores , El teatro y los conciertos de música pierden espectadores . 
106,2,"El teatro y la música en vivo , dos de los pocos negocios culturales cuyo público venía creciendo en los últimos años pese a la coyuntura económica , rompieron su tendencia positiva en 2009 y se sumaron a otros grandes sectores fuertemente golpeados por la crisis como el vídeo o la industria discográfica . ", En 2009 la crisis afectó a el teatro y a los conciertos de música en directo . 
106,3,"Así se desprende de el "" Anuario de las Artes Escénicas , Musicales y Audiovisuales 2010 "" , que ( se ) presentó en rueda de prensa la Sociedad General de Autores ( SGAE ) . ",
106,4,"El teatro perdió casi un millón de espectadores , a el bajar de los 16,4 millones de entradas vendidas en 2008 a 15,5 millones en 2009 . ", El teatro perdió casi un millón de espectadores en 2009 . 
106,5,"La taquilla se resintió de forma similar , y bajó de 68,3 millones de euros a 65 millones . ", Con los conciertos de música se perdieron más de tres millones de euros . 
106,6,"Las pequeñas compañías y las inicitivas locales se vieron afectadas en mayor medida que los grandes espectáculos , según explicó el secretario general de la SGAE , Francisco Galindo . ", La crisis afectó más a los pequeños espectáculos que a los espectáculos grandes . 
106,7,La marca de pasiva refleja de el original debe eliminar se porque el Sujeto agente de la oración es la SGAE . ,
107,0,"HUMAN RIGHTS ACUSA A LA UE DE TRATAR CON ""GUANTES DE SEDA"" A GOBIERNOS REPRESIVOS."," Según la organización Human Rights, Europa trata bien a los Gobiernos que no respetan los derechos humanos."
107,1,"MADRID, 24 (SERVIMEDIA) Human Rights Watch acusó  a ""demasiados gobiernos"", entre ellos ""los Estados miembro de la Unión Europea"", de aceptar las ""excusas de gobiernos represivos"" y sustituir la presión para promover el respeto a los derechos humanos con ""métodos más suaves"" como el ""diálogo"" y la ""cooperación"". ", Esta organización acusa a Europa de tratar bien a Gobiernos de países que no respetan los derechos humanos.
107,2,"En su Informe Mundial 2011, de 649 páginas y que resume las principales cuestiones de derechos humanos en más de 90 países y territorios, la organización recrimina a estos gobiernos por no manifestarse ""con firmeza contra los líderes abusivos"" y de tratarles ""con guantes de seda""."," Según la organización, Europa debe mostrarse en contra de los Gobiernos que no respetan los derechos humanos."
107,3,"El director ejecutivo de la citada organización internacional, Kenneth Roth, afirma que ""el apoyo ritual al diálogo y la cooperación con los gobiernos represivos es, con demasiada frecuencia, una excusa para no hacer nada acerca de los derechos humanos"", al tiempo que señala que ""los diálogos constructivos de la UE se encuentran entre los ejemplos más notorios de esta tendencia global""."," La organización también dice que Europa sólo apoya el diálogo y la colaboración con estos Gobiernos. Por eso, la organización acusa a Europa de no luchar por los derechos humanos."
108,0,EL SUPREMO INVESTIGA LAS CUENTAS DE GARZÓN EN EL EXTRANJERO., El Tribunal Supremo investiga las cuentas de Garzón en los bancos extranjeros.
108,1,"El Tribunal Supremo ha solicitado al Banco de España y a la oficina de Citibank en Nueva York los detalles y movimientos de todas las cuentas que el juez Baltasar Garzón tenga en el extranjero, una diligencia acordada en el marco de la investigación abierta para determinar si el juez incurrió en delitos de cohecho y prevaricación por las subvenciones de los cursos que impartió en la Universidad de Nueva York. "," El Tribunal Supremo investiga si el juez Baltasar Garzón cometió un delito. Garzón dio unos cursos en la Universidad de Nueva York y recibió mucho dinero. El Tribunal Supremo cree que Garzón mintió sobre el dinero que recibió por los cursos. Por eso, el Supremo pidió a los bancos de España y Nueva York información sobre las cuentas de Garzón."
108,2,"El instructor de la causa, Manuel Marchena, ha pedido al Banco de España que le comunique los números de las cuentas corrientes que Garzón pueda tener en el extranjero, según consta en el auto hecho público este jueves por el Alto Tribunal.", El Supremo pidió al Banco de España información sobre las cuentas que Garzón tiene en bancos extranjeros.
108,3,El magistrado ha cursado de forma complementaria una comisión rogatoria a las autoridades judiciales de Estados Unidos para que recaben de la entidad Citibank los detalles de todos los movimientos contables de la cuenta que Garzón tenía en ese banco., Luego pidió al banco de Nueva York información sobre la cuenta que Garzón tenía en ese banco.
109,0,"GANADEROS DE TOROS DE LIDIA CONFÍAN EN QUE LAS TELEVISIONES AUTONÓMICAS NO SIGAN EL ""MAL EJEMPLO"" DE RTVE.", RTVE no emitirá más corridas de toros. 
109,1,"Juan Pablo Jiménez, ganadero de la Unión de Criadores de Toros de Lidia, ha expresado su confianza en que no cunda en otras televisiones públicas ""el mal ejemplo de RTVE"", que ha decidido no retransmitir más corridas de toros por considerar que son contenidos ""violentos"" emitidos en horario infantil. ", RTVE decidió no emitir más corridas de toros en horario infantil. RTVE considera que las corridas de todos no son adecuadas para los niños. Los ganaderos de toros esperan que otras televisiones no hagan lo mismo.
109,2,"La televisión pública estatal ha incluido en su Manual de Estilo las corridas de toros dentro de la sección de ""violencia con animales"" y ha justificado la no retransmisión de estos contenidos por preservar el horario infantil, que es cuando tienen lugar los espectáculos taurinos."," RTVE considera que las corridas de toros no son adecuadas para los niños porque transmiten violencia hacia los animales. Las corridas de toros están dentro del horario infantil, por eso RTVE no las emite."
109,3,"Según declaró Jiménez a Servimedia, la decisión de RTVE es un ""planteamiento erróneo"" que afectará ""bastante"" al mundo del toro, ya que necesita de los medios para subsistir.", Los ganaderos dijeron que esto afectará mucho a las corridas de toros.
109,4,"Pero la televisión pública estatal no tiene ""sensibilidad"" para dar cobertura ""al segundo espectáculo de masas de este país"", prosiguió el ganadero, que no teme, no obstante, que las televisiones públicas autonómicas sigan este ""mal ejemplo"", debido al amplio seguimiento que tiene en ellas, según dijo, la Fiesta Nacional."," Los ganaderos también dijeron que las corridas de toros son el segundo espectáculo más importante de España. Por eso, los ganaderos no entienden porqué RTVE no quiere emitir las corridas de toros."
110,0,""" El tiempo entre costuras "" , el libro más vendido en 2010 , y "" Los pilares de la Tierra "" , el más leído "," "" El tiempo entre costuras "" , el libro más vendido en 2010 , y "" Los pilares de la Tierra "" , el más leído "
110,1,""" El tiempo entre costuras "" , el libro más vendido en 2010 , y "" Los pilares de la Tierra "" , el más leído "," "" Los pilares de la tierra "" fue el libro más leído en 2010 .  "" El tiempo entre costuras "" fue el libro más vendido en 2010 . "
110,2,""" El tiempo entre costuras "" , de María Dueñas , fue el libro más vendido en España en 2010 , seguido de "" La caída de los gigantes "" , de Ken Follet , y de "" Di me quién soy "" , de Julia Navarro , según el "" Barómetro de Hábitos de Lectura y Compra de Libros 2010 "" , hecho público hoy por la Federación de Gremios de Editores . "," El tercer libro más vendido fue "" Di me quién soy "" , de Julia Navarro .  María Dueñas es la autora de "" El tiempo entre costuras "" .  El segundo libro más vendido fue "" La caída de los gigantes "" , de Ken Follet .  Este libro fue el libro más vendido en España en 2010 . "
110,3,"Tras la última novela de Julia Navarro , los títulos que más compraron los españoles fueron "" El asedio "" , de Arturo Pérez-Reverte ; "" Sé lo que estás pensando "" , de John Verdon ; "" El secreto "" , de Rhonda Byrne , y "" No consigo adelgazar "" , de Pierre Dukan . ",
110,4,""" Los pilares de la tierra "" , de Ken Follet , fue la obra más leída el año pasado , por delante de dos entregas de la trilogía de Stieg Larsson ( "" Los hombres que no amaban a las mujeres "" y "" La reina en el palacio de las corrientes de aire "" ) . "," El libro más leído de 2010 fue "" Los pilares de la tierra "" , de Ken Follet . "
110,5,"A continuación aparecen "" La catedral de el mar "" , de Ildefonso Falcones , y "" La chica que soñaba con una cerilla y un bidón de gasolina "" , de Larsson . ",
111,0,EL SUPREMO ORDENA QUE EL CASTELLANO SEA LENGUA VEHICULAR EN LAS ESCUELAS DE CATALUÑA.,
111,1,El Tribunal Supremo ha establecido en tres sentencias que el castellano debe utilizarse al mismo nivel que el catalán como lengua vehicular en las escuelas de Cataluña y ha ordenado a la Generalitat adoptar cuantas medidas sean necesarias para adaptar su sistema de enseñanza a la sentencia del Tribunal Constitucional sobre el Estatut. , El Tribunal Supremo ordena que el castellano también sea una lengua oficial en las escuelas de Cataluña.
111,2,"Que la lengua castellana sea reintroducida como lengua vehicular de forma proporcional y equitativa en relación al catalán en todos los cursos del ciclo de enseñanza obligatoria, ordenan las resoluciones del Alto Tribunal.", El Tribunal supremo ordenó que el castellano se utilice igual que el catalán en las escuelas de Cataluña.
111,3,El fallo de las sentencias dictadas por la Sección Cuarta de la Sala de lo Contencioso-Administrativo del Tribunal Supremo proclama el derecho de los padres de alumnos a que el castellano se utilice como lengua vehicular en el sistema educativo de Cataluña.," El Supremo explicó que los padres de los alumnos de Cataluña tienen derecho a que el castellano sea lengua oficial. Por esta razón, sus hijos podrán estudiar en castellano."
111,4,Esta decisión sienta jurisprudencia.,
111,5,"La sentencia del Constitucional, dictada el pasado mes de junio y que resolvió los recursos presentados por el PP contra el Estatuto de Cataluña, estableció que el catalán no es lengua preferente con respecto al castellano."," Con la orden del Tribunal Supremo, el castellano y el catalán serán igual de importantes en Cataluña."
111,6,Las tres resoluciones del Supremo aplican este principio al sistema educativo catalán.,
112,0,GOBIERNO Y ASOCIACIONES DE PERSONAS CON DISCAPACIDAD ANALIZAN MEDIDAS PARA REACTIVAR EL EMPLEO DE ESTE COLECTIVO., El Gobierno y algunas asociaciones de personas con discapacidad analizan medidas para aumentar el empleo de las personas con discapacidad.
112,1,"Una delegación del Comité Español de Representantes de Personas con Discapacidad se entrevistó con María Luz Rodríguez, secretaria de Estado de Empleo del Ministerio de Trabajo e Inmigración, para abordar conjuntamente la situación laboral de los ciudadanos con discapacidad y plantear medidas de reactivación que favorezcan su acceso al mercado de trabajo. ", Algunas asociaciones de personas con discapacidad hicieron una reunión con la Ministra de Trabajo. Estas asociaciones y el Gobierno quieren regular la situación laboral de las personas con discapacidad. Las asociaciones también quieren aumentar el empleo de las personas con discapacidad.
112,2,"Según informó el Comité, en la reunión se examinaron los últimos datos conocidos sobre inclusión laboral de españoles con discapacidad, ""que indican como gran problema las altísimas tasas de inactividad de este grupo social, ya que superan en casi 40 puntos a las de las personas sin discapacidad""."," En la reunión, la Ministra y las asociaciones analizaron los datos sobre empleo de personas con discapacidad. En la reunión analizaron que las personas con discapacidad tienen poco trabajo."
112,3,"A pesar de esta cuestión estructural, añade el comité, se comprueba un incremento sostenido de la contratación de trabajadores con discapacidad en los últimos años y meses."," Sin embargo, en la reunión también observaron que el empleo de las personas con discapacidad aumentó en los últimos años."
112,4,"Ante esta situación, el Comité planteó a Rodríguez la necesidad de que se refuerce la promoción de la inclusión laboral de la discapacidad en la reordenación de las políticas de empleo que acometerá el Gobierno en las próximas semanas.", Las asociaciones pidieron a la ministra que el Gobierno cree políticas para regular el empleo de las personas con discapacidad.
113,0,"González-Sinde atribuye a el berlanga el mérito de "" reinventar "" el cine español tras la Guerra Civil "," González-Sinde atribuye a el berlanga el mérito de "" reinventar "" el cine español tras la Guerra Civil "
113,1,"González-Sinde atribuye a el berlanga el mérito de "" reinventar "" el cine español tras la Guerra Civil "," Ángeles González-Sinde , Ministra de Cultura , ha dicho que Berlanga reinventó el cine español tras la Guerra Civil . "
113,2,"La ministra de Cultura , Ángeles González-Sinde , lamentó la pérdida de el director y guionista Luis García Berlanga , a el que calificó como "" uno de los creadores más importantes en la historia de nuestro país "" . ", La ministra dijo que Berlanga ha sido uno de los directores más importantes de España .  La ministra de Cultura lamentó la muerte de el director de cine .  Muere el director de cine Luis García Berlanga . 
113,3,"Le atribuyó el mérito de ser quien "" reiventó "" el cine español tras la Guerra Civil y de lograr una manera de hacer un cine "" original , propio y de alta calidad "" . ", La Ministra dijo que el cine de Berlanga es un cine original y de gran calidad .  La Ministra dijo que Berlanga ha creado un tipo de cine propio . 
113,4,"González-Sinde recordó los inicios de el director nacido en Valencia en 1921 y quien en los años 50 inició su carrera junto a Juan Antonio Bardem "" dando unos pasos que dan un gran impulso a el cine español "" . ",
113,5,"Indicó que , mientras en los años 20 y 30 el país tenía una industria cinematográfica importante , esa industria cayó en calidad y contenidos con la Guerra Civil . ",
113,6,"La titular de Cultura destacó , además , que son pocos los que en la historia de el arte pueden contar con que su apellido se convierta en un adjetivo que describe un género en sí mismo , y señaló que es así con Berlanga y las situaciones "" berlanguianas "" . ",
114,0,IRÁN AHORCA A LA EX MUJER DE UN CONOCIDO FUTBOLISTA., Irán mata a la esposa de un conocido jugador de fútbol.
114,1,"Las autoridades iraníes ahorcaron a Shahla Jahed, esposa ""temporal"" de un ex delantero de la selección nacional de fútbol de este país, Nasser Mohammad Khani, tras ser condenada a muerte por el asesinato de la mujer ""permanente"" de este conocido deportista de Irán. ", Sahla Jahed era la esposa temporal de un conocido jugador de futbol. El Gobierno de Irán condenó a Sahla Jahed a morir porque mató a la esposa permanente del jugador de fútbol.
114,2,"El abogado de Jahed, Abdolsamad Khoramshahi, comunicó a la agencia estatal Irna que, ""después de ocho años, Shahla Jahed fue ahorcada en la prisión de Evin"".",
114,3,"Este caso llegó a la organización de defensa de los derechos humanos Amnistía Internacional, que pidió la detención inmediata de la ""ejecución inminente"" de Jahed, ya que el abogado había sido informado de que su clienta sería ejecutada al amanecer, tal y como finalmente ocurrió."," El abogado de Sahla Jahed pidió a Amnistía Internacional que hablara con el Gobierno de Irán para que no mataran a la mujer. Amnistía Internacional es una organización que lucha por los derechos humanos. Sin embargo, el Gobierno de Irán mató a Sahla Jahed a morir."
114,4,"Shahla Jahed, que había contraído un matrimonio temporal con Nasser Mohammad Khani, fue declarada culpable de matar a puñaladas a la esposa permanente de su marido.",
115,0,"EL TERRORISMO, COMO PREOCUPACIÓN, EN EL NIVEL MÁS BAJO DESDE 2004 ENTRE LOS VASCOS."," Desde hace unos años, el terrorismo preocupa menos a los vascos."
115,1,"El terrorismo, como motivo de preocupación entre los vascos, ha alcanzado su cota más baja desde 2004, según se desprende de la tercera oleada del Sociómetro Vasco, cuyo contenido fue hecho público este miércoles. "," Un estudio dice que desde hace unos años, el terrorismo preocupa menos a los vascos."
115,2,"La encuesta, elaborada a instancias del Gobierno vasco, refleja que, como ""grandes problemas"" sociales, remiten los relacionados con el ""mercado de trabajo"", hasta 6 puntos; el terrorismo, 12 puntos; y la ""situación política"", 8 puntos."," El Gobierno Vasco hizo un estudio para saber qué asuntos preocupan a los vascos. Los asuntos que más preocupan a los vascos son el trabajo, la economía, el terrorismo y la política."
115,3,"Entre los problemas sociales más destacados siguen en primer lugar los ligados al mercado del trabajo (70%), los problemas económicos (27%) y la vivienda (21%)."," En primer lugar, el asunto que más preocupa a los vascos es el trabajo. El segundo asunto es la economía. El tercer asunto es la vivienda."
115,4,"Sin embargo, el terrorismo, que aparece en cuarto lugar (19%), registra la cota más baja de toda la serie desde 2004, experimentando una caída de 12 puntos respecto del Sociómetro de mayo."," Según el estudio, ahora el terrorismo es el cuarto asunto que más preocupa."
115,5,"En quinto lugar (17%) se cita ""la situación política del País Vasco"", con un descenso de 8 puntos, también la cota más baja de toda la serie desde 2004.", El quinto asunto que más preocupa a los vascos es la política.
116,0,GREENPEACE ESPAÑA DEDICARÁ EL AÑO DE LOS BOSQUES A LOS PROBLEMAS DEL EUCALIPTO., Greenpeace dedicará el año de los bosques a los problemas del eucalipto.
116,1,"Greenpeace España trabajará en 2011, Año Internacional de los Bosques, para que el sector del eucalipto ""deje de ser una fuente de conflictos ambientales"" en el país. ", El 2011 es el año de los bosques. Greenpeace dedicará el año de los bosques a los problemas del eucalipto. En España hay problemas ambientales debido a que se cortan muchos eucaliptos.
116,2,"Tras los ""diversos problemas"" provocados en los últimos años por las empresas forestales vinculadas a la producción de madera de eucalipto, la ONG considera ""constatado"" que el modelo de gestión de estas plantaciones ""sigue siendo un problema para la conservación de la fauna y la flora, para la conservación del recurso suelo, para los espacios protegidos y para la correcta ordenación del territorio""."," Las empresas que cortan los eucaliptos para obtener madera causan los problemas ambientales. Estos problemas ambientales afectan a las plantas, a los animales y a la tierra de la zona de los eucaliptos."
116,3,"Además de conseguir que ""se den soluciones a los problemas del sector del eucalipto"", Greenpeace pide que las masas forestales españolas ""sean gestionadas para que sigan suministrando bienes y servicios a la sociedad"".", Greenpeace pide soluciones para estos problemas. Greenpeace también pide gestionar bien la actividad de cortar árboles.
116,4,"Según advierten los ecologistas, ""una gran parte de esta superficie está abandonada"", por lo que ""sería importante aumentar el número de hectáreas con planes de gestión""."," Según Greenpeace, gran parte de la zona de eucaliptos está abandonada."
116,5,"A nivel internacional, Greenpeace espera que en 2011 se ponga coto a ""la deforestación salvaje"" que están sufriendo las selvas de Indonesia y de la Amazonia.",
117,0,"GONZÁLEZ-SINDE: ""LAS CORRIDAS SON CULTURA , TIENEN VIGENCIA Y, COMO AFICIONADA, NO COMPARTO SU ABOLICIÓN""."," La ministra de Cultura dice que las corridas de toros son cultura. Como aficionada, no quiere que se prohíban."
117,1,"La ministra de Cultura, Ángeles González-Sinde, manifestó que respeta la abolición de los toros decidida por el Parlamento de Cataluña, ""pero como aficionada, no la comparto"", porque opina que las corridas son cultura y ""tienen muchísimo sentido y vigencia en pleno 2010"". "," El Gobierno de Cataluña prohibió los toros en Cataluña. La ministra de Cultura respeta la decisión del Gobierno de Cataluña. Sin embargo, la ministra dijo que las corridas de toros son cultura. Como aficionada a los toros, la ministra no entiende que Cataluña los prohíba."
117,2,"En declaraciones a la Ser, que recoge Servimedia, Sinde señaló que ""desde luego que los toros son cultura"".",
117,3,"""Son una expresión y una representación de la vida, un ritual que nos enfrenta a dilemas de la existencia muy profundos"".", La ministra afirmó que los toros son una representación de la vida.
117,4,"""Para mí tienen muchísimo sentido y vigencia en pleno 2010"", afirmó."," Por eso, la ministra piensa que los toros tienen mucho sentido actualmente."
117,5,"""Vivimos en democracia y respeto completamente lo que los representantes de los votantes han decidido, pero como aficionada no la comparto, no hubiera sido mi deseo""."," La ministra también dijo que España es un país democrático y por eso respetaba la decisión de Cataluña sobre los toros. Por eso, la ministra respeta la decisión como política, pero no quiere que se prohíban los toros como aficionada."
117,6,"Sobre la intención del PP de proponer que el espectáculo taurino sea declarado bien de interés cultural, la ministra no quiere aventurar su posición. "," El PP propuso que los toros se declaren Bien de interés cultural. Sin embargo, la ministra de Cultura no quiere opinar sobre la propuesta del PP."
117,7,"""Eso será algo que se deba estudiar, son asuntos muy complejos y sería frívolo por mi parte opinar aquí"", comentó."," Sobre esto, la ministra dijo que la propuesta del PP se debe estudiar. La ministra cree que declarar los toros Bien de interés cultural es un asunto muy complejo."
118,0,LA MAYORÍA DE LOS IRAQUÍES REPATRIADOS QUIEREN VOLVER A EXILIARSE., Muchos iraquíes que volvieron a Irak quieren marcharse de allí otra vez.
118,1,"La mayoría de los iraquíes que han regresado a Bagdad de los países vecinos a Iraq están insatisfechos y desean exiliarse nuevamente debido a las penurias económicas, la inseguridad y la falta de empleo y de servicios públicos básicos. "," Después de unos años, muchos iraquíes volvieron a Irak. Ahora estos iraquíes quieren marcharse otra vez porque en Irak no hay seguridad ni trabajo."
118,2,"Así se desprende de una encuesta realizada por la Agencia de la ONU para los Refugiados a 2.353 ciudadanos iraquíes que regresaron a los distritos de Refasa y Karkh, en Bagdad, entre 2007 y 2008, y que fueron entrevistados por teléfono y en persona entre abril y septiembre de este año.", La ONU hizo una encuesta a los iraquíes que volvieron a Irak después de la guerra.
118,3,"La portavoz de Acnur, Melissa Fleming, que presentó los resultados de este estudio en Ginebra (Suiza), afirmó que un 34% de los repatriados iraquíes no estaban seguros si se quedarían definitivamente en Iraq y solicitarían asilo nuevamente a otros países si sus condiciones no mejoraban."," Según la encuesta, mitad de los iraquíes querían marcharse otra vez de Irak."
118,4,"""Durante el transcurso de las entrevistas, los repatriados mencionaron numerosos casos de explosiones, hostigamiento, operaciones militares y secuestros en el área donde regresaron"", añadió.",
119,0,LA CAPA DE HIELO DEL ÁRTICO ALCANZA LOS MENORES NIVELES DE SU HISTORIA., La capa de hielo del Ártico es más pequeña que nunca.
119,1,"La capa de hielo del Ártico alcanzó los niveles más reducidos de su historia en diciembre de 2010, año que, además, igualó el récord mundial de los años más calientes. ", En 2010 la capa de hielo del Ártico tenía el tamaño más pequeño de su historia. 2010 fue el año con temperaturas más calientes de la historia.
119,2,"Según informó la Organización Meteorológica Mundial, la cubierta de hielo del Ártico cerró 2010 con una extensión media de 12 millones de kilómetros cuadrados, 1,35 millones de kilómetros cuadrados menos que el promedio para ese mes en el periodo 1979-2000."," Según una organización que estudia la temperatura del mundo, la capa de hielo del Ártico disminuyó mucho en los últimos años."
119,3,"En septiembre, la superficie congelada llegaba también a su punto más bajo desde que existen registros.",
119,4,"Por otra parte, la organización alertó este jueves de que la temperatura media mundial del año igualó a las de los años 1998 y 2005, los más cálidos jamás registrados.",
119,5,"En concreto, el año pasado cerró con una temperatura media 0,53 grados centígrados por encima de los periodos de referencia (1961-1990), dato que, para este organismo, ""confirma la tendencia hacia un calentamiento global"".",
120,0,Inaugurada la primera biblioteca municipal en madrid que presta libros electrónicos , Inaugurada la primera biblioteca municipal en madrid que presta libros electrónicos 
120,1,Inaugurada la primera biblioteca municipal en madrid que presta libros electrónicos , El alcalde de Madrid inaugura la primera biblioteca que presta libros electrónicos . 
120,2,Madrid cuenta con una nueva biblioteca a la que se han incorporado todas las ventajas de las nuevas tecnologías . , Madrid tiene una nueva biblioteca con nuevas tecnologías . 
120,3,"Además de contar con "" wi-fi "" gratuito , accesos a Internet y una amplia oferta de títulos en soporte multimedia , es la primera biblioteca municipal con servicio de préstamo de contenidos para libros electrónicos . ", Esta biblioteca tiene internet y muchos libros electrónicos .  Es la primera biblioteca de Madrid que presta libros electrónicos . 
120,4,"El alcalde de Madrid , Alberto Ruiz-Gallardón , inauguró hoy esta nueva biblioteca , ubicada dentro de el Centro Cultural Eduardo Úrculo y dedicada a la filósofa María Zambrano , que dará servicio a los residentes de seis barrios de el distrito de Tetuán . ", La nueva biblioteca está en el barrio de Tetuán . 
120,5,"Se trata de la primera biblioteca de la red municipal que pone en marcha el servicio de libros electrónicos o e-books , que se ampliará progresivamente a el resto de las bibliotecas municipales , según informó el Consistorio . ", El servicio de libros electrónicos llegará a el resto de bibliotecas de Madrid poco a poco . 
120,6,Estos dispositivos contarán con tarjetas de memoria que contendrán mil títulos y que se prestarán durante períodos de un mes . , Estas tarjetas se prestarán durante un mes .  En la nueva biblioteca se prestarán tarjetas con mil libros electrónicos . 
121,0,LA AGENCIA PARA LOS REFUGIADOS DE NACIONES UNIDAS DENUNCIA QUE LA UE NO PROTEGE A LOS SOLICITANTES DE ASILO., La ONU dice que Europa no protege a los refugiados ni a los emigrantes.
121,1,La Agencia de la ONU para los Refugiados mantiene que las medidas tomadas por la UE para contener el flujo de inmigrantes en el mar Mediterréaneo niegan la protección a los solicitantes de asilo. , La ONU afirma que las medidas de Europa para regular el movimiento de personas no protegen a los emigrantes.
121,2,"La Agencia explicó que Europa es un destino para los migrantes y los solicitantes de asilo, que tienen diferentes objetivos y necesidades.", La ONU explicó que muchos refugiados y emigrantes del mundo van a Europa por distintas razones.
121,3,"Así, los inmigrantes buscan oportunidades económicas y los que piden asilo huyen de la persecución o la violencia en sus países.", Los emigrantes buscan trabajo. Los refugiados buscan protección porque en sus países hay guerra.
121,4,Esta agencia de la ONU instó a los Estados miembro de la UE y a la agencia europea de fronteras exteriores a prestar más atención a los solicitantes de asilo., La ONU pide a los países de Europa que protejan a los refugiados que vayan a Europa.
121,5,"El portavoz de la Agencia, Andrej Mahecic, apuntó que las dificultades para estas personas que buscan protección en Europa se reflejan en los datos relativos a las llegadas por mar a Italia, Grecia, Chipre y Malta, que han visto reducidas las llegadas en casi un 73% en los dos últimos años debido a los controles fronterizos más estrictos, que incluyen la repatriación forzosa de quienes sean interceptados en el mar."," Según la ONU, los emigrantes no pueden llegar por mar a europa porque los controles son muy duros. Si se descubren a los emigrantes entrando por mar, Europa los devuelve a sus países otra vez."
122,0,"ESPAÑA GASTÓ 787,9 MILLONES DE EUROS EN MISIONES MILITARES EN 2010.", España gastó casi mil millones de euros en misiones militares en 2010.
122,1,"La ministra de Defensa, Carme Chacón, anunció que las misiones en el exterior en 2010 han costado 787,9 millones de euros, lo que supone un aumento respecto a 2009, año en el que el montante total fue de 713,5 millones de euros. ", La Ministra de Defensa dijo que España gastó casi mil millones de euros en misiones militares en 2010.
122,2,La misión de Afganistán es la que mayor coste acarrea ya que aglutina casi el 60% del total., España gastó casi la mitad del dinero en la misión de Afganistán.
122,3,"La participación española en ISAF, la misión de la OTAN en este país asiático, se elevó en 2010 a 464 millones, frente a los 30 y 21,3 millones de euros, que supusieron las misiones ya concluidas en Bosnia y Herzegovina o Haití, respectivamente.",
122,4,"En esta línea de gastos, la participación española en la misión en Líbano fueron de 173 millones de euros, mientras que la operación ""Atalanta"" contra la piratería supuso un gasto en 2010 de 82,3 millones de euros.", El resto del dinero se gastó en la misión de Líbano y en una misión para proteger la seguridad del mar.
123,0,LA CRISIS REDUCE LAS COMPRAS COMPULSIVAS., La crisis reduce las compras.
123,1,"La crisis económica que tanto daño está haciendo a España presenta, sin embargo, una cara positiva, y es que reduce las compras compulsivas y hace que se le dé más importancia ""al ser que al tener"", algo visible especialmente en épocas como la Navidad. "," España sufre mucho con la crisis económica. Sin embargo, la crisis tiene una ventaja. La crisis reduce las compras de cosas que no son necesarias. Con la crisis, las personas dan menos importancia a tener cosas, especialmente en una época como la Navidad."
123,2,"Así de convencido se mostró en declaraciones a Servimedia Alejandro Salcedo, coordinador del Instituto de Consumo de Castilla-La Mancha y psicólogo especializado en comportamientos del consumidor.", El director del Instituto de Consumo de Castilla y la Mancha es especialista en el comportamiento de los consumidores.
123,3,"En su opinión, la actual situación financiera ha hecho que reduzcan el exceso de compras los que tienen problemas económicos, pero también quienes disponen de dinero y se ""solidarizan"" con los menos afortunados, ya que gastan de forma más ""racional"".", Este director dijo que con la crisis actual las compras se redujeron.
123,4,"Aunque reconoce que ""es difícil saberlo"", Salcedo vaticina que las compras compulsivas derivadas del fácil acceso al crédito no volverán a España cuando pase la crisis, porque constituyen ""hábitos tan consolidados que no se modifican con facilidad""."," El director del Instituto de Consumo cree que las compras de cosas no aumentarán cuando España salga de la crisis. Sin embargo, no puede asegurarlo."
124,0,INMA SHARA CONSIDERA UN ERROR RECORTAR EN CULTURA EN TIEMPOS DE CRISIS., Inma Shara piensa que no se debe reducir el dinero para la cultura en tiempos de crisis.
124,1,"La directora de orquesta Inma Shara afirmó en el ""Fórum Europa. Tribuna Euskadi"" que ""hacer recortes en cultura es un error"", porque ""si queremos formar sociedades que puedan afrontar en un futuro crisis y situaciones difíciles, es ahí donde tenemos que invertir"". ", Inma Shara es una directora de orquesta. Inma Shara dijo que reducir el dinero para la cultura es un error. También dijo que la cultura prepara a la sociedad para superar las crisis y las situaciones difíciles del futuro.
124,2,"A este respecto, señaló que ""la cultura crea seres humanos, genera una preparación intransferible y forma a las personas para afrontar situaciones difíciles"".", Inma Shara afirmó que la cultura crea seres humanos. La cultura también prepara a las personas para superar situaciones difíciles.
124,3,"Durante su intervención en el citado encuentro informativo, organizado en Bilbao por Nueva Economía Fórum, Shara lamentó que en la actualidad ""asistimos a una crisis de valores"" y se reconoció como una ""persona conservadora"".", La directora opinó que hay una crisis de valores actualmente.
124,4,"Asimismo, la directora de orquesta consideró que ""la sociedad está sin referencias, donde el aspecto cuantitativo prima por encima de otros aspectos más importantes""."," Es decir, que la sociedad actual no tiene unos valores fuertes que guíen la vida. Por eso, la directora consideró que la sociedad de hoy no sabe qué son las cosas importantes."
124,5,"Inma Shara llamó igualmente a ""reflexionar y recapacitar sobre los modelos de felicidad"".", Inma Shara pidió a la sociedad que piense sobre los valores de hoy.
124,6,"""Creo más en mirar a la gente a los ojos y comprometernos, y no fomentar sociedades de individualismo.", Inma shara piensa que la sociedad necesita trabajar unida y tener compromisos.
124,7,"La música te hace evolucionar como ser humano"".", También dijo que la música hace crecer a las personas como seres humanos.
125,0,LA AYUDA HUMANITARIA MUNDIAL DISMINUYE UN 11%., La ayuda humanitaria disminuye en los últimos años.
125,1,"La ayuda humanitaria en el mundo revirtió en 2009 la tendencia al crecimiento de años anteriores, al descender un 11% debido a la retirada de fondos públicos de los gobiernos, mientras que las contribuciones privadas se mantuvieron. ", La ayuda humanitaria disminuyó en los últimos años porque los países tenían menos dinero.
125,2,"Así se destaca en el informe ""La acción humanitaria en 2009-2010: en ésas estábamos cuando tembló Haití"", elaborado por el Instituto de Estudios sobre Conflictos y Acción Humanitaria (Iecah) con la colaboración de Médicos Sin Fronteras, presentado el 14 de diciembre de 2010 en una rueda de prensa en Madrid.", Una organización de ayuda humanitaria hizo un informe sobre la ayuda humanitaria en el mundo. El informe explicaba que la ayuda humanitaria disminuyó en los últimos años.
125,3,El informe señala que la ayuda humanitaria pasó de los 16.900 millones de dólares (unos 12.550 millones de euros) de 2008 a los 11.000 millones de dólares (unos 8.200 millones de euros) de 2009.,
125,4,"Además, apunta que los gobiernos gastan mucho más en respuesta a emergencias que hace diez años, pero con bruscos vaivenes presupuestarios relacionados con crisis concretas y, en especial, con emergencias mediáticas."," Sin embargo, ahora los países dan más dinero que antes para asuntos urgentes."
125,5,"En el caso concreto de España, el informe destaca que la ayuda humanitaria creció un 15% respecto a 2008, al alcanzar los 465 millones de euros, gestionados en su mayor parte por el Ministerio de Asuntos Exteriores y de Cooperación.", El informe también decía que la ayuda humanitaria de España ha crecido en los últimos años.
126,0,GOBIERNO Y COMUNIDADES GARANTIZAN EL CUMPLIMIENTO DE LA LEY DE DEPENDENCIA EN 2011., El Gobierno garantiza las ayudas de la Ley de Dependencia a pesar de la crisis.
126,1,"La ministra de Sanidad, Política Social e Igualdad, Leire Pajín, y los representantes autonómicos de Servicios Sociales acordaron ""seguir adelante"" con el desarrollo de la Ley de Dependencia, a pesar del ""duro momento"" por el que atraviesa España, e incluir en el sistema, tal y como estaba previsto, a los dependientes moderados de grado 2. ", El Gobierno garantiza que las ayudas de la Ley de Dependencia se seguirán dando a pesar de la crisis.
126,2,"Así lo explicó ante los medios de comunicación la titular de Sanidad y Política Social, quien insistió en que a partir del 1 de enero de 2011 ""será una realidad"" la entrada en el sistema de los dependientes moderados.", La Ministra de Sanidad aseguró que la Ley de Dependencia será válida a partir de enero de 2011.
126,3,Pajín y los consejeros se reunieron este miércoles en el llamado Consejo Territorial de Dependencia para aprobar las cuantías que recibirán del Estado las personas dependientes el año que viene., La Ministra organizará una reunión para acordar la cantidad de dinero que recibirán las personas gracias a la Ley de Dependencia.
126,4,"En virtud del acuerdo alcanzado, las comunidades autónomas recibirán en 2011 por cada dependiente moderado 60 euros en el nivel mínimo de protección.",
127,0,LA DGT ADAPTARÁ A LA LENGUA DE SIGNOS EL MANUAL DE TRÁFICO., La Dirección General de Tráfico adaptará el libro de tráfico a la lengua de signos. 
127,1,"La Dirección General de Tráfico (DGT) se ha comprometido a facilitar el acceso al carné de conducir a la comunidad de personas sordas usuarias de lengua de signos, con medidas como la adaptación a esta lengua de los materiales necesarios para la obtención del permiso de conducir. "," La Dirección General de Tráfico quiere facilitar que las personas sordas puedan conducir.  Para eso, tiene que adaptar para los sordos los materiales que se usan para aprender a conducir.  "
127,2,"Este es uno de los acuerdos alcanzados en la reunión mantenida entre la presidenta de la Confederación Estatal de Personas Sordas (CNSE), Concha Díaz, y el director de la DGT, Pere Navarro.", El director de la Dirección General de Tráfico y la presidenta de una asociación de personas sordas firmaron un acuerdo. 
127,3,"Según informó la CNSE, entre los compromisos salidos de este encuentro figura la creación, a lo largo de 2011, de una web financiada por la DGT en la que se facilitarán los materiales formativos necesarios para la obtención del carné de conducir en lengua de signos."," Según este acuerdo, la Dirección General de Tráfico creará una página web con materiales para aprender a conducir. "
127,4,"De esta forma, indicó la confederación, las personas sordas podrán descargarse gratuitamente el manual de tráfico y el glosario técnico adaptados a su lengua."," Estos materiales estarán adaptados para personas sordas.  Así, las personas sordas podrán tener el material necesario para aprender a conducir en su lengua. "
127,5,"Una vez que las personas sordas dispongan de material adaptado para su formación, la CNSE podrá realizar un estudio que evalúe su impacto en la preparación y mayor accesibilidad al examen teórico.", La Dirección General de Tráfico también estudiará cómo adaptar el examen de conducir para las personas sordas.
128,0,JAVIER CERCAS GANA EL NACIONAL DE NARRATIVA POR SU NOVELA SOBRE EL 23-F., El escritor Javier Cercas gana el Premio Nacional de Literatura por su novela Anatomía de un instante.
128,1,"El escritor Javier Cercas obtuvo hoy, por la obra ""Anatomía de un instante"", el Premio Nacional de Literatura en la modalidad de Narrativa. ", Javier Cercas ganó el Premio Nacional de Literatura por su novela Anatomía de un instante.
128,2,"Este galardón, dotado con 20.000 euros, lo concede el Ministerio de Cultura para distinguir una obra de autor español escrita en cualquiera de las lenguas oficiales y editada en España durante 2009."," Este premio es para un autor español que escriba en español, catalán, vasco o gallego."
128,3,"Javier Cercas quería escribir una novela sobre el 23-F, pero tras reunir toda la información existente sobre ese momento decisivo de la reciente historia de España, se dio cuenta de que ninguna ficción podía hacer justicia al material que tenía entre manos."," Javier Cercas quería escribir una novela sobre el 23-F. Por eso, consiguió mucha información sobre ese día tan importante para la historia de España."
128,4,"Cercas arma su relato a partir de un instante que reúne tres gestos de Adolfo Suárez, Gutiérrez Mellado y Santiago Carrillo, que en medio de las balas disparadas por los secuestradores del congreso se resistieron a lanzarse al suelo el día del golpe de Estado."," La novela cuenta el instante en el que el militar atacó el Congreso de los Diputados. Además, la novela habla sobre tres diputados que ese día estaban en el Congreso. Cuando el militar disparó el arma, los tres diputados se quedaron de pie en el Congreso. El resto de diputados se echaron en el suelo."
129,0,LA COPA ASIÁTICA DE FÚTBOL SE SOLIDARIZA CON LA LUCHA CONTRA EL HAMBRE., El campeonato de fútbol de Asia colabora en la lucha contra el hambre.
129,1,"Tres partidos de la Copa Asiática de Fútbol, que se celebra en enero de 2011 en Qatar, estarán dedicados a la lucha contra el hambre y la pobreza, gracias a un acuerdo entre la Organización de las Naciones Unidas para la Agricultura y la Alimentación y la Confederación Asiática de Fútbol. ", El campeonato de fútbol de Asia se celebra en Qatar en enero de 2011. La ONU y la Federación de fútbol de Asia llegaron a un acuerdo. El acuerdo consistía en dedicar el dinero de los primeros partidos del campeonato a la lucha contra el hambre.
129,2,"El primer encuentro dedicado a esta iniciativa será el partido inaugural, que se celebrará hoy en Doha y enfrentará a Qatar y Uzbekistán, y los dos siguientes duelos de Qatar estarán también dedicados a la campaña del fútbol asiático contra el hambre.",
129,3,Los otros dos encuentros posteriores jugados por Qatar estarán igualmente dedicados a esta campaña del fútbol asiático contra el hambre.,
129,4,"""Los encuentros contra el hambre están siendo organizados de forma que los jugadores y los aficionados al fútbol puedan trasmitir un mensaje que utilice el poder del fútbol y para que todas las naciones, todos los líderes y toda la gente de buena voluntad unan sus esfuerzos, movilicen recursos y nos ayuden a vencer esta lucha por el derecho básico a la alimentación"", declaró Saad Aied Al-Otaibi, director general adjunto de organización de Naciones Unidas."," Este acuerdo también aprovecha el poder del fútbol para la lucha contra el hambre. Por eso, la ONU quiere que los jugadores transmitan el mensaje contra el hambre a esas personas."
130,0,HERIDO GRAVE UN MONTAÑERO AL DESPEÑARSE UNOS 20 METROS EN LA PEDRIZA., Un hombre está herido grave porque se cayó en una montaña de la Pedriza.
130,1,"Un montañero de 32 años resultó herido grave al despeñarse unos 20 metros al vacío cuando se encontraba en un lugar de escalada en La Pedriza (Madrid), al quedarse su compañero sin cuerda cuando trataba de asegurarle, según afirmaron a Servimedia fuentes de Emergencias 112. "," Un hombre estaba escalando en una montaña de la Pedriza cuando se cayó. El hombre estaba sujeto con una cuerda que agarraba su compañero. El compañero soltó la cuerda, por eso el hombre se cayó."
130,2,El accidente ocurrió poco antes de que Emergencias 112 recibiera una llamada de alerta a las 13.33 horas., El compañero llamó a Emergencias y un equipo de bomberos fue a la Pedriza para ayudar al hombre.
130,3,Los hechos ocurrieron en la placa Musgogénesis y hasta allí se desplazaron dos dotaciones de bomberos del Grupo Especial de Rescate en Altura., El compañero llamó a Emergencias y un equipo de bomberos fue a la Pedriza para ayudar al hombre.
130,4,"Cuando llegaron hasta el lugar, los bomberos encontraron al montañero herido tendido sobre una pequeña repisa inclinada, que detuvo la caída.",
130,5,"Los miembros del grupo de rescate aseguraron al escalador con cuerda en el punto en el que se hallaba, para descenderle después hasta otra repisa, donde fue inmovilizado y le administraron oxígeno.", Los bomberos bajaron al hombre herido de la montaña y lo atendieron.
130,6,"El montañero fue rescatado con la grúa del helicóptero y evacuado al aparcamiento de Canto Cochinos, tras una operación que duró cerca de una hora.", Los bomberos también recogieron al compañero y lo sacaron de la montaña en helicóptero.
131,0,LA FOCA MONJE SE RECUPERA EN EL ATLÁNTICO., La foca se recupera en el oceáno Atlántico.
131,1,"La aplicación del Plan de acción para la recuperación de la foca monje en el Atlántico oriental que firmaron España, Marruecos, Mauritania y Portugal hace una década está dando resultados ""positivos"", ya que las poblaciones de la especie de Cabo Blanco (Mauritania/Marruecos) y Madeira (Portugal) ""se hallan en claro proceso de recuperación y expansión geográfica"". ", España y otros países firmaron un acuerdo para proteger una especie de foca del Atlántico. Este acuerdo tuvo resultados positivos porque las poblaciones de foca aumentaron y se extendieron.
131,2,"Así lo anunció el Ministerio de Medio Ambiente y Medio Rural y Marino, que recuerda que la foca monje del Mediterráneo es uno de los mamíferos más amenazados de extinción del mundo, con una población inferior a los 500 ejemplares, repartidos por el mar Mediterráneo y el Atlántico oriental, en pequeñas poblaciones fragmentadas y aisladas entre sí.", El Ministerio de Medio Ambiente recordó que la foca es un animal en peligro. El Ministerio también dijo que hay muy pocas poblaciones de focas en el mundo.
131,3,"En 1998 se estimaba que sobrevivían alrededor de 120 individuos en la zona del Atlántico oriental, localizados en las costas de la península de Cabo Blanco (Mauritania/Marruecos) y en el archipiélago de Madeira.", Hace unos años sólo había una población de 100 focas cerca de las costas del Atlántico.
131,4,"En España, la foca monje está considerada en peligro de extinción. "," Ahora no hay casi focas en España. Por eso, se considera que la foca está en peligro en España."
131,5,"Actualmente su presencia es ocasional, habiendo dejado de reproducirse desde mediados del siglo pasado.",
132,0,"JOSÉ MANUEL LARA: ""EL PROBLEMA DE LA PIRATERÍA ES PREOCUPANTE Y HAY QUE PONERLE COTO"".", José Manuel Lara dice que la piratería es un gran problema. Hay que resolverlo.
132,1,"El presidente del Grupo Planeta, José Manuel Lara, aseguró en el Foro de la Nueva Cultura que el problema de la piratería en España es ""grave"" y ""preocupante"" y la sociedad ""debe tomar conciencia para ponerle coto"". ", José Manuel Lara es el presidente del Grupo Planeta. José Manuel Lara dijo que la piratería en España es un problema grave. La sociedad debe conocer el problema de la piratería y resolverlo.
132,2,"Durante la presentación de la conferencia que pronunció en el citado foro, organizado por Nueva Economía Fórum, Aldo Olcese, presidente de la Coalición de Creadores e Industria de Contenidos, José Manuel Lara señaló que el fenómeno del ""top manta"" y las descargas ilegales ""es tan preocupante que llevamos tres años entre los dos países del mundo con más piratería, con avisos de las autoridades de Consumo de Estados Unidos de que esto no pueden seguir permitiéndolo"".", José Manuel Lara también dijo que España es el segundo país con más piratería del mundo. Estados Unidos dijo que España no puede permitir la piratería.
132,3,"Para el editor y presidente del Grupo Antena 3, el problema es grave ""cuando reconocidos artistas de la música tienen ya verdaderos problemas para poder grabar un disco, y cuando artistas muy consagrados, ante la caída enorme de ingresos que han tenido por los derechos de sus grabaciones, han tenido que revivir los bolos, y el bolo vuelve a ser la gran fuente de ingresos""."," Según José Manuel Lara, la piratería hace mucho daño a los músicos porque no ganan dinero con sus discos. Muchos artistas importantes tienen problemas para hacer un disco. Por eso, estos artistas ahora sólo ganan dinero con los conciertos."
133,0,LA CRISIS EMPUJA A LA POBREZA A 64 MILLONES DE PERSONAS., Millones de personas se volverán pobres por la crisis.
133,1,"Alrededor de 64 millones de personas caerán este año en la pobreza extrema debido a la crisis económica y el desempleo, que ha aumentado en más de 30 millones de personas desde que la recesión comenzara en 2007. ", El secretario general de la ONU dijo que en 2011 millones de personas se volverán pobres. Todas estas personas se volverán pobres por la crisis económica y la falta de trabajo.
133,2,"Así lo afirmó el secretario general de la ONU, Ban Ki-moon, en un mensaje difundido con motivo del Día Internacional para la Erradicación de la Pobreza.", El secretario general de la ONU habó sobre el trabajo en el Día Inetrnacional de las personas pobres.
133,3,"Ban señaló que el Día Internacional para la Erradicación de la Pobreza se centra este año ""en el trabajo decente, el empleo digno y los medios de vida generadores de ingresos: en otras palabras, en el empleo"", ya que ""el trabajo decente y productivo es uno de los medios más eficaces para luchar contra la pobreza y promover la autosuficiencia""."," El secretario general de la ONU dijo que el trabajo es muy importante para que las personas no sean pobres. Además, el trabajo digno es una forma de mejorar la situación de las personas pobres."
133,4,"Sin embargo, lamentó que actualmente ""más de la mitad de la población activa mundial tiene empleos vulnerables, carece de acuerdos formales de trabajo y de seguridad social y a menudo no gana lo suficiente para mantener a su familia, y menos aún para mejorar sus oportunidades económicas""."," Sin embargo, la mitad de la población mundial tiene malas condiciones de trabajo y no gana suficiente dinero."
134,0,"IRSE DEL BAR SIN PAGAR, UN NUEVO EFECTO DE LA LEY ANTITABACO.", La ley contra el tabaco provoca que la gente se vaya sin pagar de los bares.
134,1,"El aumento de los clientes que se marchan del local sin pagar la consumición es uno de los efectos colaterales del endurecimiento de la ley antitabaco, a la vista de los bares y cafeterías que durante los últimos días han colocado carteles advirtiendo de que hay que pagar antes de irse."," Por eso, los dueños de los bares han puesto carteles para avisar a la gente. Así, la gente sabrá que tiene que pagar antes de salir."
134,2,"Y es que han constatado que hay listillos que, aprovechando que salen a la calle a echar un pitillo, se dan el piro sin saldar la cuenta. ", Los dueños de los bares dicen que mucha gente sale a fumar y se va sin pagar.
134,3,"Algunos propietarios de bares y restaurantes han optado por echarle imaginación y creatividad a estos carteles, para, además de informar a la clientela, no violentarla.",
134,4,"Otros no se han andado por las ramas y han ido al grano con mensajes del tipo ""Puedes fumar; pero paga"".",
134,5,"Una fuente de la Asociación Empresarial de Hostelería de la Comunidad de Madrid ""La Viña"" indicó a Servimedia que desde la entrada en vigor de la norma que impide fumar en el interior de los establecimientos, es más fácil irse sin pagar:", Una asociación de propietarios de establecimientos afirmó que con la ley antitabaco es más fácil irse de los bares sin pagar.
134,6,"el cliente sale a fumar y, sin volver a entrar para abonar la cuenta, se marcha a otro lado.",
135,0,"JOSEP MARIA CASTELLET, PREMIO NACIONAL DE LAS LETRAS ESPAÑOLAS.", Josep Maria Castellet recibe el Premio Nacional de las Letras Españolas.
135,1,"Josep Maria Castellet fue galardonado con el Premio Nacional de las Letras Españolas 2010, dotado con 40.000 euros y concedido por el Ministerio de Cultura para distinguir a un autor español cuya obra esté considerada como parte integrante del conjunto de la literatura nacional actual escrita en cualquiera de las lenguas españolas. ", El Ministerio de Cultura dio a Josep Maria Castellet el Premio Nacional de las Letras Españolas. El Premio Nacional de las Letras Españolas se da a los escritores que tienen una obra que es muy importante para la literatura española.
135,2,"Castellet (Barcelona, 1926), escritor, crítico literario y editor, estudió en la Universidad de Barcelona, donde se graduó en Derecho, según informó el Ministerio de Cultura.", Josep Maria Castellet también es crítico literario y trabajó en varias editoriales. Estudió Derecho en la Universidad de Barcelona.
135,3,Fue el primer presidente de la Associació d'Escriptors en Llengua Catalana (1978-1983) y ha sido miembro de numerosas entidades culturales. ," Además, fue el primer presidente de la Asociación de escritores en lengua catalana."
135,4,Desde 2006 es decano de la Institució de les Lletres Catalanes.," Ahora, ayuda a dirigir la Institución de las Letras Catalanas."
135,5,"Castellet ha desarrollado su trabajo editorial como director literario de Ediciones 62 y Ediciones Península, así como consejero y presidente de Grup 62, en 2002.",
135,6,"Fue el principal teórico y defensor en Cataluña del ""realismo histórico"". ", Josep Maria Castellet fue el principal defensor y experto del realismo histórico en Cataluña.
135,7,"Así, la antología ""Poesia catalana del segle XX"" (1963), coescrita con el crítico Joaquim Molas, está considerada como el ""manifiesto"" de esta tendencia.", Josep Maria Castellet escribió con otro escritor el libro Poesía catalana del siglo veinte. Este libro es el más importante del realismo histórico.
136,0,LA ESCLAVITUD AFECTA A MÁS DE 12 MILLONES DE PERSONAS EN TODO EL MUNDO., Millones de personas en el mundo sufren esclavitud.
136,1,"Más de 12 millones de personas en todo el mundo están sometidas a condiciones de esclavitud y este problema parece ir en aumento, según datos de la ONU recogidos por Servimedia con motivo del Día Internacional para la Abolición de la Esclavitud."," Según la ONU, la esclavitud aumenta en la actualidad."
136,2,"El Consejo de Derechos Humanos de la ONU afirma, en un documento aprobado por la Asamblea General de Naciones Unidas el pasado mes de octubre, que ""las formas contemporáneas de esclavitud"" constituyen ""un problema mundial que afecta a todos los continentes y a la mayor parte de los países del mundo"".", La ONU hizo un documento sobre la esclavitud en la actualidad. Este documento decía que en la actualidad la esclavitud es un problema mundial. El documento también decía que la esclavitud está en muchos países del mundo.
136,3,"Esta situación fue abordada recientemente por la relatora especial de la ONU sobre las formas contemporáneas de esclavitud, Gulnara Shahinian, quien aseguró el pasado martes que ""ningún país"" está a salvo de la ""esclavitud muchas veces invisible"" del trabajo doméstico.", El documento de la ONU explica que el trabajo dentro de las casas también puede ser una forma de esclavitud.
136,4,"Shahinian indicó que ha conocido mujeres que han vivido como sirvientas esclavas desde que nacieron y que ha ""hablado con niños que fueron entregados a familias adoptivas y que luego fueron explotados como esclavos domésticos en lugar de recibir cuidados y educación""."," En el mundo, hay muchos niños que se utilizan para trabajar como esclavos en las casas. Estos niños trabajan en las casas como esclavos, en vez de recibir cuidado y educación."
137,0,JÁUREGUI INSISTE EN QUE SE AGOTARÁ LA LEGISLATURA EN TODO CASO Y CON ZAPATERO COMO PRESIDENTE., El ministro de la Presidencia insiste en que Zapatero será presidente hasta las próximas elecciones.
137,1,"El ministro de Presidencia, Ramón Jáuregui, reiteró la intención del presidente del Gobierno, José Luis Rodríguez Zapatero, de agotar la legislatura en todo caso y de continuar en el cargo hasta la convocatoria electoral, en marzo de 2012, al margen de lo que decida hacer después. ", Zapatero no convocará elecciones antes de que acabe su gobierno. El ministro de la Presidencia dijo que Zapatero gobernará durante esos 4 años.
137,2,"En un desayuno informativo organizado por Europa Press, Jáuregui desvinculó la acción del Gobierno del resultado de las próximas elecciones autonómicas y municipales de mayo, y aseguró que sea cual sea el resultado, el Ejecutivo proseguirá con las reformas y agotará la legislatura."," El próximo mayo habrá elecciones municipales. Sin embargo, según el ministro, los resultados de las elecciones no influirán en que Zapatero acabe su gobierno."
137,3,"Aseguró, además, que la legislatura concluirá con Rodríguez Zapatero como presidente, por lo que no tiene por qué anunciar su futuro como candidato antes de final de año, cuando se inicie el proceso de decisión ante las generales."," También dijo que Zapatero será presidente hasta que acabe su gobierno de 4 años. Por eso, Zapatero no tiene que decir todavía quién será el próximo candidato para la presidencia del Gobierno."
137,4,"Hasta marzo de 2012, insistió, el Gobierno seguirá impulsando unas reformas que juzga imprescindibles para superar la crisis, un objetivo que pasa también por consolidar las cuentas públicas, incluidas las autonómicas.", Zapatero gobernará y hará reformas contra la crisis hasta que acabe su gobierno.
138,0,LA INMENSA MAYORÍA DE LOS ESPAÑOLES PREFIERE ADOPTAR UNA MASCOTA A COMPRARLA., La mayoría de los españoles prefiere adoptar un animal a comprarlo.
138,1,"El 90% de los españoles prefiere adoptar un perro o gato antes que comprar el animal, en tanto que el 10 por ciento restante optaría por pagar porque prefiere un animal de raza, según un sondeo elaborado por eBay Anuncios sobre la percepción de los españoles ante las adopciones de mascotas. ", La mayoría de los españoles prefiere adoptar un perro o un gato a comprarlo. El resto de los españoles prefiere comprar el animal. Así están seguros de que el animal es de buena raza.
138,2,"Estos datos fueron dados a conocer coincidiendo con la campaña ""No sin mi mascota"", impulsada por la Federación de Asociaciones de Protección Animal de la Comunidad de Madrid y eBay Anuncios y con este motivo se celebró en Madrid un acto en el que participaron más de 20 perros en adopción.", La Federación de Asociaciones de Protección animal de Madrid hizo una encuesta para saber qué preferían los españoles.
138,3,"Los cantautores Tontxu e Inma Serrano, los actores Daniel Freire, Alberto Vázquez y María Morales, y las chicas del programa de Cuatro ""Tonterías las Justas"", Anna Simón y Romina Belluscio, se han sumado a la campaña.",
138,4,"El sondeo señala que, entre las razones que impulsan a adoptar una mascota, el 65 por ciento de los españoles consideran que se trata de un gesto altruista, son animales sin hogar y poderle proporcionar uno es una muy buena razón para dar ese paso."," Los españoles opinaron que muchos animales no tienen hogar. También piensan que adoptar un animal es bueno. Si adoptan un animal, ese animal podrá tener un hogar. La Federación presentó los resultados de la encuesta en un acto donde se podían adoptar perros."
139,0,"LA 2 SE ESTRENA HOY COMO ""CANAL DE LA CULTURA Y PARTICIPACIÓN CIUDADANA""."," A partir de hoy, La 2 será una cadena de cultura y participación ciudadana."
139,1,"La 2 inicia una nueva etapa, convirtiéndose en ""el canal de la cultura y la participación ciudadana"" de TVE, según explicó en la presentación de la nueva programación el director de la cadena, Santiago González. "," Según el director de Televisión Española, La 2 se convierte en el canal de la cultura y la participación ciudadana."
139,2,"El cambio se produce después de que los responsables de RTVE decidieran cancelar el proyecto de Canal Cultura, que hasta ahora sólo se veía por satélite, subsumiendo sus contenidos en La 2.", El director de Televisión Española quitó el Canal Cultura de la programación. Canal cultura tenía contenidos culturales que ahora pasarán a La 2.
139,3,"Con la conversión de la ""segunda cadena"", TVE completa su nueva oferta de canales: La 1 (canal generalista), La 2 (canal cultural y de participación ciudadana), 24 Horas (canal todo noticias), Teledeporte (temático de deportes) y Clan TVE (infantil)."," Con este cambio en la programación de La 2, Televisión Española tendrá una programación más completa en sus cadenas."
139,4,"La 2 apostará por lo social y la participación ciudadana hasta la franja de sobremesa, mientras la tarde-noche estará dedicada a contenidos culturales.", La 2 pondrá programas de tema social y participación ciudadana hasta la hora de comer. Durante la tarde y la noche pondrá programas culturales.
139,5,"Por las mañanas, se verán espacios como ""La aventura del saber"", ""Agrosfera"" y Aquí hay trabajo""."," Por las mañanas, La 2 pondrá programas sobre naturaleza y cultura."
140,0,LA FAO ESTRENA EL AÑO VETERINARIO MUNDIAL 2011., La ONU celebra el año mundial de la veterinaria en 2011.
140,1,"MADRID, 24 (SERVIMEDIA) La Organización de las Naciones Unidas para la Agricultura y la Alimentación  ha dado el pistoletazo de salida al Año Veterinario Mundial, que se celebra en 2011 en conmemoración del 250º aniversario del nacimiento de la profesión y la ciencia veterinaria. ", La ONU celebra que la veterinaria nació hace más de dos siglos.
140,2,"En 1761, el entonces rey de Francia, Luis XV, preocupado por una enfermedad que afectaba al ganado, creó en la ciudad de Lyon la primera escuela veterinaria del mundo."," La veterinaria nació gracias a un rey francés. Este rey francés estaba preocupado por una enfermedad del ganado. Para curar esta enfermedad, el rey francés creó la primera escuela de veterinaria del mundo."
140,3,"Este año marca también el 300º aniversario de la elaboración de medidas de lucha contra la peste bovina por parte de Bernardino Ramazzini y Giovanni Maria Lancisi, médicos personales de los papas Inocencio XI, Clemente XI e Inocencio XII.",
140,4,"El eslogan adoptado para esta celebración es ""Veterinario para la salud, la alimentación y el planeta"", que evoca el papel predominante que los veterinarios desarrollan para la salvaguarda de la salud humana y animal, la mejora de la seguridad alimentaria y la defensa del medio ambiente.", La ONU también recuerda la importancia de la veterinaria para la salud de las personas y de los animales.
140,5,"La FAO es, junto a la UE, uno de los principales socios institucionales de las manifestaciones que conlleva esta conmemoración.",
141,0,LA COMUNIDAD DE MADRID ENTREGA 1.079 PISOS PROTEGIDOS EN CINCO MUNICIPIOS DE LA REGIÓN., La Comunidad de Madrid entrega más de mil pisos en la región.
141,1,"La presidenta de la Comunidad de Madrid, Esperanza Aguirre, entregó un total de 1.079 viviendas protegidas ubicadas en Madrid capital (126), Móstoles (222), Parla (240), Torrejón de Ardoz (114) y Arroyomolinos (377), en la mayor adjudicación de pisos con protección pública llevada a cabo hasta ahora en la región. ", La Presidenta de la Comunidad de Madrid entregó más de mil pisos en distintos lugares de la región de Madrid.
141,2,"Según informó el Ejecutivo autonómico, de estas 1.079 viviendas, un total de 800 pertenecen al Plan Joven de alquiler con opción de compra, otras 29 son en régimen de arrendamiento con opción a compra para madrileños de cualquier edad y las restantes 250 se adjudican en régimen de alquiler.", La mayoría de los pisos serán para personas jóvenes. Estos jóvenes podrán comprar el piso a un precio más bajo que el precio de un piso normal.
141,3,"Dos terceras partes de las viviendas entregadas hoy (743) han sido promovidas por el Instituto de la Vivienda de Madrid (Ivima), y 36 de ellas están adaptadas para ciudadanos con movilidad reducida.",
141,4,"Aguirre señaló que en la Comunidad de Madrid, en lo que va de año, ""se ha finalizado la construcción de más de 12.000 viviendas con alguna protección"" y desde 2003 se han iniciado en la región más de 130.000 pisos protegidos para todos los madrileños.", La presidenta señaló que este año la Comunidad de Madrid construyó miles de pisos. Estos pisos serán para muchas personas que viven en Madrid y no pueden comprar una casa.
142,0,LA MINISTRA PAJÍN SE COMPROMETE A INCENTIVAR EL EMPLEO DE LAS PERSONAS CON DISCAPACIDAD., La Ministra de Asuntos Sociales promete aumentar el empleo de las personas con discapacidad.
142,1,"La ministra de Sanidad, Política Social e Igualdad, Leire Pajín, se comprometió en el Senado a incentivar el empleo de personas con discapacidad en empresas ordinarias, que, según recordó, aumentó un 19% en 2010, cuando se crearon más de 45.000 puestos de trabajo para ciudadanos con problemas físicos, psíquicos o sensoriales. ", La Ministra de Asuntos Sociales prometió aumentar el empleo de las personas con discapacidad. La Ministra también recordó que el empleo de personas con discapacidad aumentó en 2010.
142,2,"Pajín hizo estas declaraciones en la Comisión de Sanidad de la Cámara Alta, donde compareció por primera vez para informar sobre las principales líneas de actuación de su departamento.", La ministra habló sobre el empleo de las personas con discapacidad en su primera aparición como ministra.
142,3,"La titular de Política Social quiso expresar su reconocimiento ""al trabajo y esfuerzo"" de las asociaciones españolas de personas con discapacidad, fundaciones y colectivos ""porque su entrega y esfuerzo"", dijo, ""hacen también posible estos avances"".", La ministra también habló del gran trabajo de las asociaciones de personas con discapacidad. Dijo que estas asociaciones luchan por el empleo de las personas con discapacidad.
142,4,"En el repaso de las políticas de su departamento, la ministra aludió a la elaboración de un nuevo plan de inclusión social, que se presentará este año.", La ministra anunció un nuevo plan para el empleo de las personas con discapacidad. Este plan se presentará este año.
142,5,"Reiteró también que el Gobierno impulsará modificaciones legislativas en materia de protección a la infancia, buscando la promoción del acogimiento familiar y, en su caso, la adopción, frente a la estancia de menores en centros.",
143,0,LA ARMADA LOCALIZA UN CENTENAR DE POSIBLES PECIOS EN AGUAS DEL GOLFO DE CÁDIZ., La Armada española encuentra muchas partes de barcos bajo las aguas del mar de Cádiz.
143,1,La Armada española ha localizado un centenar de posibles pecios en aguas del golfo de Cádiz durante el primer mes de la campaña de Protección del Patrimonio Arqueológico Subacuático.," La Armada española desarrolla una campaña para proteger el Patrimonio histórico español bajo el mar. Durante la campaña, la Armada española encontró muchas partes de barcos bajo las aguas del mar de Cádiz."
143,2,El análisis posterior de los restos hallados permitirá identificar las embarcaciones hundidas y determinar su interés histórico. ," La Armada busca partes de barcos en el mar porque estos barcos pueden tener valor histórico. Gracias al análisis de estas partes de barcos, se podrá indentificar estos barcos y saber si tienen valor histórico."
143,3,"Las ministras de Defensa y de Cultura, Carme Chacón y Ángeles González-Sinde, acompañadas del consejero de Cultura andaluz, Paulino Plata, comprobaron in situ el trabajo que se está llevando a cabo durante este campaña, que se desarrolla entre el 8 de septiembre y el 7 de noviembre, para la localización e identificación de pecios.", La ministra de Cultura y la ministra del Ejército viajaron a Cádiz para ver el trabajo de la Armada.
143,4,"La campaña se enmarca en las actividades previstas en el Protocolo General sobre colaboración y coordinación en el ámbito de la Protección del Patrimonio Arqueológico Subacuático para el levantamiento de las Cartas Arqueológicas de pecios, y en particular de los pecios de buques de Estado que se encuentran en las aguas de soberanía o jurisdicción española.", La campaña de la Armada española forma parte de las actividades del Ministerio para proteger el Patrimonio histórico español.
144,0,LA FEDERACIÓN DE PERIODISTAS CRITICA QUE LA UE PASE PÁGINA A LOS INCIDENTES EN EL SÁHARA SIN PERMITIR EL LIBRE ACCESO DE LA PRENSA ESPAÑOLA., La Federación Española de Periodistas critica a Europa por no asegurar el libre acceso de los periodistas a Marruecos.
144,1,"La Federación de Asociaciones de Periodistas de España criticó que la Unión Europea haya ""pasado página"" en relación con los incidentes de noviembre en el Sáhara Occidental, ""sin que se haya asegurado con Marruecos el libre acceso de los periodistas españoles al país magrebí y el levantamiento de las restricciones de movimiento e informativas a los corresponsales en Rabat"". "," Por eso, Marruecos no permite que los periodistas españoles entren en el Sáhara."
144,2,"La federación denunció en una nota que tanto la ministra española de Asuntos Exteriores, Trinidad Jiménez, como su homólogo marroquí, Taeb Farsi Fihri, dieron por zanjada ""a nivel de la Unión Europea"" la cuestión de los incidentes, en una reunión matenida este martes en Bruselas."," La Ministra de Asuntos Exteriores española y el ministro de Marruecos se reunieron en Bruselas. Sin embargo, no hablaron sobre el acceso de los periodistas españoles a Marruecos. Por eso, la Federación de Periodistas españoles criticó a estos ministros y al Gobierno europeo."
144,3,"Ante esta situación, la presidenta de la FAPE, Elsa González, ha enviado una carta de protesta a la Alta Representante de la UE para Asuntos Exteriores y Política de Seguridad, Catherine Ashton."," Además, la Federación de Periodistas Españoles envió una carta al Gobierno Europeo."
144,4,"En la misiva, la presidenta recuerda que su federación viene denunciando el veto impuesto por Marruecos a los periodistas españoles.", En la carta denunciaban que Marruecos prohibe el acceso de los periodistas a Marruecos.
145,0,"LA CREACIÓN DE EMPRESAS BAJÓ UN 12,7% EN OCTUBRE.", Se crean menos empresas en 2010 que en 2009.
145,1,"En el mes de octubre se crearon en España 5.493 sociedades mercantiles, un 12,7% menos que en el mismo mes de 2009 y un 5,5% más que en septiembre de 2010, según informó este martes el Instituto Nacional de Estadística (INE). "," Según un estudio, en España se crearon menos empresas en 2010 que en 2009."
145,2,"El capital suscrito para su constitución superó los 313 millones de euros, lo que supone un descenso del 11,4% respecto a octubre del año anterior.", También se dedicó menos dinero para crear empresas en 2010 que en 2009.
145,3,"El capital medio suscrito (57.123 euros) registró un aumento interanual del 1,5%.",
145,4,"Por otro lado, en el mes de octubre ampliaron capital 2.036 sociedades mercantiles, un 11% menos que en el mismo mes de 2009."," Además, el dinero de las empresas creció menos en 2010 que en 2009."
145,5,"El capital suscrito en las ampliaciones registró un descenso interanual del 47,5% y superó los 1.333 millones de euros.",
145,6,"Por su parte, el número de sociedades disueltas en octubre es de 1.308, lo que supone un descenso interanual del 6,2%."," Sin embargo, se cerraron menos empresas en 2010 que en 2009."
145,7,"De éstas, el 63,7% lo hicieron voluntariamente, el 18,3% por fusión y el 18% restante por otras causas.",
146,0,LA MITAD DE LOS MUERTOS POR LAS INUNDACIONES EN BRASIL SON NIÑOS., Mueren muchas personas por las inundaciones en Brasil.
146,1,"La mitad de las víctimas mortales por las inundaciones que azotan al norte del estado brasileño de Río de Janeiro son niños, según estima Save the Children. ", La mitad de las personas muertas son niños. Esto lo ha dicho la asociación Salvar a los Niños.
146,2,"Según recuerda esta organización, las lluvias han dejado ya más de 500 muertos en las ciudades de Teresopolis, Nova Friburgo y Petropolis, y se calcula que hay más de 200.000 menores viviendo en las zonas afectadas.", La asociación recuerda que en las zonas afectadas por las inundaciones viven muchos niños.
146,3,"Además, la responsable de Programas Internacionales de Save the Children, Lucía Losoviz, alertó este viernes de que la lluvia ""no da muestras de arreciar"".", La asociación también avisa de que la seguirá lloviendo.
146,4,"""Las vidas de miles de niños y niñas están en peligro. "," Según la asociación, las vidas de miles de niños están en peligro."
146,5,"El agua está avanzando a gran velocidad, arrastrando todo a su paso y dejando a los niños y a sus familias sin nada a lo que aferrarse"", advirtió esta experta.",
146,6,Save the Children trabaja con las fuerzas de protección civil de Brasil y está preparando equipos de emergencia para acceder a las ciudades afectadas y proporcionar ayuda de emergencia.,
147,0,"LA CASA ENCENDIDA DE OBRA SOCIAL CAJA MADRID, CUARTO CENTRO CULTURAL MÁS VALORADO.", La Casa Encendida de Obra Social Caja Madrid es elegida uno de los mejores centros culturales de España.
147,1,La Casa Encendida de Obra Social Caja Madrid es el cuarto centro cultural más valorado en España según el III Barómetro del Observatorio de la Cultura presentado por la Fundación Contemporánea. , La Casa Encendida fue elegida como uno de los mejores centros culturales de España. La Fundación Contemporánea hizo un estudio sobre los centros culturales en España.
147,2,"Según informó la entidad financiera, en la encuesta ha participado un panel de expertos compuesto por 100 creadores, críticos, especialistas, programadores, gestores de instituciones y empresas culturales y responsables de áreas culturales de la Administración Pública."," En el estudio participaron muchos tipos de expertos: críticos, especialistas y directores de instituciones culturales."
147,3,"La Casa Encendida es un centro social y cultural de Obra Social Caja Madrid donde conviven actividades educativas, artísticas, de reflexión y debate.", La Casa Encendida tiene muchos tipos de actividades.
147,4,"El centro cuenta con cuatro áreas de actuación: Solidaridad, Medio Ambiente, Cultura y Educación, que se relacionan entre sí de forma transversal, lo cual permite a los distintos públicos enriquecerse mutuamente."," Las acticidades de la Casa Encendida forman parte de 4 áreas: Solidaridad, Medio Ambiente, Cultura y Educación."
147,5,"Además de la programación cultural, La Casa Encendida de Obra Social Caja Madrid se ha consolidado como uno de los centros de formación no reglada más importantes de Madrid."," Además, la Casa Encendida es uno de los centros de educación no oficial más importantes de Madrid."
148,0,"LA ECONOMÍA CRECERÁ UN 0,7% EN 2011, SEGÚN ""LA CAIXA""."," Según la Caixa, la economía crecerá en 2011."
148,1,"""La Caixa"" estima que la economía española cerró 2010 con una caída del PIB del 0,2%, aunque prevé que en 2011 logre un crecimiento del 0,7%. "," Aunque la economía cayó en 2010, el informe aseguraba que en 2011 la economía crecerá."
148,2,"Así lo recoge la entidad en el informe sobre ""Perspectivas económicas"" elaborado por el Área de Estudios y Análisis Económicos, en el que señala que en el último trimestre de 2010 el PIB español creció un 0,5%.", Es baco hizo un informe sobre el futuro de la economía.
148,3,"Por otro lado, el informe de ""la Caixa"" sitúa en el 9,5% del PIB el déficit público al término de 2010 y calcula que el conjunto de las administraciones podrán reducirlo hasta el 6,4% durante 2011.", El informe también mostraba que una parte de la deuda en 2010 era de las administraciones públicas. El informe calcula que las administraciones públicas podrán reducir su deuda en 2011.
148,4,"En cuanto al mercado laboral, la caja augura que la destrucción de empleo se modere dos puntos durante este año, pasando de un descenso del 2,3% en 2010 al 0,3% en el ejercicio actual."," El informe también hablaba de empleo. Según el informe, habrá menos empleo en 2011 que en 2010."
148,5,"A pesar del menor deterioro del mercado de trabajo, el estudio estima que la tasa de desempleo aumentará en 2011 dos décimas y se situará en el 20,2%.",
149,0,"LA MUJER RURAL, CADA VEZ MÁS LEJOS DEL TRABAJO DIGNO POR CULPA DE LA CRISIS.", La situación de la mujer en el campo está cada vez peor debido a la crisis.
149,1,"La crisis económica ha ralentizado el proceso hacia una mayor igualdad de género y hacia un trabajo digno para las mujeres en las zonas agrícolas y rurales de todo el mundo, según alertó la Organización de las Naciones Unidas para la Agricultura y la Alimentación. ", La ONU dice que la situación de las mujeres del campo es peor debido a la crisis económica.
149,2,"Según alerta la organización de Naciones Unidas en un nuevo informe, las mujeres obtienen todavía menos beneficios del empleo rural y se enfrentan a nuevas dificultades por la crisis."," La ONU hizo un informe sobre la situación laboral de las mujeres que trabajan en el campo. El informe mostró que la situación de estas mujeres es peor que la de los hombres. Ahora, las mujeres del campo obtienen menos beneficios por su trabajo. También tienen más dificultades en su trabajo debido a la crisis."
149,3,"Bajo el título de ""Dimensiones de género en el empleo agrícola y rural: vías diferenciadas para salir de la pobreza"", el estudio señala que, ""a pesar de que la desigualdad de género varía de forma considerable entre las diferentes regiones y sectores, existe la evidencia de que a nivel global las mujeres obtienen un menor beneficio del empleo rural que los hombres"".",
150,0,"LA NEUMONÍA MATA A UN NIÑO CADA 20 SEGUNDOS, SEGÚN SAVE THE CHILDREN."," Según la organización Salvar a los Niños, la neumonía mata a muchos niños cada día."
150,1,"Save The Children señaló que la neumonía es la principal causa de mortalidad de los niños menores de cinco años, al ser responsable de la muerte de un menor cada 20 segundos. "," Según la organización Salvar a los Niños, la neumonía mata a muchos niños menores de 5 años cada día."
150,2,"Con motivo del Día Mundial contra la Neumonía, el director de Save the Children, Alberto Soteres, afirmó que esta enfermedad mata a más niños que el sida, la malaria y el sarampión juntos.",
150,3,"""La mayoría de la población mundial da por descontado el tratamiento sanitario y los antibióticos que se ofrecen para frenar la neumonía antes de que pase a ser algo letal, pero a los niños más pobres del mundo se les niega el acceso a estas soluciones simples"", añadió."," El director de esta organización dijo que la neumonía se puede curar si se tienen las medicinas necesarias. Sin embargo, los niños de los países pobres no pueden comprar esas medicinas."
150,4,"Soteres subrayó que existen ""soluciones sencillas y de bajo coste para salvar vidas"" y que el tratamiento para un niño enfermo de neumonía cuesta menos de seis euros"".", El director de la organización también dijo que hay soluciones sencillas para salvar a los niños con neumonía. Y añadió que las medicinas para un niño con neumonía cuestan menos de 6 euros.
151,0,LA ESTACIÓN DE SIERRA NEVADA CIERRA LA TEMPORADA NAVIDEÑA CON 122.000 ESQUIADORES Y UNA OCUPACIÓN HOTELERA DEL 85%., La estación de esquí de Sierra Nevada termina la temporada de Navidad con más de 100 mil visitantes.
151,1,"La estación de esquí y montaña de Sierra Nevada ha cerrado la temporada navideña (del 23 de diciembre de 2010 al 6 de enero de 2011) con una afluencia de 122.038 esquiadores y una ocupación hotelera media de entre el 80% y el 85% de las plazas disponibles, según los datos facilitados en Monachil (Granada) por el consejero de Turismo, Comercio y Deporte, Luciano Alonso. ",
151,2,"Alonso realizó un balance de los resultados del complejo y aseguró que los datos han sido ""superiores en un 20% a la media histórica"" de este periodo festivo."," El consejero de Turismo de Granada realizó un informe sobre el esquí en la temporada de Navidad. Según el consejero de Turismo, este año estuvieron más personas en Sierra Nevada que otros años. "
151,3,"Igualmente, destacó la calidad de las pistas de la estación, que ha mantenido abiertos el mayor número de kilómetros esquiables de la temporada, con un total de 101,3 y con espesores de hasta cuatro metros de nieve en algunas zonas.", El consejero también habló de la calidad de las pistas de esquí. Este año había mucha nieve y las pistas también eran muy grandes.
151,4,"Además de los esquiadores, el recinto ha recibido otros 17.793 visitantes que han usado las atracciones del centro de actividades Mirlo Blanco o los remontes para subir a Borreguiles sin esquiar.",
152,0,LA ONCE DEDICA NUEVE CUPONES AL AÑO INTERNACIONAL DEL ALZHEIMER., La ONCE dedica 9 sorteos al Año Internacional del Alzheimer.
152,1,La ONCE dedicará a lo largo de 2011 nueve cupones al Año Internacional para la Investigación en Alzheimer y Enfermedades Neurodegenerativas: Alzheimer Internacional 2011.," 2011 es el Año Internacional del Alzheimer. En 2011, la ONCE dedicará 9 sorteos a la investigación del alzhéimer."
152,2,"La organización de ciegos se suma así a esta conmemoración, cuyo principal objetivo es promover la investigación del alzhéimer y enfermedades neurodegenerativas para conseguir avanzar en el conocimiento de sus causas, mejorar el diagnóstico precoz y hallar tratamientos efectivos que permitan reducir el número de personas afectadas, unas 600.000 en España.", El objetivo del Año Internacional del Alzheimer es impulsar la investigación sobre esta enfermedad. Se necesitan soluciones para el alzhéimer porque esta enfermedad afecta a muchas personas en España y el mundo.
152,3,"Según informó este miércoles la entidad, el primero de estos cupones pertenece al sorteo del próximo sábado, 29 de enero.",
152,4,"El resto corresponde a las siguientes fechas: lunes 21 de febrero, lunes 21 de marzo, martes 26 de abril, los sábados 21 de mayo, 25 de junio, 23 de julio y el domingo 21 de agosto.",
152,5,"Cierra la serie el cupón correspondiente al sorteo del miércoles 21 de septiembre, que coincide con la celebración del Día Internacional del Alzheimer.", El último sorteo será el 21 de septiembre. El 21 de septiembre es el Día Internacional del Alzheimer.
153,0,"LA FUNDACIÓN PRÍNCIPE DE ASTURIAS, INGRESA EN EL CENTRO EUROPEO DE FUNDACIONES.", La Fundación Príncipe de Asturias ya forma parte del Centro Europeo de Fundaciones.
153,1,"La Fundación Príncipe de Asturias ha ingresado en el Centro Europeo de Fundaciones, que agrupa a más de 230 instituciones filantrópicas de Europa, América, Oriente Medio y el Caribe. ", El Centro Europeo de Fundaciones es un grupo de fundaciones muy importantes de todo el mundo. La Fundación Príncipe de Asturias ya forma parte del Centro Europeo de Fundaciones.
153,2,"De esta manera, la institución asturiana se felicita por acceder a un foro de trabajo internacional, donde comparten experiencias algunas de las fundaciones de mayor relevancia del mundo."," De esta manera, la Fundación Príncipe de Asturias podrá acceder a un grupo de trabajo internacional. También podrá compartir experiencias con otras fundaciones importantes."
153,3,"El EFC fue fundado en 1989 con sede en Bruselas, y se ha convertido en la entidad más representativa del sector en europa.", El Centro Europeo de Fundaciones es el grupo de fundaciones más importante de Europa.
153,4,"Entre sus miembros, se encuentran la Fundación Alexander von Humboldt; la Fundación Bill y Melinda Gates (Premio Príncipe de Asturias de Cooperación Internacional 2006); la Fundación Ford (EE.UU.); la Fundación Calouste Gulbenkian (Portugal); The Global Fund for Women (EE.UU.); el Instituto Pasteur (Francia); la Fundación Jerusalén (Israel); la Fundación Madariaga-Colegio de Europa (Bélgica); Medicines for Malaria Venture (Suiza); la Fundación Príncipe Alberto II de Mónaco; el Fondo para la Cultura Príncipe Bernardo (Países Bajos); la Fundación de las Naciones Unidas (EE.UU.), y la Fundación del Tercer Sector de Turquía.",
154,0,LA OMS AFIRMA QUE DOS MILLONES DE PERSONAS MUEREN POR CONTAMINACIÓN INTERIOR CADA AÑO., La Organización Mundial de la Salud afirma que dos millones de personas mueren cada año por contaminación del aire.
154,1,"La contaminación del aire en espacios cerrados mata cada año a casi dos millones de personas, de los cuales la mitad son niños menores de cinco años, según datos de la Organización Mundial de la Salud.", Dos millones de personas mueren cada año por la contaminación del aire en las casas. Muchas de esas personas que mueren son niños menores de 5 años.
154,2,"Esta agencia de Naciones Unidas destacó en un comunicado que la polución proviene de la quema de estiércol, madera, residuos agrícolas o carbón que utiliza la población para satisfacer sus necesidades básicas de energía.", La contaminación se produce por quemar madera o carbón para cocinar o calentar las casas. La madera y el carbón son materiales muy baratos para producir calor.
154,3,La organización mundial advirtió que el uso de esos materiales para cocinar y calentar las casas en estufas o fuegos abiertos sin escape por las chimeneas causa contaminación en los espacios cerrados.," Sin embargo, cuando la madera o el carbón se queman, también producen contaminación en el aire de las casas."
154,4,"Además, su dependencia supone un enorme peso en la salud de familias pobres en los países en desarrollo. ",
154,5,La OMS anunció que elaborará nuevas guías con recomendaciones sobre este tema en una reunión que celebrará los próximos 24 y 25 de febrero., La Organización Mundial de la Salud hizo un documento con consejos para evitar la contaminación del aire.
155,0,LA MAYORÍA DE LOS ESPAÑOLES PIENSA QUE LA CRISIS NO HA DAÑADO LA IMAGEN MUNDIAL DEL PAÍS., La mitad de los españoles piensa que la crisis no perjudica la imagen de España.
155,1,"Un 48% de los españoles no cree que la crisis económica haya perjudicado la imagen del país en el exterior, frente al 30% que sí piensan que ha empeorado, según el Barómetro del Real Instituto Elcano correspondiente al mes de noviembre."," Un estudio mostró la opinión de los españoles sobre la imagen de España en el mundo. La mitad de los españoles piensa que la crisis no perjudica la imagen de España. Sin embargo, la otra mitad de los españoles piensa que la imagen de España es peor por la crisis."
155,2,"Según los datos del Barómetro recogidos por Servimedia, la crisis se ha consolidado como la mayor preocupación de los españoles, pues la consideran tal un 61% de los encuestados, y un 51% diagnostica que la situación ha empeorado en los últimos meses.", El estudio afirmó que los españoles están muy preocupados por la crisis.
155,3,"Empero, una mayoría de ciudadanos no parece preocupada por sus efectos en la imagen exterior de España, que alguna vez se ha puesto en duda en la política nacional.",
155,4,"De acuerdo con el Barómetro, otras preocupaciones de los españoles en la actualidad, en orden descendente de importancia, son el terrorismo internacional (57%), las armas nucleares de Irán y el fundamentalismo islámico (47%), el calentamiento global (44%), la inmigración ilegal (40%), las armas nucleares de Corea del Norte (39%) y la situación en Afganistán y Pakistán (33% y 28%)."," El estudio también mostró que los españoles están preocupados por el terrorismo, el medio ambiente o la guerra."
156,0,"LA WEB DE METEOROLOGÍA RECIBE CADA DÍA 3,8 MILLONES DE VISITAS.", La página web de la Agencia de Meteorología Española recibe millones de visitas todos los días. 
156,1,"La web de la Agencia Estatal de Meteorología recibe ya una media diaria de 3.821.000 visitas, que la mantienen como la página institucional más vista en España. ", La página web de la Agencia de Meteorología Española es la página más visitada en España.  
156,2,"Según informó la agencia a Servimedia, estos datos corresponden a noviembre de 2010, el último mes del que se tienen datos.", En noviembre de 2010 mucha gente visitó esta página web. 
156,3,"Ese mes se registró una media diaria de 3.821.000 visitas, y alcanzó su máximo el día 29, con 8.606.000 entradas.",
156,4,"Ese día, un temporal de lluvia, viento y nieve hizo que se emitieran avisos en 36 provincias de 13 comunidades autónomas."," En noviembre hubo mucha lluvia, viento y nieve. "
156,5,"La peor parte se la llevó el archipiélago canario, que llegó a estar en alerta roja, el máximo nivel de aviso, por lluvias y vientos de hasta 170 kilómetros por hora.", Canarias fue el lugar donde hizo peor tiempo en noviembre de 2010. 
156,6,"Sin embargo, el máximo absoluto desde que opera la web se registró el 7 de enero de 2010, en el primer temporal de frío y nieve del año, cuando se llegó a las 8.732.000 visitas."," Sin embargo, el mes que más visitas tuvo la página web fue enero de 2010.  En enero hizo mucho frío y hubo mucha nieve.  Por eso la gente consultó mucho la página web de meteorología."
157,0,"LA ONU, PREOCUPADA POR LA OFENSIVA IRANÍ A DEFENSORES DE LOS DERECHOS HUMANOS.", La ONU está preocupada por las detenciones de las personas que defienden los derechos humanos en Irán.
157,1,"La Alta Comisionada de la ONU para los Derechos Humanos, Navi Pillay, expresó su preocupación por la suerte de los defensores de los derechos humanos en Irán, particularmente de Nasrin Sotoudeh, que estuvo varias semanas en huelga de hambre en la prisión Evin de Teherán. ", La ONU está preocupada por las personas que defienden los derechos humanos en Irán. La ONU está preocupada especialmente por Nasrin Sotoudeh. Nasrin Sotoudeh es una abogada que defiende los derechos humanos en Irán.
157,2,"""Estoy muy preocupada por el caso de Nasrin Sotoudeh, que forma parte de una campaña mucho más amplia, y porque la situación de los defensores de los derechos humanos en Irán está volviéndose más y más difícil"", afirmó Pillay, que pidió a las autoridades iraníes que revisen con urgencia este caso y aceleren su liberación.", La ONU dijo que la situación de las personas que defienden los derechos humanos en Irán es muy difícil. La ONU pidió a las autoridades de Irán que liberen a Nasrin Sotoudeh.
157,3,"Sotoudeh, una destacada abogada de derechos humanos implicada en muchos casos de relevancia en Irán, fue detenida el pasado 4 de septiembre y permanece desde entonces en confinamiento solitario acusada de delitos contra la seguridad nacional.", Las autoridades de Irán detuvieron a Nasrin Sotoudeh y la acusaron de un delito contra la seguridad de Irán.
157,4,"Después de comparecer por primera vez ante un tribunal, el pasado 15 de noviembre, Soutodeh abandonó la huelga de hambre que había llevado a cabo varias semanas en protesta por su detención."," Nasrin Sotoudeh no comía para protestar contra el Gobierno de Irán y su detención. Cuando las autoridades de Irán llevaron a Nasrin Sotoudeh al tribunal para juzgarla, Nasrin Sotoudeh empezó a comer."
158,0,"LA MINISTRA DE CULTURA VE EN BOLLAÍN LA ""SUCESORA NATURAL"" DE ALEX DE LA IGLESIA EN LA PRESIDENCIA DE LA ACADEMIA DEL CINE.", La ministra de Cultura cree que Icíar Bollaín será la próxima presidenta de la Academia de Cine.
158,1,"La ministra de Cultura, Ángeles González-Sinde, señaló a la vicepresidenta de la Academia del Cine, Icíar Bollaín, como la ""sucesora natural"" del presidente de la misma, Álex de la Iglesia, y dijo que garantiza un relevo ""de la misma talla y el mismo prestigio"" que el actual presidente. "," La ministra de Cultura cree que Icíar Bollaín debe ser la próxima presidenta de la Academia de Cine. Álex de la Iglesia es un director de cine y fue el último presidente de la Academia de Cine. La ministra cree que Icíar Bollaín es tan buena directora de cine como Álex de la Iglesia. Por eso, la ministra piensa que Icíar bollaín merece ser la próxima presidenta de la Academia de Cine."
158,2,"En declaraciones a los periodistas en el Congreso de los Diputados, González-Sinde reconoció que no ha hablado con De la Iglesia después de que éste anunciara que abandonará la presidencia de la academia, pero aclaró que ""hay que respetar su decisión"", porque ""es una persona inteligente y habrá meditado mucho"" su iniciativa.", La Ministra de Cultura también habló sobre Alex de la Iglesia.
158,3,"La ministra dijo respetar también su opinión contraria a la conocida como ""Ley Sinde"", pero recordó que ha salido adelante gracias a ""una decisión democrática, un pacto de Estado, un acuerdo de tres partidos que representan millones de votos"", como son el PSOE, el PP y CiU, artífices de su aprobación en el Congreso.", Alex de la Iglesia dejó de ser presidente de la Academia porque no estaba de acuerdo con una ley que el Gobierno aprobó. La Ministra de Cultura dijo que había que respetar la decisión de Alex de la Iglesia.
159,0,LAS PERSONAS CON MOVILIDAD REDUCIDA TENDRÁN TRANSPORTE GRATUITO PARA VOTAR., Las personas con discapacidad física tendrán transporte gratis para ir a votar.
159,1,"El Gobierno prepara un decreto para garantizar la accesibilidad de las personas con discapacidad a los procesos electorales, que prevé dotar de transporte gratuito a los ciudadanos con problemas de movilidad que no dispongan de medios propios para llegar al local electoral y ejercer así su derecho al voto. ", El Gobierno prepara una ley para que las personas con discapacidad puedan ir a votar. Esta ley dará transporte gratis a las personas con discapacidad física para ir a votar.
159,2,"Concretamente, el borrador del decreto habla de ""provisión de medios de transporte gratuito adecuados, al menos, para las personas con discapacidad motriz que lo soliciten, en caso de ausencia de transporte público accesible al local electoral""."," Si esas personas no tienen transporte público adecuado cerca, podrán utilizar el transporte gratis del Gobierno. Si las personas con discapacidad necesitan el transporte gratis para ir a votar, deben pedirlo."
159,3,"El contenido de esta iniciativa está incluido en un informe sobre actuaciones del Gobierno en política de derechos de los ciudadanos con discapacidad, conocido este viernes, Día Internacional de las Personas con Discapacidad, por el Consejo de Ministros.", El contenido de esta ley está recogido en un informe del Gobierno sobre los derechos de las personas con discapacidad.
159,4,"Según este informe, el futuro decreto regulará las condiciones básicas de accesibilidad y no discriminación que deben reunir los entornos, productos y servicios necesarios para la participación de las personas con discapacidad en la vida política y en los procesos electorales."," Según este informe, la nueva ley regulará la participación de las personas con discapacidad en las elecciones."
160,0,LA JUNTA DE ANDALUCÍA PUBLICA EN EDICIÓN FACSÍMIL EL LIBRO SOBRE FLAMENCO DE BLAS INFANTE., El Gobierno de Andalucía publica una edición original de un libro sobre flamenco de Blas Infante.
160,1,"La Consejería andaluza de Cultura ha publicado en edición facsímil mil ejemplares de la obra Orígenes de lo flamenco y secreto del cante jondo de Blas Infante como homenaje al ""padre"" de la Patria Andaluza, en el año que se cumple el 125 aniversario de su nacimiento y que ha sido declarado por la Junta ""Año de Blas Infante"". "," Además, Blas Infante está considerado el padre de la Patria andaluza. El Gobierno de Andalucía publicó mil libros de una edición original de Blas Infante sobre el origen del flamenco. Este año es el aniversario del nacimiento de Blas Infante. Por eso, el Gobierno de Andalucía publica su libro sobre flamenco como recuerdo a Blas Infante."
160,2,"Para la Junta andaluza, la reedición de este libro cobra además relevancia tras la reciente declaración del flamenco como Patrimonio Cultural Inmaterial de la Unesco."," Para el Gobierno de Andalucía, la publicación del libro de Blas Infante sobre flamenco es muy importante. La Organización Cultural de  Europa declaró el flamenco como parte del Patrimonio cultural de Europa."
160,3,"Esta obra se está entregando, junto con ""El Ideal Andaluz"", del mismo autor, a los 821 centros que componen la Red de Bibliotecas Públicas de Andalucía. ", El libro sobre flamenco se repartió en muchas bibliotecas públicas de Andalucía.
160,4,Este otro título ha sido reeditado por el Centro de Estudios Andaluces de la Consejería de Presidencia y por la Fundación Blas Infante.,
160,5,"Ambos ejemplares se distribuyen conjuntamente a las bibliotecas y también al Instituto Cervantes, al que se han asignado 50 ejemplares para su reparto en todos los centros que dispone en el mundo.", Los Institutos Cervantes son centros donde se aprende español.
161,0,LA ONU CUMPLE 65 AÑOS., La ONU cumple 65 años.
161,1,"La ONU cumple este domingo 65 años, después de que el 24 de octubre de 1945 la mayoría de sus miembros fundadores ratificaran la Carta fundacional de las Naciones Unidas, por la que se establecía este órgano mundial surgido tras la II Guerra Mundial.", La ONU nació después de la Segunda Guerra Mundial. Nació hace 65 años.
161,2,"Por este motivo, se celebra el Día de las Naciones Unidas con el tradicional concierto internacional en la sede principal de esta organización, en Nueva York (Estados Unidos), así como con reuniones, debates y exposiciones en países de todo el mundo sobre las metas y logros de la ONU."," Para celebrarlo, habrá un concierto en la sede de la ONU en Nueva York. También habrá reuniones y exposiciones sobre la ONU en todo el mundo."
161,3,"El secretario general de la ONU, Ban Ki-moon, señaló, en un mensaje difundido con motivo del Día de las Naciones Unidas, que esta organización se reafirma en ""los valores universales de la tolerancia, el respeto mutuo y la dignidad humana"".", El secretario general de la ONU escribió un mensaje para celebrar los 65 años de la ONU. El mensaje explicaba que los principales valores de la ONU son el respeto y la defensa de los derechos humanos.
161,4,"Además, destacó los avances de estos 65 años, como los ocurridos en lo relativo a ""la alfabetización y en la esperanza de vida, en la difusión de los conocimientos y las tecnologías, y en la democracia y el Estado de derecho""."," El mensaje también explicaba los éxitos de la ONU en estos 65 años. Algunos de esos éxitos fueron la educación en el mundo, la salud, la investigación y la democracia."
162,0,"LAS PRINCIPALES PELÍCULAS CANDIDATAS A LOS GOYA, ACCESIBLES A PERSONAS CON DISCAPACIDAD.", Las películas más importantes de los Goya se adaptan para personas con discapacidad.
162,1,"Algunas de las principales películas candidatas a los premios Goya de la Academia de Cine español son accesibles a personas con discapacidad visual o auditiva, gracias al proyecto Cine Accesible de la Fundación Orange y Navarra de Cine. ", Las películas más importantes de los Goya se adaptarán para personas ciegas y sordas.
162,2,"Según informó la citada fundación, ""Balada triste de trompeta"", que cuenta con 15 nominaciones a los Goya, ha sido, precisamente, el último estreno incorporado a este proyecto, que ya celebró una sesión accesible en Madrid, el pasado 21 de diciembre, abierta a público con y sin discapacidad, y que realizará en enero una nueva sesión en Pamplona.", La película Balada triste de trompeta es una de las películas más importantes de los Goya. El pasado diciembre se estrenó la versión adaptada de esta película en Madrid.
162,3,"Además, ""Lope"", otro de los títulos que Cine Accesible ha proyectado durante 2010 en distintas ciudades españolas, opta a 7 premios, candidaturas que se suman a la de ""María y yo"", como mejor documental, ""Bon appétit"", como mejor dirección novel, y ""El Escritor"", como mejor filme europeo."," En 2010, también se adaptaron otras películas importantes de los Goya como Lope o María y yo."
162,4,Todos estos títulos pueden proyectarse en sala con subtitulado con código de colores para personas con discapacidad auditiva y con audiodescripción con auriculares para personas con discapacidad visual., Estas películas también están adaptadas para personas ciegas y para personas sordas.
163,0,"LA ""NUEVA GRAMÁTICA"" DEL ESPAÑOL Y JUAN GOYTISOLO, GALARDONADOS CON EL PREMIO DON QUIJOTE DE LA MANCHA.", La Nueva Gramática y Juan Goytisolo reciben el Premio Don Quijote de la Mancha.
163,1,"El escritor Juan Goytisolo y la ""Nueva Gramática de la Lengua Española"", publicada por la Real Academia Española y la Asociación de Academias de la Lengua Española, obtuvieron la tercera edición del Premio Internacional Don Quijote de la Mancha, que conceden la Fundación Santillana y la Junta de Castilla-La Mancha. ", La Nueva Gramática es el último trabajo de la Real Academia Española de la Lengua. La Nueva Gramática y Juan Goytisolo reciben el tercer Premio Don Quijote de la Mancha. Dan este premio la Fundación Santillana y el Gobierno de Castilla- La Mancha.
163,2,"La ""nueva gramática"" ha sido galardonada en la categoría de mejor labor institucional.", La Nueva Gramática recibió el Premio Don Quijote de la Mancha como mejor obra hecha por una institución.
163,3,"El jurado, reunido hoy en Madrid, ha considerado que se trata de ""la obra monumental que más ha aportado a la unidad normativa del español desde hace más de un siglo"".", El tribunal que daba el premio consideró que la Nueva Gramática ayudará a unir el español de todos los lugares del mundo.
163,4,"En la categoría de la más destacada trayectoria individual, el escritor Juan Goytisolo ha sido distinguido ""por el conjunto de una obra literaria que ha renovado la novela española, prolongado el vigor del pensamiento crítico y sostenido, con su influyente presencia internacional, el diálogo cultural con el mundo árabe""."," Juan Goytisolo recibió el Premio Don Quijote de la Mancha por toda su obra literaria. El tribunal consideró que Juan Goytisolo renovó la novela española y es un escritor muy importante también fuera de España. Además, el tribunal destacó la gran relación cultural que mantiene con el mundo árabe."
164,0,LA ONU PREVÉ EL FIN DE MUERTOS POR MALARIA PARA 2015., La ONU cree que ninguna persona morirá por malaria a partir de 2015.
164,1,"El enviado especial de Naciones Unidas para la malaria, Ray Chambers, afirmó que en 2015 no habrá muertes por malaria si continúan las estrategias internacionales actuales para combatir esta enfermedad. ",
164,2,"Chambers hizo este pronóstico en la presentación del ""Informe Mundial sobre Malaria 2010"", que la OMS hizo público en un acto en Ginebra (Suiza).",
164,3,"Uno de los Objetivos de Desarrollo del Milenio (ODM) aprobados por 192 países en 2000 es haber detenido y comenzado a reducir en 2015 la incidencia de la malaria y otras enfermedades graves, para lo cual se fijó como una de las estrategias aumentar la producción de mosquiteras tratadas con insecticida, sobre todo en África.", En el año 2000 muchos países firmaron un acuerdo para luchar contra la malaria. Los países acordaron unas medidas para luchar contra la malaria. Una de las medidas era producir mosquiteras para matar mosquitos.
164,4,"El informe de la OMS señala que las estrategias masivas de combate a la malaria entre 2008-2010 han dado sus frutos, ya que más de 578 millones de personas en África subsahariana están protegidas por el reparto masivo de mosquiteras tratadas con insecticida y otros 75 millones de personas también están a salvo por la pulverización de lugares interiores."," Según la ONU, la malaria afecta especialmente a África. Gracias a las mosquiteras, en África hay menos personas que mueren por malaria."
165,0,"LA POLICÍA REQUISA 32.000 PRENDAS TEXTILES, JOYAS Y OTROS ARTÍCULOS DE REGALO FALSIFICADOS.", La policía recupera ropa y otros objetos falsos.
165,1,"Agentes de la Policía Nacional se han incautado de 32.000 falsificaciones, entre prendas de ropa, relojes, gafas y accesorios falsos ofertados durante campaña de Navidad.", La Policía Nacional recuperó miles de objetos falsos que se vendían en Navidad.
165,2,Los artículos requisados imitaban a marcas de lujo y en muchos casos se comercializaban junto a productos originales. , Muchos de los objetos falsos se vendían junto a los objetos originales.
165,3,"Según informó la Dirección General de la Policía y de la Guardia Civil, los investigadores han contado con la colaboración de 15 peritos especializados de diferentes firmas.", 15 especialistas en marcas ayudaron a la policía a distinguir los objetos falsos de los objetos originales.
165,4,La operación se ha saldado con el registro de 18 establecimientos y el arresto de 25 personas como presuntos responsables de delitos continuados contra la propiedad industrial., La policía registró casi 20 tiendas y detuvo a 25 personas.
165,5,Los productos falsificados imitaban a artículos de más de 45 firmas de prestigio. , Los objetos falsos eran copias de más de 40 marcas diferentes.
165,6,"Los comercios en los que los productos falsos eran ofertados se ubicaban en las localidades de La Jonquera (Girona) y Le Pertús-Los Límites, en la frontera francesa.", La policía encontró los objetos falsos en tiendas de Gerona y tiendas cerca de Francia.
165,7,"Debido al gran número de establecimientos y personas investigados, el dispositivo final que cerró la operación ha contado con la participación de más de 50 agentes y 15 peritos especializados.",
166,0,LAS VISITAS AL DENTISTA CAEN UN 30% POR LA CRISIS., Las visitas al dentista disminuyen por la crisis.
166,1,"El número de visitas a los servicios de odontología ha disminuido alrededor del 30% en el último año, según afirmó el vicesecretario-vicetesorero del Consejo General de General de Colegios de Odontólogos y Estomatólogos, Carlos Llodra. ", Las visitas al dentista disminuyeron en el último año por la crisis.
166,2,"Durante la presentación del libro blanco ""Encuesta Poblacional. La Salud Bucodental en España 2010"", Llodra apuntó no obstante que esto son solo estimaciones, sin ningún estudio en profundidad.",
166,3,"Sin embargo, podría decirse que se ha apreciado una reducción en las consultas en torno al 30% debido a la crisis, no en las urgencias, pero sí en los tratamientos de implantes u ortodoncias.", Las visitas por urgencias no disminuyeron. Pero las visitas para tratamientos sí disminuyeron.
166,4,"Por su parte, el presidente del Consejo, Alfonso Villa Vigil, precisó que la disminución podría también deberse a oscilaciones estacionales y al aumento en la oferta de dentistas.", Otra razón es porque hay más dentistas.
166,5,"En este sentido, criticó que en España hay casi 2,5 veces más odontólogos de los necesarios."," Según el estudio, hay demasiados dentistas en España."
166,6,"A su juicio, el problema radica en la proliferación de facultades de Odontología sin ningún control, fruto de la irresponsabilidad política y de la descentralización autonómica.", Hay muchos dentistas porque hay muchas universidades que enseñan a ser dentista.
167,0,LA REINA ENTREGA A MARÍA GALIANA EL PREMIO AL CINE Y LOS VALORES SOCIALES 2010., La Reina entrega a María Galiana el Premio al Cine y los Valores Sociales de 2010.
167,1,"La reina doña Sofía hizo entrega del Premio al Cine y los Valores Sociales 2010 a la actriz María Galiana, como reconocimiento a su trayectoria cinematográfica y su compromiso con los valores sociales. ", La Reina doña Sofía entrega a María Galiana el Premio al Cine y los Valores Sociales de 2010. María Galiana recibe el premio por su trabajo como actriz y su compromiso con los valores sociales.
167,2,"La veterana actriz, que recibió este galardón ""con una sensación tanto de sorpresa y de contrariedad como de alegría e ilusión"", lamentó que ahora vivimos en un mundo en el que se da mucho valor a la juventud y en el que se ha perdido la noción de autoridad."," María Galiana dijo que recibió el premio con sorpresa e ilusión. Sin embargo, también dijo que sentía un poco de pena. La actriz piensa que hoy se da mucha importancia a la juventud y no se respeta la autoridad."
167,3,"A su juicio, ""los adolescentes hoy en día no tienen nada que descubrir porque en la televisión ya lo ven todo, por lo que no hay ninguna posibilidad de que lenta y progresivamente se les enseñe la vida y el mundo que les espera"".",
167,4,"Por su parte, la ministra de Cultura, Ángeles González-Sinde, agradeció a la Reina su apoyo al mundo de la cultura, así como a la FAD el galardón a María Galiana, ya que ""es un reconocimiento al talento de una mujer, que muchas veces no es fácil de detectar"".", La Ministra de Cultura también estuvo en el acto donde María Galiana recibió el premio. La ministra agradeció a la Reina que le diera el premio a María Galiana. La ministra aseguró que María Galiana tiene un talento que mucha gente no ve.
168,0,"LA ONU VE LA ""AMENAZA"" DEL HAMBRE EN CHINA PORQUE UN 37% DE LA TIERRA ESTÁ DEGRADADA."," Según la ONU, el hambre crecerá en China porque la tierra produce menos alimentos."
168,1,"El relator especial de la ONU sobre el derecho a la alimentación, Olivier de Schutter, afirmó que la seguridad alimentaria en China está ""amenazada"" por un descenso de los cultivos y la masiva degradación de la tierra. "," En China la tierra cada vez está más dañada. Por eso China produce menos alimentos. Debido a la falta de alimentos, el hambre crecerá en China."
168,2,"Tras terminar una misión en China, De Schutter destacó que China ha realizado ""notables progresos económicos y sociales"" y ha sacado de la pobreza a millones de personas en las tres últimas décadas."," China es un país que ha realizado grandes progresos sociales y económicos. Gracias a esos progresos, China ayudó a millones de personas a dejar de ser pobres en los últimos años."
168,3,"""En unas décadas, China ha sido capaz de alimentarse y alimentar a una quinta parte de toda la población mundial. ", China también alimentaba a millones de personas gracias a los alimentos de sus tierras.
168,4,"Eso es realmente impresionante"", apuntó.",
168,5,"Sin embargo, precisó que la reducción de las tierras cultivables y la ""masiva degradación"" del suelo pone en riesgo la capacidad de China para mantener los actuales niveles de producción agrícola, en tanto que la ""creciente brecha"" entre lo rural y lo urbano supone ""un reto importante"" para el derecho a la alimentación de la población china."," Sin embargo, las tierras que producen alimentos se han dañado. Por eso ahora China produce menos alimentos que antes."
169,0,LAS EMPRESAS INCUMPLEN LAS RECOMENDACIONES SOBRE REMUNERACIÓN DE CONSEJEROS., Las empresas no cumplen los consejos sobre el pago a consejeros.
169,1,"Las recomendaciones del Código Unificado menos seguidas son las relativas al régimen de aprobación y transparencia de las retribuciones de los consejeros, con un grado de seguimiento del 62,9 por ciento, tres décimas más que en 2008, y 14,4 puntos porcentuales menos que la media del código que fue de 77,3 por ciento. "," Según un informe sobre 2009, el consejo que menos cumplen las empresas es el del pago a consejeros."
169,2,El Informe Anual de Gobierno Corporativo de las entidades emisoras de valores elaborado por la Comisión Nacional del Mercado de Valores correspondiente al ejercicio de 2009 así lo dice.," Según un informe sobre 2009, el consejo que menos cumplen las empresas es el del pago a consejeros."
169,3,Destaca que las seis recomendaciones menos seguidas son las relativas a la información sobre los consejeros independientes que forman parte del consejo de administración y tres de las relativas a las retribuciones que perciben.," Según el informe, las empresas tampoco informan bien sobre los consejeros que ayudan en su administración. El informe afirma que las empresas no cumplen con el número de consejeros que deben tener. También afirma que las empresas no informan bien sobre los pagos a sus consejeros."
169,4,"En concreto, hacen referencia a la recomendación 12 relativa a la proporción entre consejeros dominicales e independientes; la 13, referida al número insuficiente de consejeros independientes; la 29, sobre la rotación de los consejeros independientes; la 40, relativa a la votación de la junta general del informe sobre política de retribuciones; la 41, sobre la transparencia de retribuciones individuales y la 54, de los miembros de la comisión de nombramientos y retribuciones.",
170,0,LOS ÁRBOLES MEDITERRÁNEOS PIERDEN EL DOBLE DE HOJAS QUE HACE 20 AÑOS POR EL CAMBIO CLIMÁTICO., Los árboles mediterráneos pierden muchas hojas por el cambio climático.
170,1,"El aumento de las sequías en las últimas décadas a causa del cambio climático ha duplicado la pérdida de hojas de los árboles mediterráneos, según un estudio de la Unidad de Ecología Global, del Consejo Superior de Investigaciones Científicas (CSIC) y el Centro de Investigación Ecológica y Aplicaciones Forestales. "," El Consejo Superior de Investigaciones Científicas y otros centros hicieron un estudio sobre los árboles mediterráneos. El estudio mostró que los árboles mediterráneos pierden más hojas que hace unos años. Según el estudio, los árboles pierden hojas por el cambio climático. El cambio climático hace que haya menos lluvias y los árboles necesitan la lluvia para crecer y tener hojas."
170,2,"El trabajo, publicado en la revista ""Proceedings of the National Academy of Sciences"" de los Estados Unidos, ha detectado que la superficie defoliada en la copa de los árboles de los bosques del sur de Europa se ha duplicado en los últimos 20 años.",
170,3,"Según el CSIC, este cambio se debe al calentamiento global, que está incrementando la frecuencia y severidad de fenómenos climáticos extremos, como las sequías.",
170,4,"Según explica el investigador del CSIC y director de la Unidad de Ecología Global, Josep Peñuelas, el aumento de la frecuencia e intensidad de los periodos de sequía en las últimas décadas en la Europa del sur y la cuenca mediterránea ha provocado ""un declive generalizado de la frondosidad de los árboles, en todas las especies"".",
171,0,ALIMENTOS POCO SALUDABLES PARA LOS NIÑOS., Alimentos poco sanos para los niños.
171,1,"La Organización Mundial de la Salud afirmó que los niños de todo el mundo están expuestos a la comercialización de alimentos ricos en grasa, azúcar o sal, lo que aumenta el desarrollo de enfermedades no transmisibles durante la vida de las generaciones más jóvenes. ", La Organización Mundial de la Salud afirmó que los niños del mundo comen alimentos poco sanos. Los alimentos poco sanos son los que tienen muchas grasas o mucho azúcar.
171,2,"Esta agencia de la ONU indicó que la publicidad en la televisión es responsable de una gran parte de la comercialización de alimentos poco saludables para los niños e influye en sus preferencias alimenticias, las solicitudes de compra y el consumo.", Esta organización afirmó que los niños comen alimentos poco sanos porque los ven en la publicidad de la televisión. La publicidad influye en que los niños quieran comprar o comer algunos alimentos.
171,3,"Por ello, instó a los países a tomar medidas para reducir la exposición de la comercialización de los alimentos poco saludables mediante la aplicación de un conjunto de medidas internacionalmente aprobadas."," Por eso, la organización pidió a los países que reduzcan la publicidad de los alimentos poco sanos."
171,4,"La OMS recordó que los países aprobaron el pasado mes de mayo una serie de recomendaciones sobre la comercialización de alimentos y bebidas no alcohólicas dirigida a los niños, con el fin de reducir la exposición de los menores a los anuncios que promueven los alimentos ricos en grasas saturadas, ácidos grasos, azúcares libres o sal.", La organización también recordó a los países que existe un acuerdo sobre los alimentos para niños. Ese acuerdo servía para controlar el consumo de alimentos poco sanos por los niños. Los países del mundo deben cumplir el acuerdo. Los países deben controlar el consumo de alimentos poco sanos.
172,0,LAS MEMORIAS DE JULIAN ASSANGE LLEGARÁN A ESPAÑA EN ABRIL., El libro de memorias de Julian Assange llegará a España en abril.
172,1,"El libro de memorias del fundador de WikiLeaks, Julian Assange, llegará a España el próximo mes de abril editadas por el sello Debate, según informó este viernes la editorial Random House Mondadori. ", Julian Assange es el fundador de Wikileaks.
172,2,"Esta editorial se ha hecho con los derechos mundiales en castellano del libro de Assange gracias a un acuerdo con la editorial británica Canongate, de manera que publicará las memorias del líder de WikiLeaks en España y en América Latina."," Ahora, una editorial inglesa publica el libro de memorias de Julian Assange en inglés. La editorial inglesa llegó a un acuerdo con la editorial española Mondadori para publicar esas memorias en español."
172,3,"El lanzamiento del libro será coordinado porque Canongate también ha vendido los derechos a las editoriales Feltrinelli (Italia), Kiepenheuerund Witsch (Alemania), Laffont (Francia), Text (Australia), De Geus (Holanda), Objectiva (Portugal), Font (Noruega), Norstedts (Suecia), Ara (Cataluña), Companhiadas Letras (Brasil) y Alfred A. Knopf (Estados Unidos)."," La editorial inglesa llegó a acuerdos con editoriales de distintos países de Europa. Por eso, las memorias se publicarán en toda Europa al mismo tiempo."
172,4,"A través de la obra, Assange explicará la filosofía que inspira a WikiLeaks, que ha adquirido relevancia internacional al haber difundido miles de documentos de la diplomacia estadounidense."," En sus memorias, Julian Assange explica cómo funciona Wikileaks."
172,5,"""Espero que este libro se convierta en uno de los documentos que definan a esta generación.", Julian Assange quiere que su libro de memorias sea muy importante para la generación actual.
172,6,"En esta obra, muy personal, explico nuestro esfuerzo global para forzar una nueva relación entre la gente y sus gobiernos"", asegura Assange."," Con Wikileaks, Julian Assange quiere crear una nueva relación entre la gente y los gobiernos."
173,0,LOS BIENES DECOMISADOS POR TRÁFICO DE DROGAS SERVIRÁN PARA ATENDER A DROGADICTOS., Las drogas ilegales que la policía recupere servirán para atender a drogadictos y para formar a profesionales.
173,1,"El Consejo de Ministros aprobó los criterios de distribución para 2011 del Fondo de Bienes Decomisados por tráfico ilícito de drogas y otros delitos relacionados, que servirá, por ejemplo, para sufragar la asistencia a drogodependientes y para formar a profesionales relacionados con este campo. ", El Gobierno aprobó cómo se usarán las drogas ilegales que la policía recupere. Estas drogas servirán para atender a drogadictos. Las drogas recogidas por la policía también servirán para formar a los profesionales que ayudan a los drogadictos.
173,2,"Según el acuerdo aprobado por el Gobierno, que sigue la misma tónica que en años anteriores, se autoriza a la Mesa de Coordinación de Adjudicaciones del Fondo a sufragar en 2011 con cargo a esta partida actividades de reducción de la demanda de drogas (programas de prevención de toxicomanías o asistencia a drogodependientes) y de sensibilización (atención a menores afectados o en situación de riesgo).", También se utilizarán para los programas de ayuda a los jóvenes en riesgo de tomar drogas.
173,3,"Igualmente, los bienes decomisados en 2011 servirán para ampliar la formación y el reciclaje profesional con proyectos de investigación en materia de drogodependencias que incluyan la perspectiva de género.", Las drogas recogidas también se utilizarán para investigar sobre las drogas.
174,0,LA SOCIEDAD GENERAL DE AUTORES CREA LA FIGURA DEL DEFENSOR DEL CLIENTE., La Sociedad General de Autores crea la figura del defensor del cliente.
174,1,"El presidente del Consejo de Dirección de la Sociedad General de Autores y Editores (SGAE), Teddy Bautista, anunció en el Foro de la Nueva  Cultura, organizado por Nueva Economía Fórum, que la entidad que preside creará la figura del Defensor del Cliente. ", El presidente de esta Sociedad anunció que creará una figura para defender también los derechos del cliente. Esta figura es el defensor del cliente.
174,2,"Bautista señaló que la creación de esta figura se enmarca dentro de un ambicioso plan, ""un decálogo que vamos a poner en marcha este año para adaptarnos a los nuevos tiempos, ya que esta sociedad se fundó hace 111 años""."," El presidente explicó que la Sociedad de Autores es una institución antigua. Por eso, se reformará para adaptar la Sociedad a los nuevos tiempos."
174,3,"""Vamos a hacer una campaña de información, divulgativa, en los medios de comunicación y en las redes sociales para que la sociedad sepa realmente lo que hace la SGAE, una campaña en la que primará la transparencia"", precisó Bautista."," La Sociedad General de Autores quiere que la gente sepa qué hace esta organización. Por eso, hará una campaña que dará información correcta y clara."
174,4,"Asimismo, explicó que se pondrá en marcha un ""código de buenas prácticas"" y que no realizará ninguna acción de carácter penal contra usuarios individuales en el ámbito digital."," El presidente de la Sociedad indicó que se crará un documento de reglas de comportamiento de la Sociedad General de Autores. Además, añadió que no denunciará a ninguna persona por delitos digitales."
175,0,LA POBLACIÓN DE LOS PAÍSES POBRES CRECE 38 VECES MÁS QUE LA DE LOS RICOS., La población de los países pobres crece más rápido que la población de los países ricos.
175,1,"Los países menos desarrollados agrupan a cerca del 82,1% de las personas que viven en el planeta, una tendencia creciente porque su población aumenta 38 veces más que la de los países ricos. ", Un estudio sobre la población mundial afirma que la mayoría de los habitantes del mundo vive en los países pobres. El estudio también afirma que la población de los países pobres crece más rápido que la población de los países ricos.
175,2,"Así figura en el ""Cuadro de datos de la población mundial 2010"", un informe elaborado por la Oficina de Referencia Democrática, organización con sede en Washington (Estados Unidos), y al que tuvo acceso Servimedia.",
175,3,"El estudio señala que la población mundial se aproxima a los 7.000 millones de habitantes y que la mayor parte del crecimiento demográfico del planeta se debe a los países en desarrollo, en tanto que las naciones más ricas continúan envejeciendo."," Además, en los países más ricos la población cada vez es más mayor."
175,4,"Así, mientras 5.700 millones de personas viven en los países pobres, casi 1.300 millones residen en las naciones más ricas.",
175,5,"Además, los países menos desarrollados han visto aumentar este año su población en más de 81 millones de personas, por los dos millones de los Estados ricos, lo que supone que el crecimiento demográfico en las regiones más desfavorecidas es 38 veces superior al de las más prósperas.",
176,0,LAS VENTAS DEL PEQUEÑO COMERCIO CAYERON UN 9% ESTAS NAVIDADES., Las tiendas pequeñas venden menos durante estas Navidades. 
176,1,"La campaña de Navidad y de Reyes cerró este año con un descenso en las ventas de los pequeños comercios y de los establecimientos familiares del 9% en comparación con el ejercicio anterior, según datos de la Federación Nacional de Asociaciones de Trabajadores Autónomos. "," Según una organización de vendedores de tiendas pequeñas, durante estas Navidades las tiendas pequeñas vendieron menos. "
176,2,"Sin embargo, el presidente de la citada asociación, Lorenzo Amor, subraya que esta caída en las ventas podría recuperarse en parte con el periodo de rebajas que comienza este viernes y que cada año supone cerca del 20% de la facturación total de estos comercios."," Sin embargo, la organización asegura que las tiendas pequeñas pueden recuperarse en las rebajas. "
176,3,"Las menores ventas en Navidad y Reyes han supuesto un incremento del ""stock"" de productos por lo que ""éstas rebajas van a ser más agresivas que ningún año, con descuentos que llegarán hasta el 70%"", dijo Amor."," La asociación también afirma que los precios serán muy bajos durante las próximas rebajas. Los precios serán más bajos porque las tiendas no vendieron muchas cosas en Navidad.  Durante las rebajas, las tiendas bajarán mucho los precios para poder vender todos los productos de Navidad.  "
176,4,"Asimismo, admitió que el descenso del 9% en las ventas ha sido ""más moderado de lo esperado"" y recalcó que en algunas comunidades como Cataluña, País Vasco, Navarra o Madrid, la facturación ha superado la del año anterior.",
177,0,LOS CICLISTAS PIDEN MÁS PROTECCIÓN., Los ciclistas piden más protección.
177,1,"El colectivo ConBici (Coordinadora Ibérica en Defensa de la Bici), que agrupa a unas 40 asociaciones ciclistas, reclamó a la Dirección General de Tráfico que amplíe la distancia de seguridad lateral de metro y medio cuando un vehículo adelanta a un ciclista, con el fin de reducir el número de accidentes entre los usuarios de bicicletas. "," Un grupo de ciclistas reclamó a la Dirección General de Tráfico que aumente la distancia entre un ciclista y un coche. Ahora, la distancia que debe haber entre un ciclista y un coche es de un metro y medio. Los ciclistas quieren que la Dirección de Tráfico aumente esta distancia."
177,2,"El portavoz de ConBici, Juan Merallo, hizo esta petición, en declaraciones a Servimedia, después de que dos ciclistas que circulaban en un grupo de 14 bicicletas murieran este domingo en la N-IV, a la altura de Los Palacios (Sevilla), tras ser arrollados por un conductor que no tenía carné ni seguro.", Los ciclistas reclaman esto porque dos ciclistas murieron en una carretera por un golpe de un coche. El conductor del coche no tenía permiso de conducir.
177,3,"Merallo afirmó que ""se está incumpliendo sistemáticamente"" la norma de que los automovilistas deben dejar un metro y medio de distancia entre coche y bici y denunció que ""no existe ninguna multa a ningún conductor"" por incumplir este precepto."," Los ciclistas también dijeron que la distancia entre ciclistas y coches no se cumple. Por eso, los ciclistan piden que se multe a los conductores que no respeten la distancia con los ciclistas."
177,4,"""La Guardia Civil nos ha dicho en varias ocasiones que son muy difíciles de medir"", añadió."," Según la Guardia Civil, no hay multas para los conductores porque la distancia es muy difícil de medir."
178,0,LA UNESCO ADVIERTE DEL DETERIORO DEL PATRIMONIO AUDIOVISUAL MUNDIAL., La ONU advierte del deterioro del material audiovisual del mundo.
178,1,"La Organización de Naciones Unidas para la Educación, las Ciencias y la Cultura ha advertido sobre el ""peligro"" que considera que se cierne sobre el patrimonio audiovisual mundial, y ha llamado a los estados miembros a aumentar los esfuerzos para ""revertir la negligencia y deterioro"" de ese tipo de documentos. "," El material audiovisual son películas, vídeos y material de la radio. La ONU advirtió de que el material audiovisual del mundo está en peligro. La ONU considera que el material audiovisual es parte de la cultura del mundo. Por eso, la ONU pide a los países que conserven y cuiden el material audiovisual."
178,2,"Con motivo del Día Mundial del Patrimonio Audiovisual, la directora general de este oranismo, Irina Bokova, ha difundido un mensaje en el que subraya que ""las películas, los vídeos, los materiales grabados de la radio y otros sonidos capturan para la posteridad la creatividad humana y son testimonios de la historia""."," Las películas, los vídeos y el material de la radio son importantes para la cultura del mundo. La ONU dijo que el material audiovisual es historia y arte."
178,3,"Pero alerta de que una buena cantidad de esos documentos se ha perdido para siempre ""por abandono, destrucción, deterioro químico u obsolescencia tecnológica, y que su desaparición representa el empobrecimiento irremediable de la memoria mundial"".", La ONU también avisó de que parte de ese material audiovisual se perdió para siempre porque no se conservó bien. La pérdida del material audiovisual representa la pérdida de parte de la memoria del mundo.
178,4,"Bokova insta a los estados, las ONG y las instituciones públicas y privadas a promover la sensibilización y el reconocimiento de la importancia de ese patrimonio y a apoyar los esfuerzos para preservarlo.", La ONU pidió a los países y a las organizaciones del mundo que reconozcan la importancia del material audiovisual. La ONU también pidió a los países que ayuden a conservar ese material audiovisual.
179,0,LA SEQUÍA AGRAVA LAS DOS DÉCADAS DE GUERRA EN SOMALIA., Somalia está en guerra desde hace 20 años. La sequía hace que la guerra sea peor para los habitantes de Somalia.
179,1,"Oxfam International afirmó que Somalia, que cumple esta semana dos décadas de guerra civil, sufre la peor sequía en años y cuenta con millones de personas en riesgo de hambre, por lo que reclamó un ""toque de atención"" a la comunidad internacional. "," La Organización Oxfam dijo que Somalia está en guerra desde hace 20 años. También recordó que los habitantes de Somalia sufren por la sequía y el hambre. Por eso, los habitantes de Somalia están en una situación muy difícil."
179,2,"El conflicto del país y la sequía han empujado a cientos de miles de somalíes ""más allá de su capacidad"" de supervivencia, según Oxfam.",
179,3,"Las regiones central y sur sufren los peores efectos, ya que en algunas áreas han caído como máximo un 15% de las lluvias habituales, en tanto que un 25% de la población de la región de Gedo del Sur padece desnutrición aguda, cifra que se eleva al 30% en la cercana Juba."," Por eso, los habitantes de Somalia no tienen alimentos."
179,4,"Además, la sequía ha diezmado rebaños y ha obligado a pastores indigentes a emigrar a las ciudades y aldeas en busca de ayuda."," La sequía también mata a muchos animales. Por eso, los habitantes se han marchado de sus ciudades para buscar agua y comida."
180,0,LAS VIVIENDAS LIBRES INICIADAS CAEN CASI UN 20% EN EL TERCER TRIMESTRE., La construcción de viviendas disminuye en los últimos meses de 2010.
180,1,"En el tercer trimestre de 2010 se inició en España la construcción de 13.377 viviendas libres, lo que supone un descenso del 19,8% con respecto al mismo periodo de 2009 y del 25,2% en relación a los tres meses precedentes. ", En los últimos meses de 2010 la construcción de viviendas disminuyó en España.
180,2,"Según informó el Ministerio de Fomento, en cuanto a las viviendas terminadas, entre julio y septiembre se finalizaron 42.690 viviendas libres, lo que representa una bajada del 48,9% y del 35,5% en tasa interanual e intertrimestral."," Según el Ministerio de Industria, en 2010 se construyeron la mitad de viviendas que en 2009."
180,3,"Seis comunidades autónomas concentraron el 64,7% de las viviendas iniciadas en el tercer trimestre: Andalucía (2.080), Castilla y León (1.841), Cataluña (1.330), Galicia (1.236), Castilla-La Mancha (1.102) y Madrid (1.068)."," La Comunidades Autónomas que construyeron más viviendas fueron Andalucía, Castilla y León, Cataluña, Galicia, Castilla La Mancha y Madrid."
180,4,"Por otra parte, en el tercer trimestre del 2010 se calificaron provisionalmente (planes estatales y autonómicos) 12.188 viviendas protegidas, un 25,8% menos que en el mismo trimestre del año anterior y un 25,6% menos que en el trimestre precedente.", La construcción de viviendas protegidas también disminuyó en los últimos meses de 2010.
180,5,"Entre julio y septiembre se calificaron definitivamente (planes estatales y autonómicos) 8.650 viviendas protegidas, lo que supone una disminución del 45,7% en tasa interanual.",
181,0,LOS COLEGIOS MÉDICOS PIDEN ACCESO URGENTE PARA LOS ENFERMOS TERMINALES A LA LEY DE DEPENDENCIA., Los médicos piden que la ley de dependencia incluya también a los enfermos que van a morir.
181,1,"La Organización Médica Colegial y la Sociedad Española de Cuidados Paliativos han pedido al Ministerio de Sanidad, Política Social e Igualdad que garantice el derecho de los pacientes en situación terminal a las prestaciones de la Ley de Dependencia, mediante un procedimiento de acceso urgente limitado en el tiempo a un máximo de seis meses. ", Una organización española de médicos pidió que los enfermos que van a morir tengan derecho a la ley de dependencia.
181,2,"Ésta es una de las 12 recomendaciones que las citadas organización y sociedad han hecho llegar a la ministra del ramo, Leire Pajín, y a los responsables de los grupos políticos, ante el proyecto de ley de cuidados paliativos y muerte digna que prepara el Ejecutivo.", El Gobierno prepara una ley sobre el cuidado de las personas que van a morir. La organización de médicos quiere que el Gobierno incluya en la ley de dependencia a las personas que van a morir.
181,3,"En el documento de propuestas, ambas organizaciones aseguran ver ""con satisfacción"" el anuncio de un proyecto de ley al respecto, e insisten en que los cuidados paliativos ""no pueden considerarse como un privilegio, sino como un derecho de todos los ciudadanos"".", La organización opina que las ayudas para las personas que van a morir son un derecho de todos los ciudadanos.
181,4,"Además, consideran que ""debe garantizarse el acceso equitativo a unos recursos de cuidados paliativos de calidad en todas las comunidades autónomas""."," Además, la organización pidió que estas ayudas tengan calidad y lleguen a todas las comunidades autónomas de España."
182,0,LA UNESCO LLEGA HOY A POMPEYA PARA EXAMINAR SU CONSERVACIÓN., La ONU va a Pompeya. La ONU estudia Pompeya para conservarla.
182,1,"Un grupo de expertos del Centro del Patrimonio Mundial de la Organización de las Naciones Unidas para la Educación, la Ciencia y la Cultura (Unesco) y del Consejo Internacional de Monumentos y Sitios llegará a Pompeya (Italia) para examinar el estado de conservación de este sitio, incluido en la lista del Patrimonio Mundial de la Humanidad. ", Un grupo de expertos de la ONU irá a Pompeya para observar el estado de la ciudad. La ONU quiere conservar Pompeya porque forma parte de la cultura del mundo.
182,2,"La misión llegará después de que a principios del pasado mes de noviembre se destruyera la ""Schola Armaturarum"" y anteayer y ayer ocurrieran otros derrumbes, entre ellos el mundo de la Casa del Moralista."," En noviembre, algunas partes de Pompeya se destruyeron."
182,3,"Este grupo de seguimiento buscará identificar los peligros potenciales para otras estructuras presentes de Pompeya y posibles medidas de protección, como la puesta en marcha de dispositivos legales y de gestión para evitar incidentes futuros.", Los expertos buscarán otros edificios de Pompeya que tengan peligro de caerse. También buscarán soluciones para proteger Pompeya de futuros accidentes.
182,4,"La misión estudiará también el impacto de estos derrumbamientos en la integridad, la autenticidad y el valor universal excepcional del sitio.",
182,5,"Los expertos presentarán un informe de esta misión en la próxima reunión del Comité del Patrimonio Mundial, que tendrá lugar en Bahrein en junio de 2011.", Los expertos presentarán un informe sobre Pompeya en la próxima reunión sobre la cultura del mundo. Esta reunión será en junio de 2011.
183,0,"LA UE DESTINA 1,5 MILLONES PARA LAS VÍCTIMAS DE LA SEQUÍA EN BOLIVIA.", La sequía afecta a miles de personas en una región de Bolivia.
183,1,"La Comisión Europea ha destinado 1,5 millones de euros para proporcionar ayuda humanitaria a unas 25.000 personas de zonas rurales afectadas por la sequía en la región del Chaco boliviano. ", Europa da más de un millón de euros para ayudar a los habitantes de Bolivia. El dinero de Europa servirá para llevar agua y comida a la región de Bolivia donde hay sequía.
183,2,Esta respuesta será multisectorial e integrará medidas para reducir la vulnerabilidad en futuras sequías y aumentar la capacidad de las comunidades de enfrentarse a este tipo de fenómenos.,
183,3,"La comisaria de Cooperación Internacional, Ayuda Humanitaria y Respuesta a las Crisis, Kristalina Georgieva, afirmó hoy que ""el cambio climático provocará crisis similares en el futuro, a menos que se ponga remedio"".", La Organización Cooperación Interancional afirmó que el cambio climático producirá más sequías como la de Bolivia.
183,4,"""Debemos intentar evitar la repetición de tales situaciones siempre que sea posible. ", Esta organización también afirmó que hay que parar el cambio climático para que no aumenten las sequías.
183,5,"De este modo, ayudaremos a la gente a mejorar su vida, en vez de que tengan que empezar desde cero después de cada tragedia"", añadió."," Sin las sequías, la vida de las personas mejorará."
183,6,"La ayuda de la Comisión Europea se centrará en el agua (transporte de agua por carretera y rehabilitación de las cuencas fluviales e instalaciones de almacenamiento de agua) y la subsistencia (distribución de vales de comida, semillas, vitaminas y sales, rehabilitación de suelos y mejora de las prácticas de producción y posteriores a la cosecha).", El cambio climático es el cambio que sufre la Tierra por el aumento de la temperatura y la contaminación.
184,0,LISSAVETZKY DEFIENDE SU GESTIÓN A FAVOR DEL JUEGO LIMPIO EN EL DEPORTE., El secretario de Estado para el Deporte se siente satisfecho de defender el juego limpio en el deporte español.
184,1,"El secretario de Estado para el Deporte, Jaime Lissavetzky, afirmó sentirse satisfecho de haber defendido durante sus siete años como máximo responsable deportivo español sus conviciones de apostar por el juego limpio en tres facetas: El dopaje; la violencia, la xenofobia y el racismo, y el fraude. "," El secretario de Estado para el Deporte dijo que se sentía satisfecho de sus 7 años como responsable del deporte español. También dijo que se sentía satisfecho de defender el juego limpio en relación con el dopaje, el racismo y el fraude."
184,2,"Así lo destacó Lissavetzky en el tradicional encuentro navideño con los periodistas en la sede del Consejo Superior de Deportes (CSD), en Madrid, donde acudió flanqueado por sus más directos colaboradores: El director general de Deportes, Albert Soler; el director de la Agencia Estatal Antidopaje, Francisco Javier Martín del Burgo, y la directora general de Infraestructuras Deportivas, Matilde García Duarte.", El secretario de Estado para el Deporte dijo todo esto en un encuentro con periodistas en Navidad.
184,3,"Lissavetzky destacó que en los siete años que lleva de mandato ha intentado combatir tres lacras señaladas en una oleada del Eurobarómetro (dopaje; violencia, xenofobia y racismo, y fraude) y recordó que en todas ellas ha impulsado cambios legislativos."," El secretario dijo que defendió el juego limpio en sus 7 años como responsable del deporte español. También luchó contra el dopaje, el racismo y el fraude en el deporte español."
184,4,"Estoy satisfecho de haber defendido esas convicciones de juego limpio en el deporte, añadió."," Por eso, el secretario de Estado para el Deporte dijo que estaba satisfecho de esos 7 años como responsable del deporte."
185,0,LOS ESPECIALISTAS ALERTAN DE QUE EL ASMA SE AGRAVA EN OTOÑO., Los especialistas advierten que el asma es peor en otoño.
185,1,"El 10% de la población infantil española padece asma, una enfermedad que se agrava en septiembre, coincidiendo con la vuelta al cole y también con la llegada del otoño, cuando los niños están más expuestos a infecciones virales respiratorias, causa de la afección. ", Muchos niños sufren asma. Una doctora ha dicho que los niños cogen más enfermedades relacionadas con el asma en el colegio. Otra doctora explicó que los niños cogen más enfermedades cuando vuelven al colegio en septiembre.
185,2,"Elena Alonso, especialista en Pediatría y Alergias del Hospital Materno Infantil del Gregorio Marañón, alertó de que en septiembre, con el cambio de clima, ""se favorece la transmisión de las infecciones por virus que afectan al aparato respiratorio"" y con ello la proliferación de los casos de asma.",
185,3,"Además, añadió Adelaida Lamas, neumóloga pediatra del Hospital Universitario Ramón y Cajal, ""el colegio y las guarderías favorecen el contagio entre los niños después de un periodo, como es el verano, en el que no han estado expuestos a estímulos virales"".", Los niños tienen más riesgo de sufrir asma cuando están con otros niños que pueden pegarles enfermedades.
185,4,"No en vano, según los expertos, en septiembre se producen entre el 20 y el 25% de las crisis asmáticas que precisan hospitalización."," Según los expertos, muchos niños tienen que ir al hospital en septiembre por el asma."
186,0,"LO MEJOR DEL GÉNERO CHICO, EN LA X GALA SOLIDARIA DE ZARZUELA DE AÑO NUEVO.", Las mejores obras de teatro se representan en la fiesta solidaria de zarzuela de Año Nuevo.
186,1,"La Orquesta Sinfónica Chamartín, 10 solistas de prestigio internacional y más de 100 voces del Coro Talía participan en Madrid en la décima Gala Solidaria de Zarzuela de Año Nuevo, cuya recaudación se destinará a la Fundación Inocente, Inocente. "," Una orquesta y más de cien cantantes participan en la fiesta solidaria de zarzuela de Año Nuevo. El dinero recogido en la fiesta será para la Fundación Inocente, Inocente."
186,2,"Los fondos serán a su vez entregados al programa de intervención y acompañamiento a menores vulnerables que Cáritas Madrid realiza en el Centro del Menor San Matías, en Hortaleza."," La Fundación Inocente, Inocente dará el dinero a un programa de Cáritas Madrid."
186,3,"La actuación contará con tres sopranos, cuatro tenores, dos barítonos y un bajo, que serán dirigidos por la maestra Silvia Sanz Torre.",
186,4,"Entre otras zarzuelas, interpretarán ""El gato montés"", ""La verbena de la Paloma"" y ""El baile de Luis Alonso"", con fragmentos tan conocidos como ""Las coplas de don Hilarión"", ""El canto a Murcia de la Parranda"" o ""El brindis de Marina"".", En la fiesta solidaria se interpretarán zarzuelas muy conocidas.
186,5,"El presidente de Iberia, Antonio Vázquez, será la sorpresa de la gala, en su faceta menos conocida de tenor lírico.", El presidente de Iberia participará en la fiesta como cantante.
187,0,LA UE QUIERE SACAR DE LA POBREZA A 20 MILLONES DE PERSONAS HASTA 2020., Europa quiere ayudar a millones de personas a dejar de ser pobres.
187,1,"La Comisión Europea se propone sacar de la pobreza y la exclusión social a al menos 20 millones de personas hasta 2020, objetivo aprobado en una comunicación sobre la Plataforma Europea contra la Pobreza y la Exclusión Social, una de las siete iniciativas emblemáticas de la Estrategia Europa 2020, con la que los líderes de la UE quieren fijar metas para salir de la crisis. "," Europa quiere salir de la crisis. Para ello, Europa fijó unos objetivos que debe cumplir antes de 2020. Un objetivo es ayudar a millones de personas a dejar de ser pobres."
187,2,"Más de 80 millones de europeos viven en riesgo de pobreza, de los que una cuarta parte son niños. La crisis económica ha acentuado esta situación y ha dejado más expuestos a los grupos vulnerables.", La crisis hizo que estas personas pobres estén en peor situación que antes.
187,3,"En pleno Año Europeo de Lucha contra la Pobreza y la Exclusión Social, los líderes de la UE, a propuesta de la Comisión Europea, han acordado el objetivo numérico concreto de sacar de la pobreza a un mínimo de 20 millones de personas en los próximos 10 años.", Europa quiere ayudar a estar personas pobres para que en 2020 su situación sea mejor.
187,4,Esta propuesta incluye medidas para ayudar a los Estados miembro a acelerar la lucha contra la exclusión social y los países tienen que fijar objetivos nacionales e informar anualmente de sus avances.,
188,0,LOS ASESINOS ACUSADOS POR VIOLENCIA DE GÉNERO SON CONDENADOS DE MEDIA A 18 AÑOS DE CÁRCEL Y MULTA DE 217.500 EUROS., Las personas que matan a sus parejas tienen que pasar 20 años aproximadamente en la cárcel. También tienen que pagar más de 200 mil euros de sanción.
188,1,"Las personas que asesinan a sus parejas o ex parejas cumplen una media de 18 años de prisión y deben hacer frente a una responsabilidad civil que supone como media 217.150 euros, según se desprende del estudio sobre las 45 sentencias dictadas por los Tribunales del Jurado y las Audiencias Provinciales de toda España a lo largo de 2009. ", Un estudio sobre los Tribunales en España en 2009 analizó las sanciones para las personas que matan a sus parejas. El estudio mostró que las personas que matan a sus parejas pasan 20 años en la cárcel. También tienen que pagar más de 200 mil euros.
188,2,"Este estudio ha sido realizado por el Grupo de Expertos en Violencia Doméstica y de Género del Consejo General del Poder Judicial, con la colaboración de Miguel Lorente.", Este estudio lo realizó un grupo de expertos en violencia de género.
188,3,En el informe se analizan las sentencias dictadas en casos de homicidios y asesinatos consumados en el ámbito de la pareja o ex pareja de los que son autores hombres o mujeres.,
188,4,"En este sentido, 43 de las 45 sentencias fueron condenatorias (el 95,5%).",
188,5,"En las dos restantes (el 4,5%) se estimó que concurría una circunstancia eximente completa de la responsabilidad criminal del acusado, que derivó en internamientos psiquiátricos.",
189,0,LOS ESPECIALISTAS PIDEN TRATAMIENTOS DE DESHABITUACIÓN TABÁQUICA PARA PERSONAS CON ENFERMEDAD MENTAL., Los especialistas piden tratamientos para que las personas con enfermedades mentales dejen de fumar.
189,1,"Los psiquiatras apuestan por que la sanidad pública pague los tratamientos de deshabituación tabáquica a los enfermos mentales, un grupo de población sin muchos recursos económicos en general y con una prevalencia de tabaquismo, dicen, de dos a tres veces superior a la del resto de la ciudadanía. ", Los especialistas en enfermedades mentales piden que el Gobierno pague los tratamientos para que los enfermos mentales dejen de fumar. Los especialistas dicen que los enfermos mentales tienen más riesgo de fumar que otras personas.  Los especialistas dicen también que los enfermos mentales no tienen muchos recursos económicos.
189,2,"Los especialistas en Psiquiatría deberán promover más las deshabituaciones de la nicotina, ""con el apoyo de los costes por parte del Sistema Nacional de Salud, ya que la mayoría de los enfermos mentales graves no disponen de medios económicos para financiarse los tratamientos"", según el presidente de la Sociedad Española de Psiquiatría Biológica, Julio Bobes.", Por eso los enfermos mentales no pueden pagar el tratamiento para dejar de fumar. Los especialistas deben tener el apoyo del Gobierno para ayudar a los enfermos mentales a dejar de fumar.
189,3,"Esta sociedad profesional ha hecho público un comunicado conjunto con la Sociedad Española de Psiquiatría y la Fundación Española de Psiquiatría y Salud Mental, en el que se apoya la reforma de la norma del tabaco, que entró en vigor el pasado 2 de enero, ""por ser una ley de alto valor poblacional"".", Estos especialistas apoyaron la reforma de la ley del tabaco.
190,0,LOS AUTOMOVILISTAS SE VEN INDEFENSOS ANTE LA SUBIDA DEL CARBURANTE., El precio del combustible sube mucho.
190,1,"Las asociaciones de conductores Real Automóvil Club de España (RACE), Automovilistas Europeos Asociados y Comisariado Europeo del Automóvil vaticinan que la escalada en el precio de los carburantes, que ha alcanzado su máximo histórico, hará que los coches descansen más y se reduzcan las veces que los conductores se pongan ante el volante, al tiempo que se ven ""indefensos"" ante las petroleras. "," Según una asociación de conductores, el precio del combustible subió mucho. Esta asociación también dijo que los conductores harán menos viajes en coche por el alto precio del combustible. Además, la asociación afirmó que los conductores no pueden evitar que el precio del combustible suba mucho."
190,2,"En declaraciones a Servimedia, el director de Seguridad Vial del RACE, Tomás Santa Cecilia, subrayó que la subida de los carburantes produce ""un recorte en la economía familiar"" que conllevará una reducción en los desplazamientos.", El director de la asociación de conductores afirmó que el alto precio del combustible reducirá los viajes en coche.
190,3,"Además, Santa Cecilia pidió al Gobierno que dé ""una explicación"" sobre el incremento del precio de los combustibles cuando el barril de crudo ha descendido respecto del anterior máximo histórico de las gasolinas y gasóleos, en 2008, y afirmó que los 25 millones de conductores en España se sienten ""indefensos"" ante esta situación."," Además, el director pidió al Gobierno que explique por qué sube mucho el precio del combustible. El director también afirmó que los conductores españoles no pueden defenderse del alto precio del combustible."
190,4,"Por otro lado, el presidente de AEA, Mario Arnaldo, aseguró que los automovilistas aceptaron y ""asumieron"" las anteriores subidas de los carburantes, y ""este máximo histórico va a determinar una reducción del consumo del carburante"".",
191,0,LOS ÓPTICOS ADVIERTEN DE QUE ALGUNOS JUGUETES PUEDEN SER PERJUDICIALES PARA LA VISTA., Los ópticos dicen que algunos juguetes pueden ser malos para la vista.
191,1,"El Colegio Nacional de Ópticos-Optometristas ha pedido a los Reyes Magos, coincidiendo con las fechas navideñas, que tengan cuidado con los juguetes que dejan a los niños, ya que en algunos casos pueden representar una amenaza para sus ojos por tener partes afiladas y otros como los microscopios o prismáticos requieren durante su uso de la supervisión constante de un adulto. "," El colectivo nacional de ópticos recordó a los padres que algunos juguetes son malos para la vista. En Navidad, los padres regalan juguetes a los niños. Los ópticos recuerdan que los juguetes que tienen punta o cristales son malos para la vista."
191,2,"Los juguetes con lentes o espejos que puedan concentrar la luz, como lupas, telescopios, microscopios o prismáticos, ""pueden provocar quemaduras graves en los ojos si no se utilizan de forma adecuada y bajo la supervisión constante de un adulto"", advierten estos profesionales sobre el potencial peligro."," Los juguetes con cristales o espejos concentran la luz y pueden quemar los ojos. Por eso, los niños tienen que utilizar estos juguetes con ayuda de un adulto."
191,3,"Del mismo modo, recuerdan a los Reyes que hay que tener ""mucho cuidado"" con los LED (diodos emisores de luz) que pueden encontrarse en algunos juguetes e incluso en la iluminación navideña."," Los juguetes con luces también son peligrosos. Si los niños miran directamente a las luces de los juguetes, se harán daño en los ojos."
192,0,LOS CAZADORES RECLAMAN A RUBALCABA QUE NO APRUEBE UN REGLAMENTO DE ARMAS QUE PONE EN PELIGRO SU ACTIVIDAD., Los cazadores piden a Rubalcaba que no apruebe una ley sobre armas.
192,1,"Las dos principales organizaciones que representan a los cazadores de España pidieron al vicepresidente y ministro del Interior, Alfredo Pérez Rubalcaba, que no apruebe un borrador de Reglamento de Armas que se está manejando, proyecto que los seguidores de la actividad cinegética consideran un ataque directo contra ellos. ", Rubalcaba es el Ministro del Interior. Rubalcaba puede aprobar una ley que prohibe tener armas. Esta ley perjudica a la caza y a los cazadores españoles.
192,2,La Real Federación Española de Caza y Oficina Nacional de la Caza difundieron un comunicado en el que aseguran que existe un clamor entre los cazadores para que no se apruebe este borrador de Reglamento de Armas., La Real Federación Española de Caza comunicó la nueva ley a los cazadores. La Feredación quiere que todos los cazadores españoles se unan y se quejen contra la ley.
192,3,"Según estas organizaciones, muchas empresas armeras del país verán amenaza su continuidad si dicho reglamento ve la luz conforme al borrador publicado."," Según la Federación, si Rubalcaba aprueba la ley, muchas empresas que fabrican armas cerrarán."
192,4,"En este sentido, el presidente de la Oficina Nacional de la Caza, Juan Antonio Sarasketa, aseguró que este proyecto de reglamento imposibilita la posesión y uso de armas, con lo cual atenta de forma directa contra miles de puestos de trabajo, en un sector que es el que está consiguiendo el mantenimiento de muchas zonas rurales de España"".", El presidente de la Oficina Nacional de Caza opinó sobre la nueva ley. El presdente afirmó que se perderán muchos puestos de trabajo relacionados con la caza con esa ley. El presidente también dijo que la caza mantiene zonas de España que no tienen otra actividad económica.
193,0,LOS CONSUMIDORES PIDEN A INDUSTRIA QUE EL INCREMENTO GLOBAL DEL RECIBO DE LA LUZ NO SUPERE EL 2% EN 2011, Los consumidores piden al Ministerio de Industria que el precio de la luz no suba mucho en 2011.
193,1,"El Consejo de Consumidores y Usuarios (CCU) pedirá al Ministerio de Industria, Turismo y Comercio que los incrementos globales de la tarifa eléctrica de último recurso (TUR) para el año 2011 no superen el 2%.", El Consejo de Consumidores pedirá al Ministerio de Industria que el precio de la luz no suba mucho en 2011.
193,2,Esta organización instará al Ministerio a revisar los criterios que fijan los costes eléctricos para garantizar que éstos se adecúen a los costes de producción., Este Consejo pedirá al Ministerio que revise los precios de la luz que ponen las empresas eléctricas.
193,3,"Ante los rumores de que el próximo mes de enero las tarifas eléctricas se incrementarán en torno al 10% para los consumidores, el Consejo de Consumidores y Usuarios, presidido por Francisca Sauquillo, ha indicado que ""es inaceptable un incremento de la Tarifa de Último Recurso (TUR), que afecta a la mayoría de los hogares españoles, que supere el índice de precios al consumo""."," Por eso, el Consejo de Consumidores se ha quejado. Este Consejo dice que si el precio de la luz sube mucho, la mayoría de los hogares españoles estarán afectados."
193,4,"Recuerda que en estos tres últimos años las tarifas de energía (gas y electricidad) han subido más del 30%, transformándose en uno de los principales costes de los hogares españoles, en un contexto de crisis económica."," Este Consejo también recuerda que los precios de la energía han subido mucho en los últimos años. Por eso, el gasto de energía es ahora uno de los gastos más grandes de los hogares españoles."
